-- =========================================================================
-- Random Town Invasion System Database Migration
-- Generates events, weenies, profiles, and town placements
-- =========================================================================

-- Cleanup existing town invasion objects
DELETE FROM `weenie` WHERE `class_Id` BETWEEN 777700400 AND 777700474;
DELETE FROM `weenie_properties_int` WHERE `object_Id` BETWEEN 777700400 AND 777700474;
DELETE FROM `weenie_properties_bool` WHERE `object_Id` BETWEEN 777700400 AND 777700474;
DELETE FROM `weenie_properties_string` WHERE `object_Id` BETWEEN 777700400 AND 777700474;
DELETE FROM `weenie_properties_float` WHERE `object_Id` BETWEEN 777700400 AND 777700474;
DELETE FROM `weenie_properties_d_i_d` WHERE `object_Id` BETWEEN 777700400 AND 777700474;
DELETE FROM `weenie_properties_generator` WHERE `object_Id` BETWEEN 777700400 AND 777700474;
DELETE FROM `event` WHERE `Name` LIKE 'Invasion_%';
DELETE FROM `landblock_instance` WHERE `weenie_Class_Id` BETWEEN 777700400 AND 777700474;
-- 1. Register Events
INSERT INTO `event` (`Name`, `State`, `start_Time`, `end_Time`) VALUES
  ('Invasion_Al-Arqas_Shadow', 0, -1, -1),
  ('Invasion_Al-Arqas_Tusker', 0, -1, -1),
  ('Invasion_Al-Arqas_Olthoi', 0, -1, -1),
  ('Invasion_Al-Jalima_Shadow', 0, -1, -1),
  ('Invasion_Al-Jalima_Tusker', 0, -1, -1),
  ('Invasion_Al-Jalima_Olthoi', 0, -1, -1),
  ('Invasion_Arwic_Shadow', 0, -1, -1),
  ('Invasion_Arwic_Tusker', 0, -1, -1),
  ('Invasion_Arwic_Olthoi', 0, -1, -1),
  ('Invasion_Baishi_Shadow', 0, -1, -1),
  ('Invasion_Baishi_Tusker', 0, -1, -1),
  ('Invasion_Baishi_Olthoi', 0, -1, -1),
  ('Invasion_Cragstone_Shadow', 0, -1, -1),
  ('Invasion_Cragstone_Tusker', 0, -1, -1),
  ('Invasion_Cragstone_Olthoi', 0, -1, -1),
  ('Invasion_Eastham_Shadow', 0, -1, -1),
  ('Invasion_Eastham_Tusker', 0, -1, -1),
  ('Invasion_Eastham_Olthoi', 0, -1, -1),
  ('Invasion_Glenden Wood_Shadow', 0, -1, -1),
  ('Invasion_Glenden Wood_Tusker', 0, -1, -1),
  ('Invasion_Glenden Wood_Olthoi', 0, -1, -1),
  ('Invasion_Hebian-to_Shadow', 0, -1, -1),
  ('Invasion_Hebian-to_Tusker', 0, -1, -1),
  ('Invasion_Hebian-to_Olthoi', 0, -1, -1),
  ('Invasion_Holtburg_Shadow', 0, -1, -1),
  ('Invasion_Holtburg_Tusker', 0, -1, -1),
  ('Invasion_Holtburg_Olthoi', 0, -1, -1),
  ('Invasion_Kara_Shadow', 0, -1, -1),
  ('Invasion_Kara_Tusker', 0, -1, -1),
  ('Invasion_Kara_Olthoi', 0, -1, -1),
  ('Invasion_Khayyaban_Shadow', 0, -1, -1),
  ('Invasion_Khayyaban_Tusker', 0, -1, -1),
  ('Invasion_Khayyaban_Olthoi', 0, -1, -1),
  ('Invasion_Lytelthorpe_Shadow', 0, -1, -1),
  ('Invasion_Lytelthorpe_Tusker', 0, -1, -1),
  ('Invasion_Lytelthorpe_Olthoi', 0, -1, -1),
  ('Invasion_Mayoi_Shadow', 0, -1, -1),
  ('Invasion_Mayoi_Tusker', 0, -1, -1),
  ('Invasion_Mayoi_Olthoi', 0, -1, -1),
  ('Invasion_Nanto_Shadow', 0, -1, -1),
  ('Invasion_Nanto_Tusker', 0, -1, -1),
  ('Invasion_Nanto_Olthoi', 0, -1, -1),
  ('Invasion_Neydisa_Shadow', 0, -1, -1),
  ('Invasion_Neydisa_Tusker', 0, -1, -1),
  ('Invasion_Neydisa_Olthoi', 0, -1, -1),
  ('Invasion_Rithwic_Shadow', 0, -1, -1),
  ('Invasion_Rithwic_Tusker', 0, -1, -1),
  ('Invasion_Rithwic_Olthoi', 0, -1, -1),
  ('Invasion_Samsur_Shadow', 0, -1, -1),
  ('Invasion_Samsur_Tusker', 0, -1, -1),
  ('Invasion_Samsur_Olthoi', 0, -1, -1),
  ('Invasion_Sawato_Shadow', 0, -1, -1),
  ('Invasion_Sawato_Tusker', 0, -1, -1),
  ('Invasion_Sawato_Olthoi', 0, -1, -1),
  ('Invasion_Shoushi_Shadow', 0, -1, -1),
  ('Invasion_Shoushi_Tusker', 0, -1, -1),
  ('Invasion_Shoushi_Olthoi', 0, -1, -1),
  ('Invasion_Stonehold_Shadow', 0, -1, -1),
  ('Invasion_Stonehold_Tusker', 0, -1, -1),
  ('Invasion_Stonehold_Olthoi', 0, -1, -1),
  ('Invasion_Tufa_Shadow', 0, -1, -1),
  ('Invasion_Tufa_Tusker', 0, -1, -1),
  ('Invasion_Tufa_Olthoi', 0, -1, -1),
  ('Invasion_Uziz_Shadow', 0, -1, -1),
  ('Invasion_Uziz_Tusker', 0, -1, -1),
  ('Invasion_Uziz_Olthoi', 0, -1, -1),
  ('Invasion_Yanshi_Shadow', 0, -1, -1),
  ('Invasion_Yanshi_Tusker', 0, -1, -1),
  ('Invasion_Yanshi_Olthoi', 0, -1, -1),
  ('Invasion_Yaraq_Shadow', 0, -1, -1),
  ('Invasion_Yaraq_Tusker', 0, -1, -1),
  ('Invasion_Yaraq_Olthoi', 0, -1, -1),
  ('Invasion_Zaikhal_Shadow', 0, -1, -1),
  ('Invasion_Zaikhal_Tusker', 0, -1, -1),
  ('Invasion_Zaikhal_Olthoi', 0, -1, -1);

-- 2. Weenie Core Registrations
INSERT INTO `weenie` (`class_Id`, `class_Name`, `type`, `last_Modified`) VALUES
  (777700400, 'invasion_spawner_Al-Arqas_Shadow', 1, NOW()),
  (777700401, 'invasion_spawner_Al-Arqas_Tusker', 1, NOW()),
  (777700402, 'invasion_spawner_Al-Arqas_Olthoi', 1, NOW()),
  (777700403, 'invasion_spawner_Al-Jalima_Shadow', 1, NOW()),
  (777700404, 'invasion_spawner_Al-Jalima_Tusker', 1, NOW()),
  (777700405, 'invasion_spawner_Al-Jalima_Olthoi', 1, NOW()),
  (777700406, 'invasion_spawner_Arwic_Shadow', 1, NOW()),
  (777700407, 'invasion_spawner_Arwic_Tusker', 1, NOW()),
  (777700408, 'invasion_spawner_Arwic_Olthoi', 1, NOW()),
  (777700409, 'invasion_spawner_Baishi_Shadow', 1, NOW()),
  (777700410, 'invasion_spawner_Baishi_Tusker', 1, NOW()),
  (777700411, 'invasion_spawner_Baishi_Olthoi', 1, NOW()),
  (777700412, 'invasion_spawner_Cragstone_Shadow', 1, NOW()),
  (777700413, 'invasion_spawner_Cragstone_Tusker', 1, NOW()),
  (777700414, 'invasion_spawner_Cragstone_Olthoi', 1, NOW()),
  (777700415, 'invasion_spawner_Eastham_Shadow', 1, NOW()),
  (777700416, 'invasion_spawner_Eastham_Tusker', 1, NOW()),
  (777700417, 'invasion_spawner_Eastham_Olthoi', 1, NOW()),
  (777700418, 'invasion_spawner_Glenden Wood_Shadow', 1, NOW()),
  (777700419, 'invasion_spawner_Glenden Wood_Tusker', 1, NOW()),
  (777700420, 'invasion_spawner_Glenden Wood_Olthoi', 1, NOW()),
  (777700421, 'invasion_spawner_Hebian-to_Shadow', 1, NOW()),
  (777700422, 'invasion_spawner_Hebian-to_Tusker', 1, NOW()),
  (777700423, 'invasion_spawner_Hebian-to_Olthoi', 1, NOW()),
  (777700424, 'invasion_spawner_Holtburg_Shadow', 1, NOW()),
  (777700425, 'invasion_spawner_Holtburg_Tusker', 1, NOW()),
  (777700426, 'invasion_spawner_Holtburg_Olthoi', 1, NOW()),
  (777700427, 'invasion_spawner_Kara_Shadow', 1, NOW()),
  (777700428, 'invasion_spawner_Kara_Tusker', 1, NOW()),
  (777700429, 'invasion_spawner_Kara_Olthoi', 1, NOW()),
  (777700430, 'invasion_spawner_Khayyaban_Shadow', 1, NOW()),
  (777700431, 'invasion_spawner_Khayyaban_Tusker', 1, NOW()),
  (777700432, 'invasion_spawner_Khayyaban_Olthoi', 1, NOW()),
  (777700433, 'invasion_spawner_Lytelthorpe_Shadow', 1, NOW()),
  (777700434, 'invasion_spawner_Lytelthorpe_Tusker', 1, NOW()),
  (777700435, 'invasion_spawner_Lytelthorpe_Olthoi', 1, NOW()),
  (777700436, 'invasion_spawner_Mayoi_Shadow', 1, NOW()),
  (777700437, 'invasion_spawner_Mayoi_Tusker', 1, NOW()),
  (777700438, 'invasion_spawner_Mayoi_Olthoi', 1, NOW()),
  (777700439, 'invasion_spawner_Nanto_Shadow', 1, NOW()),
  (777700440, 'invasion_spawner_Nanto_Tusker', 1, NOW()),
  (777700441, 'invasion_spawner_Nanto_Olthoi', 1, NOW()),
  (777700442, 'invasion_spawner_Neydisa_Shadow', 1, NOW()),
  (777700443, 'invasion_spawner_Neydisa_Tusker', 1, NOW()),
  (777700444, 'invasion_spawner_Neydisa_Olthoi', 1, NOW()),
  (777700445, 'invasion_spawner_Rithwic_Shadow', 1, NOW()),
  (777700446, 'invasion_spawner_Rithwic_Tusker', 1, NOW()),
  (777700447, 'invasion_spawner_Rithwic_Olthoi', 1, NOW()),
  (777700448, 'invasion_spawner_Samsur_Shadow', 1, NOW()),
  (777700449, 'invasion_spawner_Samsur_Tusker', 1, NOW()),
  (777700450, 'invasion_spawner_Samsur_Olthoi', 1, NOW()),
  (777700451, 'invasion_spawner_Sawato_Shadow', 1, NOW()),
  (777700452, 'invasion_spawner_Sawato_Tusker', 1, NOW()),
  (777700453, 'invasion_spawner_Sawato_Olthoi', 1, NOW()),
  (777700454, 'invasion_spawner_Shoushi_Shadow', 1, NOW()),
  (777700455, 'invasion_spawner_Shoushi_Tusker', 1, NOW()),
  (777700456, 'invasion_spawner_Shoushi_Olthoi', 1, NOW()),
  (777700457, 'invasion_spawner_Stonehold_Shadow', 1, NOW()),
  (777700458, 'invasion_spawner_Stonehold_Tusker', 1, NOW()),
  (777700459, 'invasion_spawner_Stonehold_Olthoi', 1, NOW()),
  (777700460, 'invasion_spawner_Tufa_Shadow', 1, NOW()),
  (777700461, 'invasion_spawner_Tufa_Tusker', 1, NOW()),
  (777700462, 'invasion_spawner_Tufa_Olthoi', 1, NOW()),
  (777700463, 'invasion_spawner_Uziz_Shadow', 1, NOW()),
  (777700464, 'invasion_spawner_Uziz_Tusker', 1, NOW()),
  (777700465, 'invasion_spawner_Uziz_Olthoi', 1, NOW()),
  (777700466, 'invasion_spawner_Yanshi_Shadow', 1, NOW()),
  (777700467, 'invasion_spawner_Yanshi_Tusker', 1, NOW()),
  (777700468, 'invasion_spawner_Yanshi_Olthoi', 1, NOW()),
  (777700469, 'invasion_spawner_Yaraq_Shadow', 1, NOW()),
  (777700470, 'invasion_spawner_Yaraq_Tusker', 1, NOW()),
  (777700471, 'invasion_spawner_Yaraq_Olthoi', 1, NOW()),
  (777700472, 'invasion_spawner_Zaikhal_Shadow', 1, NOW()),
  (777700473, 'invasion_spawner_Zaikhal_Tusker', 1, NOW()),
  (777700474, 'invasion_spawner_Zaikhal_Olthoi', 1, NOW());

-- 3. Weenie Properties Int (ItemType=None, MaxGeneratedObjects=30, InitGeneratedObjects=30, GeneratorTimeType=Event)
INSERT INTO `weenie_properties_int` (`object_Id`, `type`, `value`) VALUES
  (777700400, 1, 0), (777700400, 81, 30), (777700400, 82, 30), (777700400, 93, 1044),
  (777700401, 1, 0), (777700401, 81, 30), (777700401, 82, 30), (777700401, 93, 1044),
  (777700402, 1, 0), (777700402, 81, 30), (777700402, 82, 30), (777700402, 93, 1044),
  (777700403, 1, 0), (777700403, 81, 30), (777700403, 82, 30), (777700403, 93, 1044),
  (777700404, 1, 0), (777700404, 81, 30), (777700404, 82, 30), (777700404, 93, 1044),
  (777700405, 1, 0), (777700405, 81, 30), (777700405, 82, 30), (777700405, 93, 1044),
  (777700406, 1, 0), (777700406, 81, 30), (777700406, 82, 30), (777700406, 93, 1044),
  (777700407, 1, 0), (777700407, 81, 30), (777700407, 82, 30), (777700407, 93, 1044),
  (777700408, 1, 0), (777700408, 81, 30), (777700408, 82, 30), (777700408, 93, 1044),
  (777700409, 1, 0), (777700409, 81, 30), (777700409, 82, 30), (777700409, 93, 1044),
  (777700410, 1, 0), (777700410, 81, 30), (777700410, 82, 30), (777700410, 93, 1044),
  (777700411, 1, 0), (777700411, 81, 30), (777700411, 82, 30), (777700411, 93, 1044),
  (777700412, 1, 0), (777700412, 81, 30), (777700412, 82, 30), (777700412, 93, 1044),
  (777700413, 1, 0), (777700413, 81, 30), (777700413, 82, 30), (777700413, 93, 1044),
  (777700414, 1, 0), (777700414, 81, 30), (777700414, 82, 30), (777700414, 93, 1044),
  (777700415, 1, 0), (777700415, 81, 30), (777700415, 82, 30), (777700415, 93, 1044),
  (777700416, 1, 0), (777700416, 81, 30), (777700416, 82, 30), (777700416, 93, 1044),
  (777700417, 1, 0), (777700417, 81, 30), (777700417, 82, 30), (777700417, 93, 1044),
  (777700418, 1, 0), (777700418, 81, 30), (777700418, 82, 30), (777700418, 93, 1044),
  (777700419, 1, 0), (777700419, 81, 30), (777700419, 82, 30), (777700419, 93, 1044),
  (777700420, 1, 0), (777700420, 81, 30), (777700420, 82, 30), (777700420, 93, 1044),
  (777700421, 1, 0), (777700421, 81, 30), (777700421, 82, 30), (777700421, 93, 1044),
  (777700422, 1, 0), (777700422, 81, 30), (777700422, 82, 30), (777700422, 93, 1044),
  (777700423, 1, 0), (777700423, 81, 30), (777700423, 82, 30), (777700423, 93, 1044),
  (777700424, 1, 0), (777700424, 81, 30), (777700424, 82, 30), (777700424, 93, 1044),
  (777700425, 1, 0), (777700425, 81, 30), (777700425, 82, 30), (777700425, 93, 1044),
  (777700426, 1, 0), (777700426, 81, 30), (777700426, 82, 30), (777700426, 93, 1044),
  (777700427, 1, 0), (777700427, 81, 30), (777700427, 82, 30), (777700427, 93, 1044),
  (777700428, 1, 0), (777700428, 81, 30), (777700428, 82, 30), (777700428, 93, 1044),
  (777700429, 1, 0), (777700429, 81, 30), (777700429, 82, 30), (777700429, 93, 1044),
  (777700430, 1, 0), (777700430, 81, 30), (777700430, 82, 30), (777700430, 93, 1044),
  (777700431, 1, 0), (777700431, 81, 30), (777700431, 82, 30), (777700431, 93, 1044),
  (777700432, 1, 0), (777700432, 81, 30), (777700432, 82, 30), (777700432, 93, 1044),
  (777700433, 1, 0), (777700433, 81, 30), (777700433, 82, 30), (777700433, 93, 1044),
  (777700434, 1, 0), (777700434, 81, 30), (777700434, 82, 30), (777700434, 93, 1044),
  (777700435, 1, 0), (777700435, 81, 30), (777700435, 82, 30), (777700435, 93, 1044),
  (777700436, 1, 0), (777700436, 81, 30), (777700436, 82, 30), (777700436, 93, 1044),
  (777700437, 1, 0), (777700437, 81, 30), (777700437, 82, 30), (777700437, 93, 1044),
  (777700438, 1, 0), (777700438, 81, 30), (777700438, 82, 30), (777700438, 93, 1044),
  (777700439, 1, 0), (777700439, 81, 30), (777700439, 82, 30), (777700439, 93, 1044),
  (777700440, 1, 0), (777700440, 81, 30), (777700440, 82, 30), (777700440, 93, 1044),
  (777700441, 1, 0), (777700441, 81, 30), (777700441, 82, 30), (777700441, 93, 1044),
  (777700442, 1, 0), (777700442, 81, 30), (777700442, 82, 30), (777700442, 93, 1044),
  (777700443, 1, 0), (777700443, 81, 30), (777700443, 82, 30), (777700443, 93, 1044),
  (777700444, 1, 0), (777700444, 81, 30), (777700444, 82, 30), (777700444, 93, 1044),
  (777700445, 1, 0), (777700445, 81, 30), (777700445, 82, 30), (777700445, 93, 1044),
  (777700446, 1, 0), (777700446, 81, 30), (777700446, 82, 30), (777700446, 93, 1044),
  (777700447, 1, 0), (777700447, 81, 30), (777700447, 82, 30), (777700447, 93, 1044),
  (777700448, 1, 0), (777700448, 81, 30), (777700448, 82, 30), (777700448, 93, 1044),
  (777700449, 1, 0), (777700449, 81, 30), (777700449, 82, 30), (777700449, 93, 1044),
  (777700450, 1, 0), (777700450, 81, 30), (777700450, 82, 30), (777700450, 93, 1044),
  (777700451, 1, 0), (777700451, 81, 30), (777700451, 82, 30), (777700451, 93, 1044),
  (777700452, 1, 0), (777700452, 81, 30), (777700452, 82, 30), (777700452, 93, 1044),
  (777700453, 1, 0), (777700453, 81, 30), (777700453, 82, 30), (777700453, 93, 1044),
  (777700454, 1, 0), (777700454, 81, 30), (777700454, 82, 30), (777700454, 93, 1044),
  (777700455, 1, 0), (777700455, 81, 30), (777700455, 82, 30), (777700455, 93, 1044),
  (777700456, 1, 0), (777700456, 81, 30), (777700456, 82, 30), (777700456, 93, 1044),
  (777700457, 1, 0), (777700457, 81, 30), (777700457, 82, 30), (777700457, 93, 1044),
  (777700458, 1, 0), (777700458, 81, 30), (777700458, 82, 30), (777700458, 93, 1044),
  (777700459, 1, 0), (777700459, 81, 30), (777700459, 82, 30), (777700459, 93, 1044),
  (777700460, 1, 0), (777700460, 81, 30), (777700460, 82, 30), (777700460, 93, 1044),
  (777700461, 1, 0), (777700461, 81, 30), (777700461, 82, 30), (777700461, 93, 1044),
  (777700462, 1, 0), (777700462, 81, 30), (777700462, 82, 30), (777700462, 93, 1044),
  (777700463, 1, 0), (777700463, 81, 30), (777700463, 82, 30), (777700463, 93, 1044),
  (777700464, 1, 0), (777700464, 81, 30), (777700464, 82, 30), (777700464, 93, 1044),
  (777700465, 1, 0), (777700465, 81, 30), (777700465, 82, 30), (777700465, 93, 1044),
  (777700466, 1, 0), (777700466, 81, 30), (777700466, 82, 30), (777700466, 93, 1044),
  (777700467, 1, 0), (777700467, 81, 30), (777700467, 82, 30), (777700467, 93, 1044),
  (777700468, 1, 0), (777700468, 81, 30), (777700468, 82, 30), (777700468, 93, 1044),
  (777700469, 1, 0), (777700469, 81, 30), (777700469, 82, 30), (777700469, 93, 1044),
  (777700470, 1, 0), (777700470, 81, 30), (777700470, 82, 30), (777700470, 93, 1044),
  (777700471, 1, 0), (777700471, 81, 30), (777700471, 82, 30), (777700471, 93, 1044),
  (777700472, 1, 0), (777700472, 81, 30), (777700472, 82, 30), (777700472, 93, 1044),
  (777700473, 1, 0), (777700473, 81, 30), (777700473, 82, 30), (777700473, 93, 1044),
  (777700474, 1, 0), (777700474, 81, 30), (777700474, 82, 30), (777700474, 93, 1044);

-- 4. Weenie Properties Float (RegenerationInterval=5.0s, GeneratorRadius=50.0m)
INSERT INTO `weenie_properties_float` (`object_Id`, `type`, `value`) VALUES
  (777700400, 41, 5.0), (777700400, 43, 50.0),
  (777700401, 41, 5.0), (777700401, 43, 50.0),
  (777700402, 41, 5.0), (777700402, 43, 50.0),
  (777700403, 41, 5.0), (777700403, 43, 50.0),
  (777700404, 41, 5.0), (777700404, 43, 50.0),
  (777700405, 41, 5.0), (777700405, 43, 50.0),
  (777700406, 41, 5.0), (777700406, 43, 50.0),
  (777700407, 41, 5.0), (777700407, 43, 50.0),
  (777700408, 41, 5.0), (777700408, 43, 50.0),
  (777700409, 41, 5.0), (777700409, 43, 50.0),
  (777700410, 41, 5.0), (777700410, 43, 50.0),
  (777700411, 41, 5.0), (777700411, 43, 50.0),
  (777700412, 41, 5.0), (777700412, 43, 50.0),
  (777700413, 41, 5.0), (777700413, 43, 50.0),
  (777700414, 41, 5.0), (777700414, 43, 50.0),
  (777700415, 41, 5.0), (777700415, 43, 50.0),
  (777700416, 41, 5.0), (777700416, 43, 50.0),
  (777700417, 41, 5.0), (777700417, 43, 50.0),
  (777700418, 41, 5.0), (777700418, 43, 50.0),
  (777700419, 41, 5.0), (777700419, 43, 50.0),
  (777700420, 41, 5.0), (777700420, 43, 50.0),
  (777700421, 41, 5.0), (777700421, 43, 50.0),
  (777700422, 41, 5.0), (777700422, 43, 50.0),
  (777700423, 41, 5.0), (777700423, 43, 50.0),
  (777700424, 41, 5.0), (777700424, 43, 50.0),
  (777700425, 41, 5.0), (777700425, 43, 50.0),
  (777700426, 41, 5.0), (777700426, 43, 50.0),
  (777700427, 41, 5.0), (777700427, 43, 50.0),
  (777700428, 41, 5.0), (777700428, 43, 50.0),
  (777700429, 41, 5.0), (777700429, 43, 50.0),
  (777700430, 41, 5.0), (777700430, 43, 50.0),
  (777700431, 41, 5.0), (777700431, 43, 50.0),
  (777700432, 41, 5.0), (777700432, 43, 50.0),
  (777700433, 41, 5.0), (777700433, 43, 50.0),
  (777700434, 41, 5.0), (777700434, 43, 50.0),
  (777700435, 41, 5.0), (777700435, 43, 50.0),
  (777700436, 41, 5.0), (777700436, 43, 50.0),
  (777700437, 41, 5.0), (777700437, 43, 50.0),
  (777700438, 41, 5.0), (777700438, 43, 50.0),
  (777700439, 41, 5.0), (777700439, 43, 50.0),
  (777700440, 41, 5.0), (777700440, 43, 50.0),
  (777700441, 41, 5.0), (777700441, 43, 50.0),
  (777700442, 41, 5.0), (777700442, 43, 50.0),
  (777700443, 41, 5.0), (777700443, 43, 50.0),
  (777700444, 41, 5.0), (777700444, 43, 50.0),
  (777700445, 41, 5.0), (777700445, 43, 50.0),
  (777700446, 41, 5.0), (777700446, 43, 50.0),
  (777700447, 41, 5.0), (777700447, 43, 50.0),
  (777700448, 41, 5.0), (777700448, 43, 50.0),
  (777700449, 41, 5.0), (777700449, 43, 50.0),
  (777700450, 41, 5.0), (777700450, 43, 50.0),
  (777700451, 41, 5.0), (777700451, 43, 50.0),
  (777700452, 41, 5.0), (777700452, 43, 50.0),
  (777700453, 41, 5.0), (777700453, 43, 50.0),
  (777700454, 41, 5.0), (777700454, 43, 50.0),
  (777700455, 41, 5.0), (777700455, 43, 50.0),
  (777700456, 41, 5.0), (777700456, 43, 50.0),
  (777700457, 41, 5.0), (777700457, 43, 50.0),
  (777700458, 41, 5.0), (777700458, 43, 50.0),
  (777700459, 41, 5.0), (777700459, 43, 50.0),
  (777700460, 41, 5.0), (777700460, 43, 50.0),
  (777700461, 41, 5.0), (777700461, 43, 50.0),
  (777700462, 41, 5.0), (777700462, 43, 50.0),
  (777700463, 41, 5.0), (777700463, 43, 50.0),
  (777700464, 41, 5.0), (777700464, 43, 50.0),
  (777700465, 41, 5.0), (777700465, 43, 50.0),
  (777700466, 41, 5.0), (777700466, 43, 50.0),
  (777700467, 41, 5.0), (777700467, 43, 50.0),
  (777700468, 41, 5.0), (777700468, 43, 50.0),
  (777700469, 41, 5.0), (777700469, 43, 50.0),
  (777700470, 41, 5.0), (777700470, 43, 50.0),
  (777700471, 41, 5.0), (777700471, 43, 50.0),
  (777700472, 41, 5.0), (777700472, 43, 50.0),
  (777700473, 41, 5.0), (777700473, 43, 50.0),
  (777700474, 41, 5.0), (777700474, 43, 50.0);

-- 5. Weenie Properties DID
INSERT INTO `weenie_properties_d_i_d` (`object_Id`, `type`, `value`) VALUES
  (777700400, 1, 33554433), (777700400, 3, 536870913), (777700400, 8, 100669177),
  (777700401, 1, 33554433), (777700401, 3, 536870913), (777700401, 8, 100669177),
  (777700402, 1, 33554433), (777700402, 3, 536870913), (777700402, 8, 100669177),
  (777700403, 1, 33554433), (777700403, 3, 536870913), (777700403, 8, 100669177),
  (777700404, 1, 33554433), (777700404, 3, 536870913), (777700404, 8, 100669177),
  (777700405, 1, 33554433), (777700405, 3, 536870913), (777700405, 8, 100669177),
  (777700406, 1, 33554433), (777700406, 3, 536870913), (777700406, 8, 100669177),
  (777700407, 1, 33554433), (777700407, 3, 536870913), (777700407, 8, 100669177),
  (777700408, 1, 33554433), (777700408, 3, 536870913), (777700408, 8, 100669177),
  (777700409, 1, 33554433), (777700409, 3, 536870913), (777700409, 8, 100669177),
  (777700410, 1, 33554433), (777700410, 3, 536870913), (777700410, 8, 100669177),
  (777700411, 1, 33554433), (777700411, 3, 536870913), (777700411, 8, 100669177),
  (777700412, 1, 33554433), (777700412, 3, 536870913), (777700412, 8, 100669177),
  (777700413, 1, 33554433), (777700413, 3, 536870913), (777700413, 8, 100669177),
  (777700414, 1, 33554433), (777700414, 3, 536870913), (777700414, 8, 100669177),
  (777700415, 1, 33554433), (777700415, 3, 536870913), (777700415, 8, 100669177),
  (777700416, 1, 33554433), (777700416, 3, 536870913), (777700416, 8, 100669177),
  (777700417, 1, 33554433), (777700417, 3, 536870913), (777700417, 8, 100669177),
  (777700418, 1, 33554433), (777700418, 3, 536870913), (777700418, 8, 100669177),
  (777700419, 1, 33554433), (777700419, 3, 536870913), (777700419, 8, 100669177),
  (777700420, 1, 33554433), (777700420, 3, 536870913), (777700420, 8, 100669177),
  (777700421, 1, 33554433), (777700421, 3, 536870913), (777700421, 8, 100669177),
  (777700422, 1, 33554433), (777700422, 3, 536870913), (777700422, 8, 100669177),
  (777700423, 1, 33554433), (777700423, 3, 536870913), (777700423, 8, 100669177),
  (777700424, 1, 33554433), (777700424, 3, 536870913), (777700424, 8, 100669177),
  (777700425, 1, 33554433), (777700425, 3, 536870913), (777700425, 8, 100669177),
  (777700426, 1, 33554433), (777700426, 3, 536870913), (777700426, 8, 100669177),
  (777700427, 1, 33554433), (777700427, 3, 536870913), (777700427, 8, 100669177),
  (777700428, 1, 33554433), (777700428, 3, 536870913), (777700428, 8, 100669177),
  (777700429, 1, 33554433), (777700429, 3, 536870913), (777700429, 8, 100669177),
  (777700430, 1, 33554433), (777700430, 3, 536870913), (777700430, 8, 100669177),
  (777700431, 1, 33554433), (777700431, 3, 536870913), (777700431, 8, 100669177),
  (777700432, 1, 33554433), (777700432, 3, 536870913), (777700432, 8, 100669177),
  (777700433, 1, 33554433), (777700433, 3, 536870913), (777700433, 8, 100669177),
  (777700434, 1, 33554433), (777700434, 3, 536870913), (777700434, 8, 100669177),
  (777700435, 1, 33554433), (777700435, 3, 536870913), (777700435, 8, 100669177),
  (777700436, 1, 33554433), (777700436, 3, 536870913), (777700436, 8, 100669177),
  (777700437, 1, 33554433), (777700437, 3, 536870913), (777700437, 8, 100669177),
  (777700438, 1, 33554433), (777700438, 3, 536870913), (777700438, 8, 100669177),
  (777700439, 1, 33554433), (777700439, 3, 536870913), (777700439, 8, 100669177),
  (777700440, 1, 33554433), (777700440, 3, 536870913), (777700440, 8, 100669177),
  (777700441, 1, 33554433), (777700441, 3, 536870913), (777700441, 8, 100669177),
  (777700442, 1, 33554433), (777700442, 3, 536870913), (777700442, 8, 100669177),
  (777700443, 1, 33554433), (777700443, 3, 536870913), (777700443, 8, 100669177),
  (777700444, 1, 33554433), (777700444, 3, 536870913), (777700444, 8, 100669177),
  (777700445, 1, 33554433), (777700445, 3, 536870913), (777700445, 8, 100669177),
  (777700446, 1, 33554433), (777700446, 3, 536870913), (777700446, 8, 100669177),
  (777700447, 1, 33554433), (777700447, 3, 536870913), (777700447, 8, 100669177),
  (777700448, 1, 33554433), (777700448, 3, 536870913), (777700448, 8, 100669177),
  (777700449, 1, 33554433), (777700449, 3, 536870913), (777700449, 8, 100669177),
  (777700450, 1, 33554433), (777700450, 3, 536870913), (777700450, 8, 100669177),
  (777700451, 1, 33554433), (777700451, 3, 536870913), (777700451, 8, 100669177),
  (777700452, 1, 33554433), (777700452, 3, 536870913), (777700452, 8, 100669177),
  (777700453, 1, 33554433), (777700453, 3, 536870913), (777700453, 8, 100669177),
  (777700454, 1, 33554433), (777700454, 3, 536870913), (777700454, 8, 100669177),
  (777700455, 1, 33554433), (777700455, 3, 536870913), (777700455, 8, 100669177),
  (777700456, 1, 33554433), (777700456, 3, 536870913), (777700456, 8, 100669177),
  (777700457, 1, 33554433), (777700457, 3, 536870913), (777700457, 8, 100669177),
  (777700458, 1, 33554433), (777700458, 3, 536870913), (777700458, 8, 100669177),
  (777700459, 1, 33554433), (777700459, 3, 536870913), (777700459, 8, 100669177),
  (777700460, 1, 33554433), (777700460, 3, 536870913), (777700460, 8, 100669177),
  (777700461, 1, 33554433), (777700461, 3, 536870913), (777700461, 8, 100669177),
  (777700462, 1, 33554433), (777700462, 3, 536870913), (777700462, 8, 100669177),
  (777700463, 1, 33554433), (777700463, 3, 536870913), (777700463, 8, 100669177),
  (777700464, 1, 33554433), (777700464, 3, 536870913), (777700464, 8, 100669177),
  (777700465, 1, 33554433), (777700465, 3, 536870913), (777700465, 8, 100669177),
  (777700466, 1, 33554433), (777700466, 3, 536870913), (777700466, 8, 100669177),
  (777700467, 1, 33554433), (777700467, 3, 536870913), (777700467, 8, 100669177),
  (777700468, 1, 33554433), (777700468, 3, 536870913), (777700468, 8, 100669177),
  (777700469, 1, 33554433), (777700469, 3, 536870913), (777700469, 8, 100669177),
  (777700470, 1, 33554433), (777700470, 3, 536870913), (777700470, 8, 100669177),
  (777700471, 1, 33554433), (777700471, 3, 536870913), (777700471, 8, 100669177),
  (777700472, 1, 33554433), (777700472, 3, 536870913), (777700472, 8, 100669177),
  (777700473, 1, 33554433), (777700473, 3, 536870913), (777700473, 8, 100669177),
  (777700474, 1, 33554433), (777700474, 3, 536870913), (777700474, 8, 100669177);

-- 6. Weenie Properties Bool
INSERT INTO `weenie_properties_bool` (`object_Id`, `type`, `value`) VALUES
  (777700400, 11, 1), (777700400, 51, 0), (777700400, 1, 1), (777700400, 83, 0),
  (777700401, 11, 1), (777700401, 51, 0), (777700401, 1, 1), (777700401, 83, 0),
  (777700402, 11, 1), (777700402, 51, 0), (777700402, 1, 1), (777700402, 83, 0),
  (777700403, 11, 1), (777700403, 51, 0), (777700403, 1, 1), (777700403, 83, 0),
  (777700404, 11, 1), (777700404, 51, 0), (777700404, 1, 1), (777700404, 83, 0),
  (777700405, 11, 1), (777700405, 51, 0), (777700405, 1, 1), (777700405, 83, 0),
  (777700406, 11, 1), (777700406, 51, 0), (777700406, 1, 1), (777700406, 83, 0),
  (777700407, 11, 1), (777700407, 51, 0), (777700407, 1, 1), (777700407, 83, 0),
  (777700408, 11, 1), (777700408, 51, 0), (777700408, 1, 1), (777700408, 83, 0),
  (777700409, 11, 1), (777700409, 51, 0), (777700409, 1, 1), (777700409, 83, 0),
  (777700410, 11, 1), (777700410, 51, 0), (777700410, 1, 1), (777700410, 83, 0),
  (777700411, 11, 1), (777700411, 51, 0), (777700411, 1, 1), (777700411, 83, 0),
  (777700412, 11, 1), (777700412, 51, 0), (777700412, 1, 1), (777700412, 83, 0),
  (777700413, 11, 1), (777700413, 51, 0), (777700413, 1, 1), (777700413, 83, 0),
  (777700414, 11, 1), (777700414, 51, 0), (777700414, 1, 1), (777700414, 83, 0),
  (777700415, 11, 1), (777700415, 51, 0), (777700415, 1, 1), (777700415, 83, 0),
  (777700416, 11, 1), (777700416, 51, 0), (777700416, 1, 1), (777700416, 83, 0),
  (777700417, 11, 1), (777700417, 51, 0), (777700417, 1, 1), (777700417, 83, 0),
  (777700418, 11, 1), (777700418, 51, 0), (777700418, 1, 1), (777700418, 83, 0),
  (777700419, 11, 1), (777700419, 51, 0), (777700419, 1, 1), (777700419, 83, 0),
  (777700420, 11, 1), (777700420, 51, 0), (777700420, 1, 1), (777700420, 83, 0),
  (777700421, 11, 1), (777700421, 51, 0), (777700421, 1, 1), (777700421, 83, 0),
  (777700422, 11, 1), (777700422, 51, 0), (777700422, 1, 1), (777700422, 83, 0),
  (777700423, 11, 1), (777700423, 51, 0), (777700423, 1, 1), (777700423, 83, 0),
  (777700424, 11, 1), (777700424, 51, 0), (777700424, 1, 1), (777700424, 83, 0),
  (777700425, 11, 1), (777700425, 51, 0), (777700425, 1, 1), (777700425, 83, 0),
  (777700426, 11, 1), (777700426, 51, 0), (777700426, 1, 1), (777700426, 83, 0),
  (777700427, 11, 1), (777700427, 51, 0), (777700427, 1, 1), (777700427, 83, 0),
  (777700428, 11, 1), (777700428, 51, 0), (777700428, 1, 1), (777700428, 83, 0),
  (777700429, 11, 1), (777700429, 51, 0), (777700429, 1, 1), (777700429, 83, 0),
  (777700430, 11, 1), (777700430, 51, 0), (777700430, 1, 1), (777700430, 83, 0),
  (777700431, 11, 1), (777700431, 51, 0), (777700431, 1, 1), (777700431, 83, 0),
  (777700432, 11, 1), (777700432, 51, 0), (777700432, 1, 1), (777700432, 83, 0),
  (777700433, 11, 1), (777700433, 51, 0), (777700433, 1, 1), (777700433, 83, 0),
  (777700434, 11, 1), (777700434, 51, 0), (777700434, 1, 1), (777700434, 83, 0),
  (777700435, 11, 1), (777700435, 51, 0), (777700435, 1, 1), (777700435, 83, 0),
  (777700436, 11, 1), (777700436, 51, 0), (777700436, 1, 1), (777700436, 83, 0),
  (777700437, 11, 1), (777700437, 51, 0), (777700437, 1, 1), (777700437, 83, 0),
  (777700438, 11, 1), (777700438, 51, 0), (777700438, 1, 1), (777700438, 83, 0),
  (777700439, 11, 1), (777700439, 51, 0), (777700439, 1, 1), (777700439, 83, 0),
  (777700440, 11, 1), (777700440, 51, 0), (777700440, 1, 1), (777700440, 83, 0),
  (777700441, 11, 1), (777700441, 51, 0), (777700441, 1, 1), (777700441, 83, 0),
  (777700442, 11, 1), (777700442, 51, 0), (777700442, 1, 1), (777700442, 83, 0),
  (777700443, 11, 1), (777700443, 51, 0), (777700443, 1, 1), (777700443, 83, 0),
  (777700444, 11, 1), (777700444, 51, 0), (777700444, 1, 1), (777700444, 83, 0),
  (777700445, 11, 1), (777700445, 51, 0), (777700445, 1, 1), (777700445, 83, 0),
  (777700446, 11, 1), (777700446, 51, 0), (777700446, 1, 1), (777700446, 83, 0),
  (777700447, 11, 1), (777700447, 51, 0), (777700447, 1, 1), (777700447, 83, 0),
  (777700448, 11, 1), (777700448, 51, 0), (777700448, 1, 1), (777700448, 83, 0),
  (777700449, 11, 1), (777700449, 51, 0), (777700449, 1, 1), (777700449, 83, 0),
  (777700450, 11, 1), (777700450, 51, 0), (777700450, 1, 1), (777700450, 83, 0),
  (777700451, 11, 1), (777700451, 51, 0), (777700451, 1, 1), (777700451, 83, 0),
  (777700452, 11, 1), (777700452, 51, 0), (777700452, 1, 1), (777700452, 83, 0),
  (777700453, 11, 1), (777700453, 51, 0), (777700453, 1, 1), (777700453, 83, 0),
  (777700454, 11, 1), (777700454, 51, 0), (777700454, 1, 1), (777700454, 83, 0),
  (777700455, 11, 1), (777700455, 51, 0), (777700455, 1, 1), (777700455, 83, 0),
  (777700456, 11, 1), (777700456, 51, 0), (777700456, 1, 1), (777700456, 83, 0),
  (777700457, 11, 1), (777700457, 51, 0), (777700457, 1, 1), (777700457, 83, 0),
  (777700458, 11, 1), (777700458, 51, 0), (777700458, 1, 1), (777700458, 83, 0),
  (777700459, 11, 1), (777700459, 51, 0), (777700459, 1, 1), (777700459, 83, 0),
  (777700460, 11, 1), (777700460, 51, 0), (777700460, 1, 1), (777700460, 83, 0),
  (777700461, 11, 1), (777700461, 51, 0), (777700461, 1, 1), (777700461, 83, 0),
  (777700462, 11, 1), (777700462, 51, 0), (777700462, 1, 1), (777700462, 83, 0),
  (777700463, 11, 1), (777700463, 51, 0), (777700463, 1, 1), (777700463, 83, 0),
  (777700464, 11, 1), (777700464, 51, 0), (777700464, 1, 1), (777700464, 83, 0),
  (777700465, 11, 1), (777700465, 51, 0), (777700465, 1, 1), (777700465, 83, 0),
  (777700466, 11, 1), (777700466, 51, 0), (777700466, 1, 1), (777700466, 83, 0),
  (777700467, 11, 1), (777700467, 51, 0), (777700467, 1, 1), (777700467, 83, 0),
  (777700468, 11, 1), (777700468, 51, 0), (777700468, 1, 1), (777700468, 83, 0),
  (777700469, 11, 1), (777700469, 51, 0), (777700469, 1, 1), (777700469, 83, 0),
  (777700470, 11, 1), (777700470, 51, 0), (777700470, 1, 1), (777700470, 83, 0),
  (777700471, 11, 1), (777700471, 51, 0), (777700471, 1, 1), (777700471, 83, 0),
  (777700472, 11, 1), (777700472, 51, 0), (777700472, 1, 1), (777700472, 83, 0),
  (777700473, 11, 1), (777700473, 51, 0), (777700473, 1, 1), (777700473, 83, 0),
  (777700474, 11, 1), (777700474, 51, 0), (777700474, 1, 1), (777700474, 83, 0);

-- 7. Weenie Properties String (Name, GeneratorEvent)
INSERT INTO `weenie_properties_string` (`object_Id`, `type`, `value`) VALUES
  (777700400, 1, 'Invasion Spawner (Al-Arqas - Shadow)'), (777700400, 14, 'Invasion_Al-Arqas_Shadow'),
  (777700401, 1, 'Invasion Spawner (Al-Arqas - Tusker)'), (777700401, 14, 'Invasion_Al-Arqas_Tusker'),
  (777700402, 1, 'Invasion Spawner (Al-Arqas - Olthoi)'), (777700402, 14, 'Invasion_Al-Arqas_Olthoi'),
  (777700403, 1, 'Invasion Spawner (Al-Jalima - Shadow)'), (777700403, 14, 'Invasion_Al-Jalima_Shadow'),
  (777700404, 1, 'Invasion Spawner (Al-Jalima - Tusker)'), (777700404, 14, 'Invasion_Al-Jalima_Tusker'),
  (777700405, 1, 'Invasion Spawner (Al-Jalima - Olthoi)'), (777700405, 14, 'Invasion_Al-Jalima_Olthoi'),
  (777700406, 1, 'Invasion Spawner (Arwic - Shadow)'), (777700406, 14, 'Invasion_Arwic_Shadow'),
  (777700407, 1, 'Invasion Spawner (Arwic - Tusker)'), (777700407, 14, 'Invasion_Arwic_Tusker'),
  (777700408, 1, 'Invasion Spawner (Arwic - Olthoi)'), (777700408, 14, 'Invasion_Arwic_Olthoi'),
  (777700409, 1, 'Invasion Spawner (Baishi - Shadow)'), (777700409, 14, 'Invasion_Baishi_Shadow'),
  (777700410, 1, 'Invasion Spawner (Baishi - Tusker)'), (777700410, 14, 'Invasion_Baishi_Tusker'),
  (777700411, 1, 'Invasion Spawner (Baishi - Olthoi)'), (777700411, 14, 'Invasion_Baishi_Olthoi'),
  (777700412, 1, 'Invasion Spawner (Cragstone - Shadow)'), (777700412, 14, 'Invasion_Cragstone_Shadow'),
  (777700413, 1, 'Invasion Spawner (Cragstone - Tusker)'), (777700413, 14, 'Invasion_Cragstone_Tusker'),
  (777700414, 1, 'Invasion Spawner (Cragstone - Olthoi)'), (777700414, 14, 'Invasion_Cragstone_Olthoi'),
  (777700415, 1, 'Invasion Spawner (Eastham - Shadow)'), (777700415, 14, 'Invasion_Eastham_Shadow'),
  (777700416, 1, 'Invasion Spawner (Eastham - Tusker)'), (777700416, 14, 'Invasion_Eastham_Tusker'),
  (777700417, 1, 'Invasion Spawner (Eastham - Olthoi)'), (777700417, 14, 'Invasion_Eastham_Olthoi'),
  (777700418, 1, 'Invasion Spawner (Glenden Wood - Shadow)'), (777700418, 14, 'Invasion_Glenden Wood_Shadow'),
  (777700419, 1, 'Invasion Spawner (Glenden Wood - Tusker)'), (777700419, 14, 'Invasion_Glenden Wood_Tusker'),
  (777700420, 1, 'Invasion Spawner (Glenden Wood - Olthoi)'), (777700420, 14, 'Invasion_Glenden Wood_Olthoi'),
  (777700421, 1, 'Invasion Spawner (Hebian-to - Shadow)'), (777700421, 14, 'Invasion_Hebian-to_Shadow'),
  (777700422, 1, 'Invasion Spawner (Hebian-to - Tusker)'), (777700422, 14, 'Invasion_Hebian-to_Tusker'),
  (777700423, 1, 'Invasion Spawner (Hebian-to - Olthoi)'), (777700423, 14, 'Invasion_Hebian-to_Olthoi'),
  (777700424, 1, 'Invasion Spawner (Holtburg - Shadow)'), (777700424, 14, 'Invasion_Holtburg_Shadow'),
  (777700425, 1, 'Invasion Spawner (Holtburg - Tusker)'), (777700425, 14, 'Invasion_Holtburg_Tusker'),
  (777700426, 1, 'Invasion Spawner (Holtburg - Olthoi)'), (777700426, 14, 'Invasion_Holtburg_Olthoi'),
  (777700427, 1, 'Invasion Spawner (Kara - Shadow)'), (777700427, 14, 'Invasion_Kara_Shadow'),
  (777700428, 1, 'Invasion Spawner (Kara - Tusker)'), (777700428, 14, 'Invasion_Kara_Tusker'),
  (777700429, 1, 'Invasion Spawner (Kara - Olthoi)'), (777700429, 14, 'Invasion_Kara_Olthoi'),
  (777700430, 1, 'Invasion Spawner (Khayyaban - Shadow)'), (777700430, 14, 'Invasion_Khayyaban_Shadow'),
  (777700431, 1, 'Invasion Spawner (Khayyaban - Tusker)'), (777700431, 14, 'Invasion_Khayyaban_Tusker'),
  (777700432, 1, 'Invasion Spawner (Khayyaban - Olthoi)'), (777700432, 14, 'Invasion_Khayyaban_Olthoi'),
  (777700433, 1, 'Invasion Spawner (Lytelthorpe - Shadow)'), (777700433, 14, 'Invasion_Lytelthorpe_Shadow'),
  (777700434, 1, 'Invasion Spawner (Lytelthorpe - Tusker)'), (777700434, 14, 'Invasion_Lytelthorpe_Tusker'),
  (777700435, 1, 'Invasion Spawner (Lytelthorpe - Olthoi)'), (777700435, 14, 'Invasion_Lytelthorpe_Olthoi'),
  (777700436, 1, 'Invasion Spawner (Mayoi - Shadow)'), (777700436, 14, 'Invasion_Mayoi_Shadow'),
  (777700437, 1, 'Invasion Spawner (Mayoi - Tusker)'), (777700437, 14, 'Invasion_Mayoi_Tusker'),
  (777700438, 1, 'Invasion Spawner (Mayoi - Olthoi)'), (777700438, 14, 'Invasion_Mayoi_Olthoi'),
  (777700439, 1, 'Invasion Spawner (Nanto - Shadow)'), (777700439, 14, 'Invasion_Nanto_Shadow'),
  (777700440, 1, 'Invasion Spawner (Nanto - Tusker)'), (777700440, 14, 'Invasion_Nanto_Tusker'),
  (777700441, 1, 'Invasion Spawner (Nanto - Olthoi)'), (777700441, 14, 'Invasion_Nanto_Olthoi'),
  (777700442, 1, 'Invasion Spawner (Neydisa - Shadow)'), (777700442, 14, 'Invasion_Neydisa_Shadow'),
  (777700443, 1, 'Invasion Spawner (Neydisa - Tusker)'), (777700443, 14, 'Invasion_Neydisa_Tusker'),
  (777700444, 1, 'Invasion Spawner (Neydisa - Olthoi)'), (777700444, 14, 'Invasion_Neydisa_Olthoi'),
  (777700445, 1, 'Invasion Spawner (Rithwic - Shadow)'), (777700445, 14, 'Invasion_Rithwic_Shadow'),
  (777700446, 1, 'Invasion Spawner (Rithwic - Tusker)'), (777700446, 14, 'Invasion_Rithwic_Tusker'),
  (777700447, 1, 'Invasion Spawner (Rithwic - Olthoi)'), (777700447, 14, 'Invasion_Rithwic_Olthoi'),
  (777700448, 1, 'Invasion Spawner (Samsur - Shadow)'), (777700448, 14, 'Invasion_Samsur_Shadow'),
  (777700449, 1, 'Invasion Spawner (Samsur - Tusker)'), (777700449, 14, 'Invasion_Samsur_Tusker'),
  (777700450, 1, 'Invasion Spawner (Samsur - Olthoi)'), (777700450, 14, 'Invasion_Samsur_Olthoi'),
  (777700451, 1, 'Invasion Spawner (Sawato - Shadow)'), (777700451, 14, 'Invasion_Sawato_Shadow'),
  (777700452, 1, 'Invasion Spawner (Sawato - Tusker)'), (777700452, 14, 'Invasion_Sawato_Tusker'),
  (777700453, 1, 'Invasion Spawner (Sawato - Olthoi)'), (777700453, 14, 'Invasion_Sawato_Olthoi'),
  (777700454, 1, 'Invasion Spawner (Shoushi - Shadow)'), (777700454, 14, 'Invasion_Shoushi_Shadow'),
  (777700455, 1, 'Invasion Spawner (Shoushi - Tusker)'), (777700455, 14, 'Invasion_Shoushi_Tusker'),
  (777700456, 1, 'Invasion Spawner (Shoushi - Olthoi)'), (777700456, 14, 'Invasion_Shoushi_Olthoi'),
  (777700457, 1, 'Invasion Spawner (Stonehold - Shadow)'), (777700457, 14, 'Invasion_Stonehold_Shadow'),
  (777700458, 1, 'Invasion Spawner (Stonehold - Tusker)'), (777700458, 14, 'Invasion_Stonehold_Tusker'),
  (777700459, 1, 'Invasion Spawner (Stonehold - Olthoi)'), (777700459, 14, 'Invasion_Stonehold_Olthoi'),
  (777700460, 1, 'Invasion Spawner (Tufa - Shadow)'), (777700460, 14, 'Invasion_Tufa_Shadow'),
  (777700461, 1, 'Invasion Spawner (Tufa - Tusker)'), (777700461, 14, 'Invasion_Tufa_Tusker'),
  (777700462, 1, 'Invasion Spawner (Tufa - Olthoi)'), (777700462, 14, 'Invasion_Tufa_Olthoi'),
  (777700463, 1, 'Invasion Spawner (Uziz - Shadow)'), (777700463, 14, 'Invasion_Uziz_Shadow'),
  (777700464, 1, 'Invasion Spawner (Uziz - Tusker)'), (777700464, 14, 'Invasion_Uziz_Tusker'),
  (777700465, 1, 'Invasion Spawner (Uziz - Olthoi)'), (777700465, 14, 'Invasion_Uziz_Olthoi'),
  (777700466, 1, 'Invasion Spawner (Yanshi - Shadow)'), (777700466, 14, 'Invasion_Yanshi_Shadow'),
  (777700467, 1, 'Invasion Spawner (Yanshi - Tusker)'), (777700467, 14, 'Invasion_Yanshi_Tusker'),
  (777700468, 1, 'Invasion Spawner (Yanshi - Olthoi)'), (777700468, 14, 'Invasion_Yanshi_Olthoi'),
  (777700469, 1, 'Invasion Spawner (Yaraq - Shadow)'), (777700469, 14, 'Invasion_Yaraq_Shadow'),
  (777700470, 1, 'Invasion Spawner (Yaraq - Tusker)'), (777700470, 14, 'Invasion_Yaraq_Tusker'),
  (777700471, 1, 'Invasion Spawner (Yaraq - Olthoi)'), (777700471, 14, 'Invasion_Yaraq_Olthoi'),
  (777700472, 1, 'Invasion Spawner (Zaikhal - Shadow)'), (777700472, 14, 'Invasion_Zaikhal_Shadow'),
  (777700473, 1, 'Invasion Spawner (Zaikhal - Tusker)'), (777700473, 14, 'Invasion_Zaikhal_Tusker'),
  (777700474, 1, 'Invasion Spawner (Zaikhal - Olthoi)'), (777700474, 14, 'Invasion_Zaikhal_Olthoi');

-- 8. Generator Profiles
INSERT INTO `weenie_properties_generator` (`object_Id`, `probability`, `weenie_Class_Id`, `delay`, `init_Create`, `max_Create`, `when_Create`, `where_Create`, `stack_Size`, `palette_Id`, `shade`, `obj_Cell_Id`, `origin_X`, `origin_Y`, `origin_Z`, `angles_W`, `angles_X`, `angles_Y`, `angles_Z`) VALUES
  (777700400, 1.0, 777701024, 15.0, 10, 10, 2, 256, -1, 0, 0, 0, 0, 0, 0, 1, 0, 0, 0),
  (777700400, 1.0, 777701020, 15.0, 10, 10, 2, 256, -1, 0, 0, 0, 0, 0, 0, 1, 0, 0, 0),
  (777700400, 1.0, 777701021, 15.0, 10, 10, 2, 256, -1, 0, 0, 0, 0, 0, 0, 1, 0, 0, 0),
  (777700401, 1.0, 777701031, 15.0, 15, 15, 2, 256, -1, 0, 0, 0, 0, 0, 0, 1, 0, 0, 0),
  (777700401, 1.0, 777701032, 15.0, 15, 15, 2, 256, -1, 0, 0, 0, 0, 0, 0, 1, 0, 0, 0),
  (777700402, 1.0, 777701044, 15.0, 10, 10, 2, 256, -1, 0, 0, 0, 0, 0, 0, 1, 0, 0, 0),
  (777700402, 1.0, 777701045, 15.0, 10, 10, 2, 256, -1, 0, 0, 0, 0, 0, 0, 1, 0, 0, 0),
  (777700402, 1.0, 777701046, 15.0, 10, 10, 2, 256, -1, 0, 0, 0, 0, 0, 0, 1, 0, 0, 0),
  (777700403, 1.0, 777701024, 15.0, 10, 10, 2, 256, -1, 0, 0, 0, 0, 0, 0, 1, 0, 0, 0),
  (777700403, 1.0, 777701020, 15.0, 10, 10, 2, 256, -1, 0, 0, 0, 0, 0, 0, 1, 0, 0, 0),
  (777700403, 1.0, 777701021, 15.0, 10, 10, 2, 256, -1, 0, 0, 0, 0, 0, 0, 1, 0, 0, 0),
  (777700404, 1.0, 777701031, 15.0, 15, 15, 2, 256, -1, 0, 0, 0, 0, 0, 0, 1, 0, 0, 0),
  (777700404, 1.0, 777701032, 15.0, 15, 15, 2, 256, -1, 0, 0, 0, 0, 0, 0, 1, 0, 0, 0),
  (777700405, 1.0, 777701044, 15.0, 10, 10, 2, 256, -1, 0, 0, 0, 0, 0, 0, 1, 0, 0, 0),
  (777700405, 1.0, 777701045, 15.0, 10, 10, 2, 256, -1, 0, 0, 0, 0, 0, 0, 1, 0, 0, 0),
  (777700405, 1.0, 777701046, 15.0, 10, 10, 2, 256, -1, 0, 0, 0, 0, 0, 0, 1, 0, 0, 0),
  (777700406, 1.0, 777701024, 15.0, 10, 10, 2, 256, -1, 0, 0, 0, 0, 0, 0, 1, 0, 0, 0),
  (777700406, 1.0, 777701020, 15.0, 10, 10, 2, 256, -1, 0, 0, 0, 0, 0, 0, 1, 0, 0, 0),
  (777700406, 1.0, 777701021, 15.0, 10, 10, 2, 256, -1, 0, 0, 0, 0, 0, 0, 1, 0, 0, 0),
  (777700407, 1.0, 777701031, 15.0, 15, 15, 2, 256, -1, 0, 0, 0, 0, 0, 0, 1, 0, 0, 0),
  (777700407, 1.0, 777701032, 15.0, 15, 15, 2, 256, -1, 0, 0, 0, 0, 0, 0, 1, 0, 0, 0),
  (777700408, 1.0, 777701044, 15.0, 10, 10, 2, 256, -1, 0, 0, 0, 0, 0, 0, 1, 0, 0, 0),
  (777700408, 1.0, 777701045, 15.0, 10, 10, 2, 256, -1, 0, 0, 0, 0, 0, 0, 1, 0, 0, 0),
  (777700408, 1.0, 777701046, 15.0, 10, 10, 2, 256, -1, 0, 0, 0, 0, 0, 0, 1, 0, 0, 0),
  (777700409, 1.0, 777701024, 15.0, 10, 10, 2, 256, -1, 0, 0, 0, 0, 0, 0, 1, 0, 0, 0),
  (777700409, 1.0, 777701020, 15.0, 10, 10, 2, 256, -1, 0, 0, 0, 0, 0, 0, 1, 0, 0, 0),
  (777700409, 1.0, 777701021, 15.0, 10, 10, 2, 256, -1, 0, 0, 0, 0, 0, 0, 1, 0, 0, 0),
  (777700410, 1.0, 777701031, 15.0, 15, 15, 2, 256, -1, 0, 0, 0, 0, 0, 0, 1, 0, 0, 0),
  (777700410, 1.0, 777701032, 15.0, 15, 15, 2, 256, -1, 0, 0, 0, 0, 0, 0, 1, 0, 0, 0),
  (777700411, 1.0, 777701044, 15.0, 10, 10, 2, 256, -1, 0, 0, 0, 0, 0, 0, 1, 0, 0, 0),
  (777700411, 1.0, 777701045, 15.0, 10, 10, 2, 256, -1, 0, 0, 0, 0, 0, 0, 1, 0, 0, 0),
  (777700411, 1.0, 777701046, 15.0, 10, 10, 2, 256, -1, 0, 0, 0, 0, 0, 0, 1, 0, 0, 0),
  (777700412, 1.0, 777701024, 15.0, 10, 10, 2, 256, -1, 0, 0, 0, 0, 0, 0, 1, 0, 0, 0),
  (777700412, 1.0, 777701020, 15.0, 10, 10, 2, 256, -1, 0, 0, 0, 0, 0, 0, 1, 0, 0, 0),
  (777700412, 1.0, 777701021, 15.0, 10, 10, 2, 256, -1, 0, 0, 0, 0, 0, 0, 1, 0, 0, 0),
  (777700413, 1.0, 777701031, 15.0, 15, 15, 2, 256, -1, 0, 0, 0, 0, 0, 0, 1, 0, 0, 0),
  (777700413, 1.0, 777701032, 15.0, 15, 15, 2, 256, -1, 0, 0, 0, 0, 0, 0, 1, 0, 0, 0),
  (777700414, 1.0, 777701044, 15.0, 10, 10, 2, 256, -1, 0, 0, 0, 0, 0, 0, 1, 0, 0, 0),
  (777700414, 1.0, 777701045, 15.0, 10, 10, 2, 256, -1, 0, 0, 0, 0, 0, 0, 1, 0, 0, 0),
  (777700414, 1.0, 777701046, 15.0, 10, 10, 2, 256, -1, 0, 0, 0, 0, 0, 0, 1, 0, 0, 0),
  (777700415, 1.0, 777701024, 15.0, 10, 10, 2, 256, -1, 0, 0, 0, 0, 0, 0, 1, 0, 0, 0),
  (777700415, 1.0, 777701020, 15.0, 10, 10, 2, 256, -1, 0, 0, 0, 0, 0, 0, 1, 0, 0, 0),
  (777700415, 1.0, 777701021, 15.0, 10, 10, 2, 256, -1, 0, 0, 0, 0, 0, 0, 1, 0, 0, 0),
  (777700416, 1.0, 777701031, 15.0, 15, 15, 2, 256, -1, 0, 0, 0, 0, 0, 0, 1, 0, 0, 0),
  (777700416, 1.0, 777701032, 15.0, 15, 15, 2, 256, -1, 0, 0, 0, 0, 0, 0, 1, 0, 0, 0),
  (777700417, 1.0, 777701044, 15.0, 10, 10, 2, 256, -1, 0, 0, 0, 0, 0, 0, 1, 0, 0, 0),
  (777700417, 1.0, 777701045, 15.0, 10, 10, 2, 256, -1, 0, 0, 0, 0, 0, 0, 1, 0, 0, 0),
  (777700417, 1.0, 777701046, 15.0, 10, 10, 2, 256, -1, 0, 0, 0, 0, 0, 0, 1, 0, 0, 0),
  (777700418, 1.0, 777701024, 15.0, 10, 10, 2, 256, -1, 0, 0, 0, 0, 0, 0, 1, 0, 0, 0),
  (777700418, 1.0, 777701020, 15.0, 10, 10, 2, 256, -1, 0, 0, 0, 0, 0, 0, 1, 0, 0, 0),
  (777700418, 1.0, 777701021, 15.0, 10, 10, 2, 256, -1, 0, 0, 0, 0, 0, 0, 1, 0, 0, 0),
  (777700419, 1.0, 777701031, 15.0, 15, 15, 2, 256, -1, 0, 0, 0, 0, 0, 0, 1, 0, 0, 0),
  (777700419, 1.0, 777701032, 15.0, 15, 15, 2, 256, -1, 0, 0, 0, 0, 0, 0, 1, 0, 0, 0),
  (777700420, 1.0, 777701044, 15.0, 10, 10, 2, 256, -1, 0, 0, 0, 0, 0, 0, 1, 0, 0, 0),
  (777700420, 1.0, 777701045, 15.0, 10, 10, 2, 256, -1, 0, 0, 0, 0, 0, 0, 1, 0, 0, 0),
  (777700420, 1.0, 777701046, 15.0, 10, 10, 2, 256, -1, 0, 0, 0, 0, 0, 0, 1, 0, 0, 0),
  (777700421, 1.0, 777701024, 15.0, 10, 10, 2, 256, -1, 0, 0, 0, 0, 0, 0, 1, 0, 0, 0),
  (777700421, 1.0, 777701020, 15.0, 10, 10, 2, 256, -1, 0, 0, 0, 0, 0, 0, 1, 0, 0, 0),
  (777700421, 1.0, 777701021, 15.0, 10, 10, 2, 256, -1, 0, 0, 0, 0, 0, 0, 1, 0, 0, 0),
  (777700422, 1.0, 777701031, 15.0, 15, 15, 2, 256, -1, 0, 0, 0, 0, 0, 0, 1, 0, 0, 0),
  (777700422, 1.0, 777701032, 15.0, 15, 15, 2, 256, -1, 0, 0, 0, 0, 0, 0, 1, 0, 0, 0),
  (777700423, 1.0, 777701044, 15.0, 10, 10, 2, 256, -1, 0, 0, 0, 0, 0, 0, 1, 0, 0, 0),
  (777700423, 1.0, 777701045, 15.0, 10, 10, 2, 256, -1, 0, 0, 0, 0, 0, 0, 1, 0, 0, 0),
  (777700423, 1.0, 777701046, 15.0, 10, 10, 2, 256, -1, 0, 0, 0, 0, 0, 0, 1, 0, 0, 0),
  (777700424, 1.0, 777701024, 15.0, 10, 10, 2, 256, -1, 0, 0, 0, 0, 0, 0, 1, 0, 0, 0),
  (777700424, 1.0, 777701020, 15.0, 10, 10, 2, 256, -1, 0, 0, 0, 0, 0, 0, 1, 0, 0, 0),
  (777700424, 1.0, 777701021, 15.0, 10, 10, 2, 256, -1, 0, 0, 0, 0, 0, 0, 1, 0, 0, 0),
  (777700425, 1.0, 777701031, 15.0, 15, 15, 2, 256, -1, 0, 0, 0, 0, 0, 0, 1, 0, 0, 0),
  (777700425, 1.0, 777701032, 15.0, 15, 15, 2, 256, -1, 0, 0, 0, 0, 0, 0, 1, 0, 0, 0),
  (777700426, 1.0, 777701044, 15.0, 10, 10, 2, 256, -1, 0, 0, 0, 0, 0, 0, 1, 0, 0, 0),
  (777700426, 1.0, 777701045, 15.0, 10, 10, 2, 256, -1, 0, 0, 0, 0, 0, 0, 1, 0, 0, 0),
  (777700426, 1.0, 777701046, 15.0, 10, 10, 2, 256, -1, 0, 0, 0, 0, 0, 0, 1, 0, 0, 0),
  (777700427, 1.0, 777701024, 15.0, 10, 10, 2, 256, -1, 0, 0, 0, 0, 0, 0, 1, 0, 0, 0),
  (777700427, 1.0, 777701020, 15.0, 10, 10, 2, 256, -1, 0, 0, 0, 0, 0, 0, 1, 0, 0, 0),
  (777700427, 1.0, 777701021, 15.0, 10, 10, 2, 256, -1, 0, 0, 0, 0, 0, 0, 1, 0, 0, 0),
  (777700428, 1.0, 777701031, 15.0, 15, 15, 2, 256, -1, 0, 0, 0, 0, 0, 0, 1, 0, 0, 0),
  (777700428, 1.0, 777701032, 15.0, 15, 15, 2, 256, -1, 0, 0, 0, 0, 0, 0, 1, 0, 0, 0),
  (777700429, 1.0, 777701044, 15.0, 10, 10, 2, 256, -1, 0, 0, 0, 0, 0, 0, 1, 0, 0, 0),
  (777700429, 1.0, 777701045, 15.0, 10, 10, 2, 256, -1, 0, 0, 0, 0, 0, 0, 1, 0, 0, 0),
  (777700429, 1.0, 777701046, 15.0, 10, 10, 2, 256, -1, 0, 0, 0, 0, 0, 0, 1, 0, 0, 0),
  (777700430, 1.0, 777701024, 15.0, 10, 10, 2, 256, -1, 0, 0, 0, 0, 0, 0, 1, 0, 0, 0),
  (777700430, 1.0, 777701020, 15.0, 10, 10, 2, 256, -1, 0, 0, 0, 0, 0, 0, 1, 0, 0, 0),
  (777700430, 1.0, 777701021, 15.0, 10, 10, 2, 256, -1, 0, 0, 0, 0, 0, 0, 1, 0, 0, 0),
  (777700431, 1.0, 777701031, 15.0, 15, 15, 2, 256, -1, 0, 0, 0, 0, 0, 0, 1, 0, 0, 0),
  (777700431, 1.0, 777701032, 15.0, 15, 15, 2, 256, -1, 0, 0, 0, 0, 0, 0, 1, 0, 0, 0),
  (777700432, 1.0, 777701044, 15.0, 10, 10, 2, 256, -1, 0, 0, 0, 0, 0, 0, 1, 0, 0, 0),
  (777700432, 1.0, 777701045, 15.0, 10, 10, 2, 256, -1, 0, 0, 0, 0, 0, 0, 1, 0, 0, 0),
  (777700432, 1.0, 777701046, 15.0, 10, 10, 2, 256, -1, 0, 0, 0, 0, 0, 0, 1, 0, 0, 0),
  (777700433, 1.0, 777701024, 15.0, 10, 10, 2, 256, -1, 0, 0, 0, 0, 0, 0, 1, 0, 0, 0),
  (777700433, 1.0, 777701020, 15.0, 10, 10, 2, 256, -1, 0, 0, 0, 0, 0, 0, 1, 0, 0, 0),
  (777700433, 1.0, 777701021, 15.0, 10, 10, 2, 256, -1, 0, 0, 0, 0, 0, 0, 1, 0, 0, 0),
  (777700434, 1.0, 777701031, 15.0, 15, 15, 2, 256, -1, 0, 0, 0, 0, 0, 0, 1, 0, 0, 0),
  (777700434, 1.0, 777701032, 15.0, 15, 15, 2, 256, -1, 0, 0, 0, 0, 0, 0, 1, 0, 0, 0),
  (777700435, 1.0, 777701044, 15.0, 10, 10, 2, 256, -1, 0, 0, 0, 0, 0, 0, 1, 0, 0, 0),
  (777700435, 1.0, 777701045, 15.0, 10, 10, 2, 256, -1, 0, 0, 0, 0, 0, 0, 1, 0, 0, 0),
  (777700435, 1.0, 777701046, 15.0, 10, 10, 2, 256, -1, 0, 0, 0, 0, 0, 0, 1, 0, 0, 0),
  (777700436, 1.0, 777701024, 15.0, 10, 10, 2, 256, -1, 0, 0, 0, 0, 0, 0, 1, 0, 0, 0),
  (777700436, 1.0, 777701020, 15.0, 10, 10, 2, 256, -1, 0, 0, 0, 0, 0, 0, 1, 0, 0, 0),
  (777700436, 1.0, 777701021, 15.0, 10, 10, 2, 256, -1, 0, 0, 0, 0, 0, 0, 1, 0, 0, 0),
  (777700437, 1.0, 777701031, 15.0, 15, 15, 2, 256, -1, 0, 0, 0, 0, 0, 0, 1, 0, 0, 0),
  (777700437, 1.0, 777701032, 15.0, 15, 15, 2, 256, -1, 0, 0, 0, 0, 0, 0, 1, 0, 0, 0),
  (777700438, 1.0, 777701044, 15.0, 10, 10, 2, 256, -1, 0, 0, 0, 0, 0, 0, 1, 0, 0, 0),
  (777700438, 1.0, 777701045, 15.0, 10, 10, 2, 256, -1, 0, 0, 0, 0, 0, 0, 1, 0, 0, 0),
  (777700438, 1.0, 777701046, 15.0, 10, 10, 2, 256, -1, 0, 0, 0, 0, 0, 0, 1, 0, 0, 0),
  (777700439, 1.0, 777701024, 15.0, 10, 10, 2, 256, -1, 0, 0, 0, 0, 0, 0, 1, 0, 0, 0),
  (777700439, 1.0, 777701020, 15.0, 10, 10, 2, 256, -1, 0, 0, 0, 0, 0, 0, 1, 0, 0, 0),
  (777700439, 1.0, 777701021, 15.0, 10, 10, 2, 256, -1, 0, 0, 0, 0, 0, 0, 1, 0, 0, 0),
  (777700440, 1.0, 777701031, 15.0, 15, 15, 2, 256, -1, 0, 0, 0, 0, 0, 0, 1, 0, 0, 0),
  (777700440, 1.0, 777701032, 15.0, 15, 15, 2, 256, -1, 0, 0, 0, 0, 0, 0, 1, 0, 0, 0),
  (777700441, 1.0, 777701044, 15.0, 10, 10, 2, 256, -1, 0, 0, 0, 0, 0, 0, 1, 0, 0, 0),
  (777700441, 1.0, 777701045, 15.0, 10, 10, 2, 256, -1, 0, 0, 0, 0, 0, 0, 1, 0, 0, 0),
  (777700441, 1.0, 777701046, 15.0, 10, 10, 2, 256, -1, 0, 0, 0, 0, 0, 0, 1, 0, 0, 0),
  (777700442, 1.0, 777701024, 15.0, 10, 10, 2, 256, -1, 0, 0, 0, 0, 0, 0, 1, 0, 0, 0),
  (777700442, 1.0, 777701020, 15.0, 10, 10, 2, 256, -1, 0, 0, 0, 0, 0, 0, 1, 0, 0, 0),
  (777700442, 1.0, 777701021, 15.0, 10, 10, 2, 256, -1, 0, 0, 0, 0, 0, 0, 1, 0, 0, 0),
  (777700443, 1.0, 777701031, 15.0, 15, 15, 2, 256, -1, 0, 0, 0, 0, 0, 0, 1, 0, 0, 0),
  (777700443, 1.0, 777701032, 15.0, 15, 15, 2, 256, -1, 0, 0, 0, 0, 0, 0, 1, 0, 0, 0),
  (777700444, 1.0, 777701044, 15.0, 10, 10, 2, 256, -1, 0, 0, 0, 0, 0, 0, 1, 0, 0, 0),
  (777700444, 1.0, 777701045, 15.0, 10, 10, 2, 256, -1, 0, 0, 0, 0, 0, 0, 1, 0, 0, 0),
  (777700444, 1.0, 777701046, 15.0, 10, 10, 2, 256, -1, 0, 0, 0, 0, 0, 0, 1, 0, 0, 0),
  (777700445, 1.0, 777701024, 15.0, 10, 10, 2, 256, -1, 0, 0, 0, 0, 0, 0, 1, 0, 0, 0),
  (777700445, 1.0, 777701020, 15.0, 10, 10, 2, 256, -1, 0, 0, 0, 0, 0, 0, 1, 0, 0, 0),
  (777700445, 1.0, 777701021, 15.0, 10, 10, 2, 256, -1, 0, 0, 0, 0, 0, 0, 1, 0, 0, 0),
  (777700446, 1.0, 777701031, 15.0, 15, 15, 2, 256, -1, 0, 0, 0, 0, 0, 0, 1, 0, 0, 0),
  (777700446, 1.0, 777701032, 15.0, 15, 15, 2, 256, -1, 0, 0, 0, 0, 0, 0, 1, 0, 0, 0),
  (777700447, 1.0, 777701044, 15.0, 10, 10, 2, 256, -1, 0, 0, 0, 0, 0, 0, 1, 0, 0, 0),
  (777700447, 1.0, 777701045, 15.0, 10, 10, 2, 256, -1, 0, 0, 0, 0, 0, 0, 1, 0, 0, 0),
  (777700447, 1.0, 777701046, 15.0, 10, 10, 2, 256, -1, 0, 0, 0, 0, 0, 0, 1, 0, 0, 0),
  (777700448, 1.0, 777701024, 15.0, 10, 10, 2, 256, -1, 0, 0, 0, 0, 0, 0, 1, 0, 0, 0),
  (777700448, 1.0, 777701020, 15.0, 10, 10, 2, 256, -1, 0, 0, 0, 0, 0, 0, 1, 0, 0, 0),
  (777700448, 1.0, 777701021, 15.0, 10, 10, 2, 256, -1, 0, 0, 0, 0, 0, 0, 1, 0, 0, 0),
  (777700449, 1.0, 777701031, 15.0, 15, 15, 2, 256, -1, 0, 0, 0, 0, 0, 0, 1, 0, 0, 0),
  (777700449, 1.0, 777701032, 15.0, 15, 15, 2, 256, -1, 0, 0, 0, 0, 0, 0, 1, 0, 0, 0),
  (777700450, 1.0, 777701044, 15.0, 10, 10, 2, 256, -1, 0, 0, 0, 0, 0, 0, 1, 0, 0, 0),
  (777700450, 1.0, 777701045, 15.0, 10, 10, 2, 256, -1, 0, 0, 0, 0, 0, 0, 1, 0, 0, 0),
  (777700450, 1.0, 777701046, 15.0, 10, 10, 2, 256, -1, 0, 0, 0, 0, 0, 0, 1, 0, 0, 0),
  (777700451, 1.0, 777701024, 15.0, 10, 10, 2, 256, -1, 0, 0, 0, 0, 0, 0, 1, 0, 0, 0),
  (777700451, 1.0, 777701020, 15.0, 10, 10, 2, 256, -1, 0, 0, 0, 0, 0, 0, 1, 0, 0, 0),
  (777700451, 1.0, 777701021, 15.0, 10, 10, 2, 256, -1, 0, 0, 0, 0, 0, 0, 1, 0, 0, 0),
  (777700452, 1.0, 777701031, 15.0, 15, 15, 2, 256, -1, 0, 0, 0, 0, 0, 0, 1, 0, 0, 0),
  (777700452, 1.0, 777701032, 15.0, 15, 15, 2, 256, -1, 0, 0, 0, 0, 0, 0, 1, 0, 0, 0),
  (777700453, 1.0, 777701044, 15.0, 10, 10, 2, 256, -1, 0, 0, 0, 0, 0, 0, 1, 0, 0, 0),
  (777700453, 1.0, 777701045, 15.0, 10, 10, 2, 256, -1, 0, 0, 0, 0, 0, 0, 1, 0, 0, 0),
  (777700453, 1.0, 777701046, 15.0, 10, 10, 2, 256, -1, 0, 0, 0, 0, 0, 0, 1, 0, 0, 0),
  (777700454, 1.0, 777701024, 15.0, 10, 10, 2, 256, -1, 0, 0, 0, 0, 0, 0, 1, 0, 0, 0),
  (777700454, 1.0, 777701020, 15.0, 10, 10, 2, 256, -1, 0, 0, 0, 0, 0, 0, 1, 0, 0, 0),
  (777700454, 1.0, 777701021, 15.0, 10, 10, 2, 256, -1, 0, 0, 0, 0, 0, 0, 1, 0, 0, 0),
  (777700455, 1.0, 777701031, 15.0, 15, 15, 2, 256, -1, 0, 0, 0, 0, 0, 0, 1, 0, 0, 0),
  (777700455, 1.0, 777701032, 15.0, 15, 15, 2, 256, -1, 0, 0, 0, 0, 0, 0, 1, 0, 0, 0),
  (777700456, 1.0, 777701044, 15.0, 10, 10, 2, 256, -1, 0, 0, 0, 0, 0, 0, 1, 0, 0, 0),
  (777700456, 1.0, 777701045, 15.0, 10, 10, 2, 256, -1, 0, 0, 0, 0, 0, 0, 1, 0, 0, 0),
  (777700456, 1.0, 777701046, 15.0, 10, 10, 2, 256, -1, 0, 0, 0, 0, 0, 0, 1, 0, 0, 0),
  (777700457, 1.0, 777701024, 15.0, 10, 10, 2, 256, -1, 0, 0, 0, 0, 0, 0, 1, 0, 0, 0),
  (777700457, 1.0, 777701020, 15.0, 10, 10, 2, 256, -1, 0, 0, 0, 0, 0, 0, 1, 0, 0, 0),
  (777700457, 1.0, 777701021, 15.0, 10, 10, 2, 256, -1, 0, 0, 0, 0, 0, 0, 1, 0, 0, 0),
  (777700458, 1.0, 777701031, 15.0, 15, 15, 2, 256, -1, 0, 0, 0, 0, 0, 0, 1, 0, 0, 0),
  (777700458, 1.0, 777701032, 15.0, 15, 15, 2, 256, -1, 0, 0, 0, 0, 0, 0, 1, 0, 0, 0),
  (777700459, 1.0, 777701044, 15.0, 10, 10, 2, 256, -1, 0, 0, 0, 0, 0, 0, 1, 0, 0, 0),
  (777700459, 1.0, 777701045, 15.0, 10, 10, 2, 256, -1, 0, 0, 0, 0, 0, 0, 1, 0, 0, 0),
  (777700459, 1.0, 777701046, 15.0, 10, 10, 2, 256, -1, 0, 0, 0, 0, 0, 0, 1, 0, 0, 0),
  (777700460, 1.0, 777701024, 15.0, 10, 10, 2, 256, -1, 0, 0, 0, 0, 0, 0, 1, 0, 0, 0),
  (777700460, 1.0, 777701020, 15.0, 10, 10, 2, 256, -1, 0, 0, 0, 0, 0, 0, 1, 0, 0, 0),
  (777700460, 1.0, 777701021, 15.0, 10, 10, 2, 256, -1, 0, 0, 0, 0, 0, 0, 1, 0, 0, 0),
  (777700461, 1.0, 777701031, 15.0, 15, 15, 2, 256, -1, 0, 0, 0, 0, 0, 0, 1, 0, 0, 0),
  (777700461, 1.0, 777701032, 15.0, 15, 15, 2, 256, -1, 0, 0, 0, 0, 0, 0, 1, 0, 0, 0),
  (777700462, 1.0, 777701044, 15.0, 10, 10, 2, 256, -1, 0, 0, 0, 0, 0, 0, 1, 0, 0, 0),
  (777700462, 1.0, 777701045, 15.0, 10, 10, 2, 256, -1, 0, 0, 0, 0, 0, 0, 1, 0, 0, 0),
  (777700462, 1.0, 777701046, 15.0, 10, 10, 2, 256, -1, 0, 0, 0, 0, 0, 0, 1, 0, 0, 0),
  (777700463, 1.0, 777701024, 15.0, 10, 10, 2, 256, -1, 0, 0, 0, 0, 0, 0, 1, 0, 0, 0),
  (777700463, 1.0, 777701020, 15.0, 10, 10, 2, 256, -1, 0, 0, 0, 0, 0, 0, 1, 0, 0, 0),
  (777700463, 1.0, 777701021, 15.0, 10, 10, 2, 256, -1, 0, 0, 0, 0, 0, 0, 1, 0, 0, 0),
  (777700464, 1.0, 777701031, 15.0, 15, 15, 2, 256, -1, 0, 0, 0, 0, 0, 0, 1, 0, 0, 0),
  (777700464, 1.0, 777701032, 15.0, 15, 15, 2, 256, -1, 0, 0, 0, 0, 0, 0, 1, 0, 0, 0),
  (777700465, 1.0, 777701044, 15.0, 10, 10, 2, 256, -1, 0, 0, 0, 0, 0, 0, 1, 0, 0, 0),
  (777700465, 1.0, 777701045, 15.0, 10, 10, 2, 256, -1, 0, 0, 0, 0, 0, 0, 1, 0, 0, 0),
  (777700465, 1.0, 777701046, 15.0, 10, 10, 2, 256, -1, 0, 0, 0, 0, 0, 0, 1, 0, 0, 0),
  (777700466, 1.0, 777701024, 15.0, 10, 10, 2, 256, -1, 0, 0, 0, 0, 0, 0, 1, 0, 0, 0),
  (777700466, 1.0, 777701020, 15.0, 10, 10, 2, 256, -1, 0, 0, 0, 0, 0, 0, 1, 0, 0, 0),
  (777700466, 1.0, 777701021, 15.0, 10, 10, 2, 256, -1, 0, 0, 0, 0, 0, 0, 1, 0, 0, 0),
  (777700467, 1.0, 777701031, 15.0, 15, 15, 2, 256, -1, 0, 0, 0, 0, 0, 0, 1, 0, 0, 0),
  (777700467, 1.0, 777701032, 15.0, 15, 15, 2, 256, -1, 0, 0, 0, 0, 0, 0, 1, 0, 0, 0),
  (777700468, 1.0, 777701044, 15.0, 10, 10, 2, 256, -1, 0, 0, 0, 0, 0, 0, 1, 0, 0, 0),
  (777700468, 1.0, 777701045, 15.0, 10, 10, 2, 256, -1, 0, 0, 0, 0, 0, 0, 1, 0, 0, 0),
  (777700468, 1.0, 777701046, 15.0, 10, 10, 2, 256, -1, 0, 0, 0, 0, 0, 0, 1, 0, 0, 0),
  (777700469, 1.0, 777701024, 15.0, 10, 10, 2, 256, -1, 0, 0, 0, 0, 0, 0, 1, 0, 0, 0),
  (777700469, 1.0, 777701020, 15.0, 10, 10, 2, 256, -1, 0, 0, 0, 0, 0, 0, 1, 0, 0, 0),
  (777700469, 1.0, 777701021, 15.0, 10, 10, 2, 256, -1, 0, 0, 0, 0, 0, 0, 1, 0, 0, 0),
  (777700470, 1.0, 777701031, 15.0, 15, 15, 2, 256, -1, 0, 0, 0, 0, 0, 0, 1, 0, 0, 0),
  (777700470, 1.0, 777701032, 15.0, 15, 15, 2, 256, -1, 0, 0, 0, 0, 0, 0, 1, 0, 0, 0),
  (777700471, 1.0, 777701044, 15.0, 10, 10, 2, 256, -1, 0, 0, 0, 0, 0, 0, 1, 0, 0, 0),
  (777700471, 1.0, 777701045, 15.0, 10, 10, 2, 256, -1, 0, 0, 0, 0, 0, 0, 1, 0, 0, 0),
  (777700471, 1.0, 777701046, 15.0, 10, 10, 2, 256, -1, 0, 0, 0, 0, 0, 0, 1, 0, 0, 0),
  (777700472, 1.0, 777701024, 15.0, 10, 10, 2, 256, -1, 0, 0, 0, 0, 0, 0, 1, 0, 0, 0),
  (777700472, 1.0, 777701020, 15.0, 10, 10, 2, 256, -1, 0, 0, 0, 0, 0, 0, 1, 0, 0, 0),
  (777700472, 1.0, 777701021, 15.0, 10, 10, 2, 256, -1, 0, 0, 0, 0, 0, 0, 1, 0, 0, 0),
  (777700473, 1.0, 777701031, 15.0, 15, 15, 2, 256, -1, 0, 0, 0, 0, 0, 0, 1, 0, 0, 0),
  (777700473, 1.0, 777701032, 15.0, 15, 15, 2, 256, -1, 0, 0, 0, 0, 0, 0, 1, 0, 0, 0),
  (777700474, 1.0, 777701044, 15.0, 10, 10, 2, 256, -1, 0, 0, 0, 0, 0, 0, 1, 0, 0, 0),
  (777700474, 1.0, 777701045, 15.0, 10, 10, 2, 256, -1, 0, 0, 0, 0, 0, 0, 1, 0, 0, 0),
  (777700474, 1.0, 777701046, 15.0, 10, 10, 2, 256, -1, 0, 0, 0, 0, 0, 0, 1, 0, 0, 0);

-- 9. Landblock Placements
INSERT INTO `landblock_instance` (`weenie_Class_Id`, `obj_Cell_Id`, `origin_X`, `origin_Y`, `origin_Z`, `angles_W`, `angles_X`, `angles_Y`, `angles_Z`, `is_Link_Child`) VALUES
  (777700400, 2404909115, 183.851, 60.183, 9.326, 1.0, 0.0, 0.0, 0.0, 0),
  (777700401, 2404909115, 183.851, 60.183, 9.326, 1.0, 0.0, 0.0, 0.0, 0),
  (777700402, 2404909115, 183.851, 60.183, 9.326, 1.0, 0.0, 0.0, 0.0, 0),
  (777700403, 2240282668, 120.359, 95.47, 90.049, 1.0, 0.0, 0.0, 0.0, 0),
  (777700404, 2240282668, 120.359, 95.47, 90.049, 1.0, 0.0, 0.0, 0.0, 0),
  (777700405, 2240282668, 120.359, 95.47, 90.049, 1.0, 0.0, 0.0, 0.0, 0),
  (777700406, 3332964361, 46.805, 4.219, 42.005, 1.0, 0.0, 0.0, 0.0, 0),
  (777700407, 3332964361, 46.805, 4.219, 42.005, 1.0, 0.0, 0.0, 0.0, 0),
  (777700408, 3332964361, 46.805, 4.219, 42.005, 1.0, 0.0, 0.0, 0.0, 0),
  (777700409, 3460366343, 12.6, 152.8, 55.1, 1.0, 0.0, 0.0, 0.0, 0),
  (777700410, 3460366343, 12.6, 152.8, 55.1, 1.0, 0.0, 0.0, 0.0, 0),
  (777700411, 3460366343, 12.6, 152.8, 55.1, 1.0, 0.0, 0.0, 0.0, 0),
  (777700412, 3147759680, 169.358, 168.251, 54.005, 1.0, 0.0, 0.0, 0.0, 0),
  (777700413, 3147759680, 169.358, 168.251, 54.005, 1.0, 0.0, 0.0, 0.0, 0),
  (777700414, 3147759680, 169.358, 168.251, 54.005, 1.0, 0.0, 0.0, 0.0, 0),
  (777700415, 3465805877, 151.053, 112.61, 17.417, 1.0, 0.0, 0.0, 0.0, 0),
  (777700416, 3465805877, 151.053, 112.61, 17.417, 1.0, 0.0, 0.0, 0.0, 0),
  (777700417, 3465805877, 151.053, 112.61, 17.417, 1.0, 0.0, 0.0, 0.0, 0),
  (777700418, 2695102501, 96.302, 119.847, 59.955, 1.0, 0.0, 0.0, 0.0, 0),
  (777700419, 2695102501, 96.302, 119.847, 59.955, 1.0, 0.0, 0.0, 0.0, 0),
  (777700420, 2695102501, 96.302, 119.847, 59.955, 1.0, 0.0, 0.0, 0.0, 0),
  (777700421, 3863871535, 138.304, 161.905, 20.04, 1.0, 0.0, 0.0, 0.0, 0),
  (777700422, 3863871535, 138.304, 161.905, 20.04, 1.0, 0.0, 0.0, 0.0, 0),
  (777700423, 3863871535, 138.304, 161.905, 20.04, 1.0, 0.0, 0.0, 0.0, 0),
  (777700424, 2847146009, 84, 7.1, 94, 1.0, 0.0, 0.0, 0.0, 0),
  (777700425, 2847146009, 84, 7.1, 94, 1.0, 0.0, 0.0, 0.0, 0),
  (777700426, 2847146009, 84, 7.1, 94, 1.0, 0.0, 0.0, 0.0, 0),
  (777700427, 3122069561, 181.2, 3.2, 167.7, 1.0, 0.0, 0.0, 0.0, 0),
  (777700428, 3122069561, 181.2, 3.2, 167.7, 1.0, 0.0, 0.0, 0.0, 0),
  (777700429, 3122069561, 181.2, 3.2, 167.7, 1.0, 0.0, 0.0, 0.0, 0),
  (777700430, 2672033810, 90, 24.553, 31.885, 1.0, 0.0, 0.0, 0.0, 0),
  (777700431, 2672033810, 90, 24.553, 31.885, 1.0, 0.0, 0.0, 0.0, 0),
  (777700432, 2672033810, 90, 24.553, 31.885, 1.0, 0.0, 0.0, 0.0, 0),
  (777700433, 3229614087, 11.723, 155.56, 33.028, 1.0, 0.0, 0.0, 0.0, 0),
  (777700434, 3229614087, 11.723, 155.56, 33.028, 1.0, 0.0, 0.0, 0.0, 0),
  (777700435, 3229614087, 11.723, 155.56, 33.028, 1.0, 0.0, 0.0, 0.0, 0),
  (777700436, 3862036513, 107.417, 10.763, 29.908, 1.0, 0.0, 0.0, 0.0, 0),
  (777700437, 3862036513, 107.417, 10.763, 29.908, 1.0, 0.0, 0.0, 0.0, 0),
  (777700438, 3862036513, 107.417, 10.763, 29.908, 1.0, 0.0, 0.0, 0.0, 0),
  (777700439, 3862822946, 96.96, 37.722, 74.542, 1.0, 0.0, 0.0, 0.0, 0),
  (777700440, 3862822946, 96.96, 37.722, 74.542, 1.0, 0.0, 0.0, 0.0, 0),
  (777700441, 3862822946, 96.96, 37.722, 74.542, 1.0, 0.0, 0.0, 0.0, 0),
  (777700442, 2513829939, 146.9, 71.3, 99.8, 1.0, 0.0, 0.0, 0.0, 0),
  (777700443, 2513829939, 146.9, 71.3, 99.8, 1.0, 0.0, 0.0, 0.0, 0),
  (777700444, 2513829939, 146.9, 71.3, 99.8, 1.0, 0.0, 0.0, 0.0, 0),
  (777700445, 3381395496, 113.666, 190.259, 22.005, 1.0, 0.0, 0.0, 0.0, 0),
  (777700446, 3381395496, 113.666, 190.259, 22.005, 1.0, 0.0, 0.0, 0.0, 0),
  (777700447, 3381395496, 113.666, 190.259, 22.005, 1.0, 0.0, 0.0, 0.0, 0),
  (777700448, 2541420556, 25.811, 73.853, 0.005, 1.0, 0.0, 0.0, 0.0, 0),
  (777700449, 2541420556, 25.811, 73.853, 0.005, 1.0, 0.0, 0.0, 0.0, 0),
  (777700450, 2541420556, 25.811, 73.853, 0.005, 1.0, 0.0, 0.0, 0.0, 0),
  (777700451, 3378184193, 14.8, 0.3, 12, 1.0, 0.0, 0.0, 0.0, 0),
  (777700452, 3378184193, 14.8, 0.3, 12, 1.0, 0.0, 0.0, 0.0, 0),
  (777700453, 3378184193, 14.8, 0.3, 12, 1.0, 0.0, 0.0, 0.0, 0),
  (777700454, 3663003677, 84.8, 99, 20, 1.0, 0.0, 0.0, 0.0, 0),
  (777700455, 3663003677, 84.8, 99, 20, 1.0, 0.0, 0.0, 0.0, 0),
  (777700456, 3663003677, 84.8, 99, 20, 1.0, 0.0, 0.0, 0.0, 0),
  (777700457, 1691680779, 30, 50, 78, 1.0, 0.0, 0.0, 0.0, 0),
  (777700458, 1691680779, 30, 50, 78, 1.0, 0.0, 0.0, 0.0, 0),
  (777700459, 1691680779, 30, 50, 78, 1.0, 0.0, 0.0, 0.0, 0),
  (777700460, 2272002056, 2, 186.9, 18, 1.0, 0.0, 0.0, 0.0, 0),
  (777700461, 2272002056, 2, 186.9, 18, 1.0, 0.0, 0.0, 0.0, 0),
  (777700462, 2272002056, 2, 186.9, 18, 1.0, 0.0, 0.0, 0.0, 0),
  (777700463, 2724200508, 182.919, 87.934, 20.005, 1.0, 0.0, 0.0, 0.0, 0),
  (777700464, 2724200508, 182.919, 87.934, 20.005, 1.0, 0.0, 0.0, 0.0, 0),
  (777700465, 2724200508, 182.919, 87.934, 20.005, 1.0, 0.0, 0.0, 0.0, 0),
  (777700466, 3027173406, 75.2, 124.1, 34.69, 1.0, 0.0, 0.0, 0.0, 0),
  (777700467, 3027173406, 75.2, 124.1, 34.69, 1.0, 0.0, 0.0, 0.0, 0),
  (777700468, 3027173406, 75.2, 124.1, 34.69, 1.0, 0.0, 0.0, 0.0, 0),
  (777700469, 2103705613, 31.9, 104.6, 11.9, 1.0, 0.0, 0.0, 0.0, 0),
  (777700470, 2103705613, 31.9, 104.6, 11.9, 1.0, 0.0, 0.0, 0.0, 0),
  (777700471, 2103705613, 31.9, 104.6, 11.9, 1.0, 0.0, 0.0, 0.0, 0),
  (777700472, 2156920851, 64.863, 55.687, 124.005, 1.0, 0.0, 0.0, 0.0, 0),
  (777700473, 2156920851, 64.863, 55.687, 124.005, 1.0, 0.0, 0.0, 0.0, 0),
  (777700474, 2156920851, 64.863, 55.687, 124.005, 1.0, 0.0, 0.0, 0.0, 0);

