-- T11 Tou Tou Mob Clones — 730000001 to 730000051
-- Stat template: Lich (WCID 204). Visuals from source WCIDs.
-- Generated from DB on 2026-07-01

DELETE FROM `weenie` WHERE `class_Id` BETWEEN 730000001 AND 730000051;

INSERT INTO `weenie` (`class_Id`,`class_Name`,`type`,`last_Modified`) VALUES (730000001,'t11_tou_banderling_bandit',10,NOW());
INSERT INTO `weenie_properties_string` (`object_Id`,`type`,`value`) VALUES
  (730000001,1,'Banderling Bandit');
INSERT INTO `weenie_properties_int` (`object_Id`,`type`,`value`) VALUES
  (730000001,1,16),
  (730000001,2,2),
  (730000001,3,46),
  (730000001,6,-1),
  (730000001,7,-1),
  (730000001,16,1),
  (730000001,25,50),
  (730000001,27,0),
  (730000001,40,2),
  (730000001,68,3),
  (730000001,93,1032),
  (730000001,101,131),
  (730000001,133,2),
  (730000001,140,1),
  (730000001,146,10000);
INSERT INTO `weenie_properties_float` (`object_Id`,`type`,`value`) VALUES
  (730000001,1,5),
  (730000001,2,0),
  (730000001,3,0.1),
  (730000001,4,5),
  (730000001,5,2),
  (730000001,12,0.5),
  (730000001,13,0.46),
  (730000001,14,0.31),
  (730000001,15,0.52),
  (730000001,16,0.46),
  (730000001,17,0.83),
  (730000001,18,0.31),
  (730000001,19,1.09),
  (730000001,31,20),
  (730000001,34,1),
  (730000001,36,1),
  (730000001,39,1.3),
  (730000001,64,0.76),
  (730000001,65,0.65),
  (730000001,66,0.5),
  (730000001,67,1.08),
  (730000001,68,0.76),
  (730000001,69,0.65),
  (730000001,70,1.32),
  (730000001,71,1),
  (730000001,72,1),
  (730000001,73,1),
  (730000001,74,1),
  (730000001,75,1),
  (730000001,104,10),
  (730000001,125,1);
INSERT INTO `weenie_properties_bool` (`object_Id`,`type`,`value`) VALUES
  (730000001,1,1),
  (730000001,11,0),
  (730000001,12,1),
  (730000001,13,0),
  (730000001,14,1),
  (730000001,19,1);
INSERT INTO `weenie_properties_d_i_d` (`object_Id`,`type`,`value`) VALUES
  (730000001,1,33558024),
  (730000001,2,150994951),
  (730000001,3,536870917),
  (730000001,4,805306370),
  (730000001,6,67114021),
  (730000001,7,268436496),
  (730000001,8,100667453),
  (730000001,22,872415255),
  (730000001,32,300),
  (730000001,35,451);
INSERT INTO `weenie_properties_attribute` (`object_Id`,`type`,`init_Level`,`level_From_C_P`,`c_P_Spent`) VALUES
  (730000001,1,50,0,0),
  (730000001,2,60,0,0),
  (730000001,3,30,0,0),
  (730000001,4,80,0,0),
  (730000001,5,125,0,0),
  (730000001,6,115,0,0);
INSERT INTO `weenie_properties_attribute_2nd` (`object_Id`,`type`,`init_Level`,`level_From_C_P`,`c_P_Spent`,`current_Level`) VALUES
  (730000001,1,60,0,0,90),
  (730000001,3,70,0,0,130),
  (730000001,5,40,0,0,155);
INSERT INTO `weenie_properties_skill` (`object_Id`,`type`,`level_From_P_P`,`s_a_c`,`p_p`,`init_Level`,`resistance_At_Last_Check`,`last_Used_Time`) VALUES
  (730000001,6,0,3,0,86,0,0),
  (730000001,7,0,3,0,126,0,0),
  (730000001,14,0,3,0,50,0,0),
  (730000001,15,0,3,0,76,0,0),
  (730000001,20,0,3,0,50,0,0),
  (730000001,31,0,3,0,24,0,0),
  (730000001,33,0,3,0,24,0,0),
  (730000001,34,0,3,0,24,0,0),
  (730000001,44,0,3,0,90,0,0),
  (730000001,45,0,3,0,90,0,0),
  (730000001,46,0,3,0,90,0,0),
  (730000001,47,0,3,0,100,0,0),
  (730000001,48,0,3,0,90,0,0);
INSERT INTO `weenie_properties_body_part` (`object_Id`,`key`,`d_Type`,`d_Val`,`d_Var`,`base_Armor`,`armor_Vs_Slash`,`armor_Vs_Pierce`,`armor_Vs_Bludgeon`,`armor_Vs_Cold`,`armor_Vs_Fire`,`armor_Vs_Acid`,`armor_Vs_Electric`,`armor_Vs_Nether`,`b_h`,`h_l_f`,`m_l_f`,`l_l_f`,`h_r_f`,`m_r_f`,`l_r_f`,`h_l_b`,`m_l_b`,`l_l_b`,`h_r_b`,`m_r_b`,`l_r_b`) VALUES
  (730000001,0,4,0,0,70,56,21,39,13,35,39,47,0,1,0.33000001311302185,0,0,0.33000001311302185,0,0,0.33000001311302185,0,0,0.33000001311302185,0,0),
  (730000001,1,4,0,0,80,64,24,44,14,40,44,54,0,2,0.4399999976158142,0.17000000178813934,0,0.4399999976158142,0.17000000178813934,0,0.4399999976158142,0.17000000178813934,0,0.4399999976158142,0.17000000178813934,0),
  (730000001,2,4,0,0,80,64,24,44,14,40,44,54,0,3,0,0.17000000178813934,0,0,0.17000000178813934,0,0,0.17000000178813934,0,0,0.17000000178813934,0),
  (730000001,3,4,0,0,70,56,21,39,13,35,39,47,0,1,0.23000000417232513,0.029999999329447746,0,0.23000000417232513,0.029999999329447746,0,0.23000000417232513,0.029999999329447746,0,0.23000000417232513,0.029999999329447746,0),
  (730000001,4,4,0,0,80,64,24,44,14,40,44,54,0,2,0,0.30000001192092896,0,0,0.30000001192092896,0,0,0.30000001192092896,0,0,0.30000001192092896,0),
  (730000001,5,4,2,0.75,80,64,24,44,14,40,44,54,0,2,0,0.20000000298023224,0,0,0.20000000298023224,0,0,0.20000000298023224,0,0,0.20000000298023224,0),
  (730000001,6,4,0,0,90,72,27,50,16,45,50,60,0,3,0,0.12999999523162842,0.18000000715255737,0,0.12999999523162842,0.18000000715255737,0,0.12999999523162842,0.18000000715255737,0,0.12999999523162842,0.18000000715255737),
  (730000001,7,4,0,0,90,72,27,50,16,45,50,60,0,3,0,0,0.6000000238418579,0,0,0.6000000238418579,0,0,0.6000000238418579,0,0,0.6000000238418579),
  (730000001,8,4,3,0.75,90,72,27,50,16,45,50,60,0,3,0,0,0.2199999988079071,0,0,0.2199999988079071,0,0,0.2199999988079071,0,0,0.2199999988079071);
INSERT INTO `weenie_properties_spell_book` (`object_Id`,`spell`,`probability`) VALUES
  (730000001,59,2.0290000438690186),
  (730000001,65,2.0290000438690186),
  (730000001,70,2.0290000438690186),
  (730000001,76,2.0290000438690186),
  (730000001,81,2.0290000438690186),
  (730000001,87,2.0290000438690186),
  (730000001,93,2.0290000438690186),
  (730000001,172,2.009000062942505),
  (730000001,1238,2.0199999809265137),
  (730000001,1250,2.0199999809265137),
  (730000001,1261,2.0199999809265137),
  (730000001,1339,2.009000062942505),
  (730000001,1368,2.009000062942505),
  (730000001,1392,2.009000062942505),
  (730000001,1416,2.009000062942505),
  (730000001,1440,2.009000062942505),
  (730000001,1464,2.009000062942505);
INSERT INTO `weenie_properties_create_list` (`object_Id`,`destination_Type`,`weenie_Class_Id`,`stack_Size`,`palette`,`shade`,`try_To_Bond`) VALUES
  (730000001,9,1481,0,0,1,0),
  (730000001,9,0,0,0,0,0),
  (730000001,9,7825,0,0,0.029999999329447746,0),
  (730000001,9,0,0,0,0.9700000286102295,0);

INSERT INTO `weenie` (`class_Id`,`class_Name`,`type`,`last_Modified`) VALUES (730000002,'t11_tou_banderling_raver',10,NOW());
INSERT INTO `weenie_properties_string` (`object_Id`,`type`,`value`) VALUES
  (730000002,1,'Banderling Raver');
INSERT INTO `weenie_properties_int` (`object_Id`,`type`,`value`) VALUES
  (730000002,1,16),
  (730000002,2,2),
  (730000002,3,44),
  (730000002,6,-1),
  (730000002,7,-1),
  (730000002,16,1),
  (730000002,25,15),
  (730000002,27,0),
  (730000002,40,2),
  (730000002,68,3),
  (730000002,93,1032),
  (730000002,101,131),
  (730000002,133,2),
  (730000002,140,1),
  (730000002,146,2000);
INSERT INTO `weenie_properties_float` (`object_Id`,`type`,`value`) VALUES
  (730000002,1,5),
  (730000002,2,0),
  (730000002,3,0.25),
  (730000002,4,5),
  (730000002,5,2),
  (730000002,12,0.5),
  (730000002,13,0.31),
  (730000002,14,0.1),
  (730000002,15,0.22),
  (730000002,16,0.31),
  (730000002,17,0.7),
  (730000002,18,0.1),
  (730000002,19,0.6),
  (730000002,31,20),
  (730000002,34,1),
  (730000002,36,1),
  (730000002,39,1.3),
  (730000002,64,0.76),
  (730000002,65,0.65),
  (730000002,66,0.5),
  (730000002,67,1),
  (730000002,68,0.76),
  (730000002,69,0.65),
  (730000002,70,1),
  (730000002,71,1),
  (730000002,72,1),
  (730000002,73,1),
  (730000002,74,1),
  (730000002,75,1),
  (730000002,80,3),
  (730000002,104,10),
  (730000002,125,1);
INSERT INTO `weenie_properties_bool` (`object_Id`,`type`,`value`) VALUES
  (730000002,1,1),
  (730000002,6,1),
  (730000002,11,0),
  (730000002,12,1),
  (730000002,13,0),
  (730000002,14,1),
  (730000002,19,1);
INSERT INTO `weenie_properties_d_i_d` (`object_Id`,`type`,`value`) VALUES
  (730000002,1,33558024),
  (730000002,2,150994951),
  (730000002,3,536870917),
  (730000002,4,805306370),
  (730000002,6,67114021),
  (730000002,7,268436496),
  (730000002,8,100667453),
  (730000002,22,872415255),
  (730000002,32,55),
  (730000002,35,453);
INSERT INTO `weenie_properties_attribute` (`object_Id`,`type`,`init_Level`,`level_From_C_P`,`c_P_Spent`) VALUES
  (730000002,1,50,0,0),
  (730000002,2,60,0,0),
  (730000002,3,30,0,0),
  (730000002,4,80,0,0),
  (730000002,5,125,0,0),
  (730000002,6,115,0,0);
INSERT INTO `weenie_properties_attribute_2nd` (`object_Id`,`type`,`init_Level`,`level_From_C_P`,`c_P_Spent`,`current_Level`) VALUES
  (730000002,1,60,0,0,90),
  (730000002,3,70,0,0,130),
  (730000002,5,40,0,0,155);
INSERT INTO `weenie_properties_skill` (`object_Id`,`type`,`level_From_P_P`,`s_a_c`,`p_p`,`init_Level`,`resistance_At_Last_Check`,`last_Used_Time`) VALUES
  (730000002,6,0,3,0,86,0,0),
  (730000002,7,0,3,0,126,0,0),
  (730000002,14,0,3,0,50,0,0),
  (730000002,15,0,3,0,76,0,0),
  (730000002,20,0,3,0,50,0,0),
  (730000002,31,0,3,0,24,0,0),
  (730000002,33,0,3,0,24,0,0),
  (730000002,34,0,3,0,24,0,0),
  (730000002,44,0,3,0,90,0,0),
  (730000002,45,0,3,0,90,0,0),
  (730000002,46,0,3,0,90,0,0),
  (730000002,47,0,3,0,100,0,0),
  (730000002,48,0,3,0,90,0,0);
INSERT INTO `weenie_properties_body_part` (`object_Id`,`key`,`d_Type`,`d_Val`,`d_Var`,`base_Armor`,`armor_Vs_Slash`,`armor_Vs_Pierce`,`armor_Vs_Bludgeon`,`armor_Vs_Cold`,`armor_Vs_Fire`,`armor_Vs_Acid`,`armor_Vs_Electric`,`armor_Vs_Nether`,`b_h`,`h_l_f`,`m_l_f`,`l_l_f`,`h_r_f`,`m_r_f`,`l_r_f`,`h_l_b`,`m_l_b`,`l_l_b`,`h_r_b`,`m_r_b`,`l_r_b`) VALUES
  (730000002,0,4,0,0,70,56,21,39,13,35,39,47,0,1,0.33000001311302185,0,0,0.33000001311302185,0,0,0.33000001311302185,0,0,0.33000001311302185,0,0),
  (730000002,1,4,0,0,80,64,24,44,14,40,44,54,0,2,0.4399999976158142,0.17000000178813934,0,0.4399999976158142,0.17000000178813934,0,0.4399999976158142,0.17000000178813934,0,0.4399999976158142,0.17000000178813934,0),
  (730000002,2,4,0,0,80,64,24,44,14,40,44,54,0,3,0,0.17000000178813934,0,0,0.17000000178813934,0,0,0.17000000178813934,0,0,0.17000000178813934,0),
  (730000002,3,4,0,0,70,56,21,39,13,35,39,47,0,1,0.23000000417232513,0.029999999329447746,0,0.23000000417232513,0.029999999329447746,0,0.23000000417232513,0.029999999329447746,0,0.23000000417232513,0.029999999329447746,0),
  (730000002,4,4,0,0,80,64,24,44,14,40,44,54,0,2,0,0.30000001192092896,0,0,0.30000001192092896,0,0,0.30000001192092896,0,0,0.30000001192092896,0),
  (730000002,5,4,2,0.75,80,64,24,44,14,40,44,54,0,2,0,0.20000000298023224,0,0,0.20000000298023224,0,0,0.20000000298023224,0,0,0.20000000298023224,0),
  (730000002,6,4,0,0,90,72,27,50,16,45,50,60,0,3,0,0.12999999523162842,0.18000000715255737,0,0.12999999523162842,0.18000000715255737,0,0.12999999523162842,0.18000000715255737,0,0.12999999523162842,0.18000000715255737),
  (730000002,7,4,0,0,90,72,27,50,16,45,50,60,0,3,0,0,0.6000000238418579,0,0,0.6000000238418579,0,0,0.6000000238418579,0,0,0.6000000238418579),
  (730000002,8,4,3,0.75,90,72,27,50,16,45,50,60,0,3,0,0,0.2199999988079071,0,0,0.2199999988079071,0,0,0.2199999988079071,0,0,0.2199999988079071);
INSERT INTO `weenie_properties_spell_book` (`object_Id`,`spell`,`probability`) VALUES
  (730000002,59,2.0290000438690186),
  (730000002,65,2.0290000438690186),
  (730000002,70,2.0290000438690186),
  (730000002,76,2.0290000438690186),
  (730000002,81,2.0290000438690186),
  (730000002,87,2.0290000438690186),
  (730000002,93,2.0290000438690186),
  (730000002,172,2.009000062942505),
  (730000002,1238,2.0199999809265137),
  (730000002,1250,2.0199999809265137),
  (730000002,1261,2.0199999809265137),
  (730000002,1339,2.009000062942505),
  (730000002,1368,2.009000062942505),
  (730000002,1392,2.009000062942505),
  (730000002,1416,2.009000062942505),
  (730000002,1440,2.009000062942505),
  (730000002,1464,2.009000062942505);
INSERT INTO `weenie_properties_create_list` (`object_Id`,`destination_Type`,`weenie_Class_Id`,`stack_Size`,`palette`,`shade`,`try_To_Bond`) VALUES
  (730000002,9,3693,0,0,0.05000000074505806,0),
  (730000002,9,0,0,0,0.949999988079071,0),
  (730000002,9,7825,0,0,0.029999999329447746,0),
  (730000002,9,0,0,0,0.9700000286102295,0);

INSERT INTO `weenie` (`class_Id`,`class_Name`,`type`,`last_Modified`) VALUES (730000003,'t11_tou_banderling_striker',10,NOW());
INSERT INTO `weenie_properties_string` (`object_Id`,`type`,`value`) VALUES
  (730000003,1,'Banderling Striker');
INSERT INTO `weenie_properties_int` (`object_Id`,`type`,`value`) VALUES
  (730000003,1,16),
  (730000003,2,2),
  (730000003,3,44),
  (730000003,6,-1),
  (730000003,7,-1),
  (730000003,16,1),
  (730000003,25,50),
  (730000003,27,0),
  (730000003,40,2),
  (730000003,68,3),
  (730000003,93,1032),
  (730000003,101,131),
  (730000003,133,2),
  (730000003,140,1),
  (730000003,146,10000);
INSERT INTO `weenie_properties_float` (`object_Id`,`type`,`value`) VALUES
  (730000003,1,5),
  (730000003,2,0),
  (730000003,3,0.4),
  (730000003,4,5),
  (730000003,5,2),
  (730000003,12,0.5),
  (730000003,13,0.46),
  (730000003,14,0.31),
  (730000003,15,0.52),
  (730000003,16,0.46),
  (730000003,17,0.83),
  (730000003,18,0.31),
  (730000003,19,1.09),
  (730000003,31,22),
  (730000003,34,1),
  (730000003,36,1),
  (730000003,39,1.25),
  (730000003,64,0.76),
  (730000003,65,0.65),
  (730000003,66,0.5),
  (730000003,67,1.08),
  (730000003,68,0.76),
  (730000003,69,0.65),
  (730000003,70,1.32),
  (730000003,71,1),
  (730000003,72,1),
  (730000003,73,1),
  (730000003,74,1),
  (730000003,75,1),
  (730000003,80,3),
  (730000003,104,10),
  (730000003,122,2),
  (730000003,125,1);
INSERT INTO `weenie_properties_bool` (`object_Id`,`type`,`value`) VALUES
  (730000003,1,1),
  (730000003,6,1),
  (730000003,11,0),
  (730000003,12,1),
  (730000003,13,0),
  (730000003,14,1),
  (730000003,19,1),
  (730000003,50,1);
INSERT INTO `weenie_properties_d_i_d` (`object_Id`,`type`,`value`) VALUES
  (730000003,1,33558024),
  (730000003,2,150994951),
  (730000003,3,536870917),
  (730000003,4,805306370),
  (730000003,6,67114021),
  (730000003,7,268436497),
  (730000003,8,100667453),
  (730000003,22,872415255),
  (730000003,35,451);
INSERT INTO `weenie_properties_attribute` (`object_Id`,`type`,`init_Level`,`level_From_C_P`,`c_P_Spent`) VALUES
  (730000003,1,50,0,0),
  (730000003,2,60,0,0),
  (730000003,3,30,0,0),
  (730000003,4,80,0,0),
  (730000003,5,125,0,0),
  (730000003,6,115,0,0);
INSERT INTO `weenie_properties_attribute_2nd` (`object_Id`,`type`,`init_Level`,`level_From_C_P`,`c_P_Spent`,`current_Level`) VALUES
  (730000003,1,60,0,0,90),
  (730000003,3,70,0,0,130),
  (730000003,5,40,0,0,155);
INSERT INTO `weenie_properties_skill` (`object_Id`,`type`,`level_From_P_P`,`s_a_c`,`p_p`,`init_Level`,`resistance_At_Last_Check`,`last_Used_Time`) VALUES
  (730000003,6,0,3,0,86,0,0),
  (730000003,7,0,3,0,126,0,0),
  (730000003,14,0,3,0,50,0,0),
  (730000003,15,0,3,0,76,0,0),
  (730000003,20,0,3,0,50,0,0),
  (730000003,31,0,3,0,24,0,0),
  (730000003,33,0,3,0,24,0,0),
  (730000003,34,0,3,0,24,0,0),
  (730000003,44,0,3,0,90,0,0),
  (730000003,45,0,3,0,90,0,0),
  (730000003,46,0,3,0,90,0,0),
  (730000003,47,0,3,0,100,0,0),
  (730000003,48,0,3,0,90,0,0);
INSERT INTO `weenie_properties_body_part` (`object_Id`,`key`,`d_Type`,`d_Val`,`d_Var`,`base_Armor`,`armor_Vs_Slash`,`armor_Vs_Pierce`,`armor_Vs_Bludgeon`,`armor_Vs_Cold`,`armor_Vs_Fire`,`armor_Vs_Acid`,`armor_Vs_Electric`,`armor_Vs_Nether`,`b_h`,`h_l_f`,`m_l_f`,`l_l_f`,`h_r_f`,`m_r_f`,`l_r_f`,`h_l_b`,`m_l_b`,`l_l_b`,`h_r_b`,`m_r_b`,`l_r_b`) VALUES
  (730000003,0,4,0,0,70,56,21,39,13,35,39,47,0,1,0.33000001311302185,0,0,0.33000001311302185,0,0,0.33000001311302185,0,0,0.33000001311302185,0,0),
  (730000003,1,4,0,0,80,64,24,44,14,40,44,54,0,2,0.4399999976158142,0.17000000178813934,0,0.4399999976158142,0.17000000178813934,0,0.4399999976158142,0.17000000178813934,0,0.4399999976158142,0.17000000178813934,0),
  (730000003,2,4,0,0,80,64,24,44,14,40,44,54,0,3,0,0.17000000178813934,0,0,0.17000000178813934,0,0,0.17000000178813934,0,0,0.17000000178813934,0),
  (730000003,3,4,0,0,70,56,21,39,13,35,39,47,0,1,0.23000000417232513,0.029999999329447746,0,0.23000000417232513,0.029999999329447746,0,0.23000000417232513,0.029999999329447746,0,0.23000000417232513,0.029999999329447746,0),
  (730000003,4,4,0,0,80,64,24,44,14,40,44,54,0,2,0,0.30000001192092896,0,0,0.30000001192092896,0,0,0.30000001192092896,0,0,0.30000001192092896,0),
  (730000003,5,4,2,0.75,80,64,24,44,14,40,44,54,0,2,0,0.20000000298023224,0,0,0.20000000298023224,0,0,0.20000000298023224,0,0,0.20000000298023224,0),
  (730000003,6,4,0,0,90,72,27,50,16,45,50,60,0,3,0,0.12999999523162842,0.18000000715255737,0,0.12999999523162842,0.18000000715255737,0,0.12999999523162842,0.18000000715255737,0,0.12999999523162842,0.18000000715255737),
  (730000003,7,4,0,0,90,72,27,50,16,45,50,60,0,3,0,0,0.6000000238418579,0,0,0.6000000238418579,0,0,0.6000000238418579,0,0,0.6000000238418579),
  (730000003,8,4,3,0.75,90,72,27,50,16,45,50,60,0,3,0,0,0.2199999988079071,0,0,0.2199999988079071,0,0,0.2199999988079071,0,0,0.2199999988079071);
INSERT INTO `weenie_properties_spell_book` (`object_Id`,`spell`,`probability`) VALUES
  (730000003,59,2.0290000438690186),
  (730000003,65,2.0290000438690186),
  (730000003,70,2.0290000438690186),
  (730000003,76,2.0290000438690186),
  (730000003,81,2.0290000438690186),
  (730000003,87,2.0290000438690186),
  (730000003,93,2.0290000438690186),
  (730000003,172,2.009000062942505),
  (730000003,1238,2.0199999809265137),
  (730000003,1250,2.0199999809265137),
  (730000003,1261,2.0199999809265137),
  (730000003,1339,2.009000062942505),
  (730000003,1368,2.009000062942505),
  (730000003,1392,2.009000062942505),
  (730000003,1416,2.009000062942505),
  (730000003,1440,2.009000062942505),
  (730000003,1464,2.009000062942505);
INSERT INTO `weenie_properties_create_list` (`object_Id`,`destination_Type`,`weenie_Class_Id`,`stack_Size`,`palette`,`shade`,`try_To_Bond`) VALUES
  (730000003,9,3693,0,0,0.05000000074505806,0),
  (730000003,9,0,0,0,0.949999988079071,0),
  (730000003,9,6876,0,0,0.009999999776482582,0),
  (730000003,9,0,0,0,0.9900000095367432,0),
  (730000003,9,7825,0,0,0.029999999329447746,0),
  (730000003,9,0,0,0,0.9700000286102295,0),
  (730000003,9,15762,0,0,0.019999999552965164,0),
  (730000003,9,0,0,0,0.9800000190734863,0);

INSERT INTO `weenie` (`class_Id`,`class_Name`,`type`,`last_Modified`) VALUES (730000004,'t11_tou_young_banderling',10,NOW());
INSERT INTO `weenie_properties_string` (`object_Id`,`type`,`value`) VALUES
  (730000004,1,'Young Banderling');
INSERT INTO `weenie_properties_int` (`object_Id`,`type`,`value`) VALUES
  (730000004,1,16),
  (730000004,2,2),
  (730000004,3,45),
  (730000004,6,-1),
  (730000004,7,-1),
  (730000004,16,1),
  (730000004,25,8),
  (730000004,27,0),
  (730000004,40,2),
  (730000004,68,5),
  (730000004,93,1032),
  (730000004,101,131),
  (730000004,133,2),
  (730000004,140,1),
  (730000004,146,1000);
INSERT INTO `weenie_properties_float` (`object_Id`,`type`,`value`) VALUES
  (730000004,1,5),
  (730000004,2,0),
  (730000004,3,0.067),
  (730000004,4,5),
  (730000004,5,2),
  (730000004,12,0.5),
  (730000004,13,0.26),
  (730000004,14,0.03),
  (730000004,15,0.11),
  (730000004,16,0.26),
  (730000004,17,0.7),
  (730000004,18,0.03),
  (730000004,19,0.6),
  (730000004,31,20),
  (730000004,34,1),
  (730000004,36,1),
  (730000004,39,1.3),
  (730000004,64,0.76),
  (730000004,65,0.65),
  (730000004,66,0.5),
  (730000004,67,1),
  (730000004,68,0.76),
  (730000004,69,0.65),
  (730000004,70,1),
  (730000004,71,1),
  (730000004,72,1),
  (730000004,73,1),
  (730000004,74,1),
  (730000004,75,1),
  (730000004,104,10),
  (730000004,125,1);
INSERT INTO `weenie_properties_bool` (`object_Id`,`type`,`value`) VALUES
  (730000004,1,1),
  (730000004,11,0),
  (730000004,12,1),
  (730000004,13,0),
  (730000004,14,1),
  (730000004,19,1);
INSERT INTO `weenie_properties_d_i_d` (`object_Id`,`type`,`value`) VALUES
  (730000004,1,33558024),
  (730000004,2,150994951),
  (730000004,3,536870917),
  (730000004,4,805306370),
  (730000004,6,67114021),
  (730000004,7,268436496),
  (730000004,8,100667453),
  (730000004,22,872415255),
  (730000004,32,57),
  (730000004,35,453);
INSERT INTO `weenie_properties_attribute` (`object_Id`,`type`,`init_Level`,`level_From_C_P`,`c_P_Spent`) VALUES
  (730000004,1,50,0,0),
  (730000004,2,60,0,0),
  (730000004,3,30,0,0),
  (730000004,4,80,0,0),
  (730000004,5,125,0,0),
  (730000004,6,115,0,0);
INSERT INTO `weenie_properties_attribute_2nd` (`object_Id`,`type`,`init_Level`,`level_From_C_P`,`c_P_Spent`,`current_Level`) VALUES
  (730000004,1,60,0,0,90),
  (730000004,3,70,0,0,130),
  (730000004,5,40,0,0,155);
INSERT INTO `weenie_properties_skill` (`object_Id`,`type`,`level_From_P_P`,`s_a_c`,`p_p`,`init_Level`,`resistance_At_Last_Check`,`last_Used_Time`) VALUES
  (730000004,6,0,3,0,86,0,0),
  (730000004,7,0,3,0,126,0,0),
  (730000004,14,0,3,0,50,0,0),
  (730000004,15,0,3,0,76,0,0),
  (730000004,20,0,3,0,50,0,0),
  (730000004,31,0,3,0,24,0,0),
  (730000004,33,0,3,0,24,0,0),
  (730000004,34,0,3,0,24,0,0),
  (730000004,44,0,3,0,90,0,0),
  (730000004,45,0,3,0,90,0,0),
  (730000004,46,0,3,0,90,0,0),
  (730000004,47,0,3,0,100,0,0),
  (730000004,48,0,3,0,90,0,0);
INSERT INTO `weenie_properties_body_part` (`object_Id`,`key`,`d_Type`,`d_Val`,`d_Var`,`base_Armor`,`armor_Vs_Slash`,`armor_Vs_Pierce`,`armor_Vs_Bludgeon`,`armor_Vs_Cold`,`armor_Vs_Fire`,`armor_Vs_Acid`,`armor_Vs_Electric`,`armor_Vs_Nether`,`b_h`,`h_l_f`,`m_l_f`,`l_l_f`,`h_r_f`,`m_r_f`,`l_r_f`,`h_l_b`,`m_l_b`,`l_l_b`,`h_r_b`,`m_r_b`,`l_r_b`) VALUES
  (730000004,0,4,0,0,70,56,21,39,13,35,39,47,0,1,0.33000001311302185,0,0,0.33000001311302185,0,0,0.33000001311302185,0,0,0.33000001311302185,0,0),
  (730000004,1,4,0,0,80,64,24,44,14,40,44,54,0,2,0.4399999976158142,0.17000000178813934,0,0.4399999976158142,0.17000000178813934,0,0.4399999976158142,0.17000000178813934,0,0.4399999976158142,0.17000000178813934,0),
  (730000004,2,4,0,0,80,64,24,44,14,40,44,54,0,3,0,0.17000000178813934,0,0,0.17000000178813934,0,0,0.17000000178813934,0,0,0.17000000178813934,0),
  (730000004,3,4,0,0,70,56,21,39,13,35,39,47,0,1,0.23000000417232513,0.029999999329447746,0,0.23000000417232513,0.029999999329447746,0,0.23000000417232513,0.029999999329447746,0,0.23000000417232513,0.029999999329447746,0),
  (730000004,4,4,0,0,80,64,24,44,14,40,44,54,0,2,0,0.30000001192092896,0,0,0.30000001192092896,0,0,0.30000001192092896,0,0,0.30000001192092896,0),
  (730000004,5,4,2,0.75,80,64,24,44,14,40,44,54,0,2,0,0.20000000298023224,0,0,0.20000000298023224,0,0,0.20000000298023224,0,0,0.20000000298023224,0),
  (730000004,6,4,0,0,90,72,27,50,16,45,50,60,0,3,0,0.12999999523162842,0.18000000715255737,0,0.12999999523162842,0.18000000715255737,0,0.12999999523162842,0.18000000715255737,0,0.12999999523162842,0.18000000715255737),
  (730000004,7,4,0,0,90,72,27,50,16,45,50,60,0,3,0,0,0.6000000238418579,0,0,0.6000000238418579,0,0,0.6000000238418579,0,0,0.6000000238418579),
  (730000004,8,4,3,0.75,90,72,27,50,16,45,50,60,0,3,0,0,0.2199999988079071,0,0,0.2199999988079071,0,0,0.2199999988079071,0,0,0.2199999988079071);
INSERT INTO `weenie_properties_spell_book` (`object_Id`,`spell`,`probability`) VALUES
  (730000004,59,2.0290000438690186),
  (730000004,65,2.0290000438690186),
  (730000004,70,2.0290000438690186),
  (730000004,76,2.0290000438690186),
  (730000004,81,2.0290000438690186),
  (730000004,87,2.0290000438690186),
  (730000004,93,2.0290000438690186),
  (730000004,172,2.009000062942505),
  (730000004,1238,2.0199999809265137),
  (730000004,1250,2.0199999809265137),
  (730000004,1261,2.0199999809265137),
  (730000004,1339,2.009000062942505),
  (730000004,1368,2.009000062942505),
  (730000004,1392,2.009000062942505),
  (730000004,1416,2.009000062942505),
  (730000004,1440,2.009000062942505),
  (730000004,1464,2.009000062942505);
INSERT INTO `weenie_properties_create_list` (`object_Id`,`destination_Type`,`weenie_Class_Id`,`stack_Size`,`palette`,`shade`,`try_To_Bond`) VALUES
  (730000004,9,7825,0,0,0.029999999329447746,0),
  (730000004,9,0,0,0,0.9700000286102295,0);

INSERT INTO `weenie` (`class_Id`,`class_Name`,`type`,`last_Modified`) VALUES (730000005,'t11_tou_azure_gromnie',10,NOW());
INSERT INTO `weenie_properties_string` (`object_Id`,`type`,`value`) VALUES
  (730000005,1,'Azure Gromnie'),
  (730000005,45,'KillTaskDrudgeRaveners_0507');
INSERT INTO `weenie_properties_int` (`object_Id`,`type`,`value`) VALUES
  (730000005,1,16),
  (730000005,2,3),
  (730000005,3,39),
  (730000005,6,-1),
  (730000005,7,-1),
  (730000005,16,1),
  (730000005,25,80),
  (730000005,27,0),
  (730000005,40,2),
  (730000005,68,3),
  (730000005,93,1032),
  (730000005,101,131),
  (730000005,133,2),
  (730000005,140,1),
  (730000005,146,30000);
INSERT INTO `weenie_properties_float` (`object_Id`,`type`,`value`) VALUES
  (730000005,1,5),
  (730000005,2,0),
  (730000005,3,0.7),
  (730000005,4,3),
  (730000005,5,1),
  (730000005,12,0.5),
  (730000005,13,0.86),
  (730000005,14,0.7),
  (730000005,15,0.9),
  (730000005,16,0.86),
  (730000005,17,0.9),
  (730000005,18,0.86),
  (730000005,19,0.38),
  (730000005,31,24),
  (730000005,34,1),
  (730000005,36,1),
  (730000005,39,1.3),
  (730000005,64,0.9),
  (730000005,65,0.61),
  (730000005,66,1),
  (730000005,67,1),
  (730000005,68,0.9),
  (730000005,69,0.9),
  (730000005,70,0.23),
  (730000005,71,1),
  (730000005,72,1),
  (730000005,73,1),
  (730000005,74,1),
  (730000005,75,1),
  (730000005,80,3),
  (730000005,104,10),
  (730000005,125,1);
INSERT INTO `weenie_properties_bool` (`object_Id`,`type`,`value`) VALUES
  (730000005,1,1),
  (730000005,6,1),
  (730000005,11,0),
  (730000005,12,1),
  (730000005,13,0),
  (730000005,14,1),
  (730000005,19,1),
  (730000005,50,1);
INSERT INTO `weenie_properties_d_i_d` (`object_Id`,`type`,`value`) VALUES
  (730000005,1,33556445),
  (730000005,2,150994952),
  (730000005,3,536870919),
  (730000005,4,805306372),
  (730000005,6,67112812),
  (730000005,7,268435977),
  (730000005,8,100667445),
  (730000005,22,872415258),
  (730000005,32,78),
  (730000005,35,448);
INSERT INTO `weenie_properties_attribute` (`object_Id`,`type`,`init_Level`,`level_From_C_P`,`c_P_Spent`) VALUES
  (730000005,1,50,0,0),
  (730000005,2,60,0,0),
  (730000005,3,30,0,0),
  (730000005,4,80,0,0),
  (730000005,5,125,0,0),
  (730000005,6,115,0,0);
INSERT INTO `weenie_properties_attribute_2nd` (`object_Id`,`type`,`init_Level`,`level_From_C_P`,`c_P_Spent`,`current_Level`) VALUES
  (730000005,1,60,0,0,90),
  (730000005,3,70,0,0,130),
  (730000005,5,40,0,0,155);
INSERT INTO `weenie_properties_skill` (`object_Id`,`type`,`level_From_P_P`,`s_a_c`,`p_p`,`init_Level`,`resistance_At_Last_Check`,`last_Used_Time`) VALUES
  (730000005,6,0,3,0,86,0,0),
  (730000005,7,0,3,0,126,0,0),
  (730000005,14,0,3,0,50,0,0),
  (730000005,15,0,3,0,76,0,0),
  (730000005,20,0,3,0,50,0,0),
  (730000005,31,0,3,0,24,0,0),
  (730000005,33,0,3,0,24,0,0),
  (730000005,34,0,3,0,24,0,0),
  (730000005,44,0,3,0,90,0,0),
  (730000005,45,0,3,0,90,0,0),
  (730000005,46,0,3,0,90,0,0),
  (730000005,47,0,3,0,100,0,0),
  (730000005,48,0,3,0,90,0,0);
INSERT INTO `weenie_properties_body_part` (`object_Id`,`key`,`d_Type`,`d_Val`,`d_Var`,`base_Armor`,`armor_Vs_Slash`,`armor_Vs_Pierce`,`armor_Vs_Bludgeon`,`armor_Vs_Cold`,`armor_Vs_Fire`,`armor_Vs_Acid`,`armor_Vs_Electric`,`armor_Vs_Nether`,`b_h`,`h_l_f`,`m_l_f`,`l_l_f`,`h_r_f`,`m_r_f`,`l_r_f`,`h_l_b`,`m_l_b`,`l_l_b`,`h_r_b`,`m_r_b`,`l_r_b`) VALUES
  (730000005,0,4,0,0,70,56,21,39,13,35,39,47,0,1,0.33000001311302185,0,0,0.33000001311302185,0,0,0.33000001311302185,0,0,0.33000001311302185,0,0),
  (730000005,1,4,0,0,80,64,24,44,14,40,44,54,0,2,0.4399999976158142,0.17000000178813934,0,0.4399999976158142,0.17000000178813934,0,0.4399999976158142,0.17000000178813934,0,0.4399999976158142,0.17000000178813934,0),
  (730000005,2,4,0,0,80,64,24,44,14,40,44,54,0,3,0,0.17000000178813934,0,0,0.17000000178813934,0,0,0.17000000178813934,0,0,0.17000000178813934,0),
  (730000005,3,4,0,0,70,56,21,39,13,35,39,47,0,1,0.23000000417232513,0.029999999329447746,0,0.23000000417232513,0.029999999329447746,0,0.23000000417232513,0.029999999329447746,0,0.23000000417232513,0.029999999329447746,0),
  (730000005,4,4,0,0,80,64,24,44,14,40,44,54,0,2,0,0.30000001192092896,0,0,0.30000001192092896,0,0,0.30000001192092896,0,0,0.30000001192092896,0),
  (730000005,5,4,2,0.75,80,64,24,44,14,40,44,54,0,2,0,0.20000000298023224,0,0,0.20000000298023224,0,0,0.20000000298023224,0,0,0.20000000298023224,0),
  (730000005,6,4,0,0,90,72,27,50,16,45,50,60,0,3,0,0.12999999523162842,0.18000000715255737,0,0.12999999523162842,0.18000000715255737,0,0.12999999523162842,0.18000000715255737,0,0.12999999523162842,0.18000000715255737),
  (730000005,7,4,0,0,90,72,27,50,16,45,50,60,0,3,0,0,0.6000000238418579,0,0,0.6000000238418579,0,0,0.6000000238418579,0,0,0.6000000238418579),
  (730000005,8,4,3,0.75,90,72,27,50,16,45,50,60,0,3,0,0,0.2199999988079071,0,0,0.2199999988079071,0,0,0.2199999988079071,0,0,0.2199999988079071);
INSERT INTO `weenie_properties_spell_book` (`object_Id`,`spell`,`probability`) VALUES
  (730000005,59,2.0290000438690186),
  (730000005,65,2.0290000438690186),
  (730000005,70,2.0290000438690186),
  (730000005,76,2.0290000438690186),
  (730000005,81,2.0290000438690186),
  (730000005,87,2.0290000438690186),
  (730000005,93,2.0290000438690186),
  (730000005,172,2.009000062942505),
  (730000005,1238,2.0199999809265137),
  (730000005,1250,2.0199999809265137),
  (730000005,1261,2.0199999809265137),
  (730000005,1339,2.009000062942505),
  (730000005,1368,2.009000062942505),
  (730000005,1392,2.009000062942505),
  (730000005,1416,2.009000062942505),
  (730000005,1440,2.009000062942505),
  (730000005,1464,2.009000062942505);
INSERT INTO `weenie_properties_create_list` (`object_Id`,`destination_Type`,`weenie_Class_Id`,`stack_Size`,`palette`,`shade`,`try_To_Bond`) VALUES
  (730000005,9,6876,0,0,0.009999999776482582,0),
  (730000005,9,0,0,0,0.9900000095367432,0),
  (730000005,9,7040,0,0,0.029999999329447746,0),
  (730000005,9,0,0,0,0.9700000286102295,0),
  (730000005,9,7825,0,0,0.029999999329447746,0),
  (730000005,9,0,0,0,0.9700000286102295,0),
  (730000005,9,15768,0,0,0.019999999552965164,0),
  (730000005,9,0,0,0,0.9800000190734863,0),
  (730000005,9,45876,1,0,0.029999999329447746,0),
  (730000005,9,0,0,0,0.9700000286102295,0),
  (730000005,9,45875,1,0,0.009999999776482582,0),
  (730000005,9,0,0,0,0.9900000095367432,0);

INSERT INTO `weenie` (`class_Id`,`class_Name`,`type`,`last_Modified`) VALUES (730000006,'t11_tou_rust_gromnie',10,NOW());
INSERT INTO `weenie_properties_string` (`object_Id`,`type`,`value`) VALUES
  (730000006,1,'Rust Gromnie');
INSERT INTO `weenie_properties_int` (`object_Id`,`type`,`value`) VALUES
  (730000006,1,16),
  (730000006,2,15),
  (730000006,3,12),
  (730000006,6,-1),
  (730000006,7,-1),
  (730000006,16,1),
  (730000006,25,8),
  (730000006,27,0),
  (730000006,40,2),
  (730000006,68,9),
  (730000006,93,1032),
  (730000006,133,2),
  (730000006,146,1000);
INSERT INTO `weenie_properties_float` (`object_Id`,`type`,`value`) VALUES
  (730000006,1,5),
  (730000006,2,0),
  (730000006,3,0.15),
  (730000006,4,5),
  (730000006,5,2),
  (730000006,12,0.5),
  (730000006,13,1),
  (730000006,14,1),
  (730000006,15,1),
  (730000006,16,0.46),
  (730000006,17,0.48),
  (730000006,18,1),
  (730000006,19,1),
  (730000006,31,20),
  (730000006,39,0.9),
  (730000006,64,1),
  (730000006,65,1),
  (730000006,66,1),
  (730000006,67,0.83),
  (730000006,68,0.7),
  (730000006,69,1),
  (730000006,70,1),
  (730000006,71,1),
  (730000006,72,1),
  (730000006,73,1),
  (730000006,74,1),
  (730000006,75,1),
  (730000006,77,1),
  (730000006,104,10),
  (730000006,125,1);
INSERT INTO `weenie_properties_bool` (`object_Id`,`type`,`value`) VALUES
  (730000006,1,1),
  (730000006,11,0),
  (730000006,12,1),
  (730000006,13,0),
  (730000006,14,1),
  (730000006,19,1);
INSERT INTO `weenie_properties_d_i_d` (`object_Id`,`type`,`value`) VALUES
  (730000006,1,33554487),
  (730000006,2,150994971),
  (730000006,3,536870921),
  (730000006,4,805306386),
  (730000006,6,67109307),
  (730000006,7,268435631),
  (730000006,8,100667938),
  (730000006,19,85),
  (730000006,22,872415260),
  (730000006,30,85),
  (730000006,35,459);
INSERT INTO `weenie_properties_attribute` (`object_Id`,`type`,`init_Level`,`level_From_C_P`,`c_P_Spent`) VALUES
  (730000006,1,50,0,0),
  (730000006,2,60,0,0),
  (730000006,3,30,0,0),
  (730000006,4,80,0,0),
  (730000006,5,125,0,0),
  (730000006,6,115,0,0);
INSERT INTO `weenie_properties_attribute_2nd` (`object_Id`,`type`,`init_Level`,`level_From_C_P`,`c_P_Spent`,`current_Level`) VALUES
  (730000006,1,60,0,0,90),
  (730000006,3,70,0,0,130),
  (730000006,5,40,0,0,155);
INSERT INTO `weenie_properties_skill` (`object_Id`,`type`,`level_From_P_P`,`s_a_c`,`p_p`,`init_Level`,`resistance_At_Last_Check`,`last_Used_Time`) VALUES
  (730000006,6,0,3,0,86,0,0),
  (730000006,7,0,3,0,126,0,0),
  (730000006,14,0,3,0,50,0,0),
  (730000006,15,0,3,0,76,0,0),
  (730000006,20,0,3,0,50,0,0),
  (730000006,31,0,3,0,24,0,0),
  (730000006,33,0,3,0,24,0,0),
  (730000006,34,0,3,0,24,0,0),
  (730000006,44,0,3,0,90,0,0),
  (730000006,45,0,3,0,90,0,0),
  (730000006,46,0,3,0,90,0,0),
  (730000006,47,0,3,0,100,0,0),
  (730000006,48,0,3,0,90,0,0);
INSERT INTO `weenie_properties_body_part` (`object_Id`,`key`,`d_Type`,`d_Val`,`d_Var`,`base_Armor`,`armor_Vs_Slash`,`armor_Vs_Pierce`,`armor_Vs_Bludgeon`,`armor_Vs_Cold`,`armor_Vs_Fire`,`armor_Vs_Acid`,`armor_Vs_Electric`,`armor_Vs_Nether`,`b_h`,`h_l_f`,`m_l_f`,`l_l_f`,`h_r_f`,`m_r_f`,`l_r_f`,`h_l_b`,`m_l_b`,`l_l_b`,`h_r_b`,`m_r_b`,`l_r_b`) VALUES
  (730000006,0,4,0,0,70,56,21,39,13,35,39,47,0,1,0.33000001311302185,0,0,0.33000001311302185,0,0,0.33000001311302185,0,0,0.33000001311302185,0,0),
  (730000006,1,4,0,0,80,64,24,44,14,40,44,54,0,2,0.4399999976158142,0.17000000178813934,0,0.4399999976158142,0.17000000178813934,0,0.4399999976158142,0.17000000178813934,0,0.4399999976158142,0.17000000178813934,0),
  (730000006,2,4,0,0,80,64,24,44,14,40,44,54,0,3,0,0.17000000178813934,0,0,0.17000000178813934,0,0,0.17000000178813934,0,0,0.17000000178813934,0),
  (730000006,3,4,0,0,70,56,21,39,13,35,39,47,0,1,0.23000000417232513,0.029999999329447746,0,0.23000000417232513,0.029999999329447746,0,0.23000000417232513,0.029999999329447746,0,0.23000000417232513,0.029999999329447746,0),
  (730000006,4,4,0,0,80,64,24,44,14,40,44,54,0,2,0,0.30000001192092896,0,0,0.30000001192092896,0,0,0.30000001192092896,0,0,0.30000001192092896,0),
  (730000006,5,4,2,0.75,80,64,24,44,14,40,44,54,0,2,0,0.20000000298023224,0,0,0.20000000298023224,0,0,0.20000000298023224,0,0,0.20000000298023224,0),
  (730000006,6,4,0,0,90,72,27,50,16,45,50,60,0,3,0,0.12999999523162842,0.18000000715255737,0,0.12999999523162842,0.18000000715255737,0,0.12999999523162842,0.18000000715255737,0,0.12999999523162842,0.18000000715255737),
  (730000006,7,4,0,0,90,72,27,50,16,45,50,60,0,3,0,0,0.6000000238418579,0,0,0.6000000238418579,0,0,0.6000000238418579,0,0,0.6000000238418579),
  (730000006,8,4,3,0.75,90,72,27,50,16,45,50,60,0,3,0,0,0.2199999988079071,0,0,0.2199999988079071,0,0,0.2199999988079071,0,0,0.2199999988079071);
INSERT INTO `weenie_properties_spell_book` (`object_Id`,`spell`,`probability`) VALUES
  (730000006,59,2.0290000438690186),
  (730000006,65,2.0290000438690186),
  (730000006,70,2.0290000438690186),
  (730000006,76,2.0290000438690186),
  (730000006,81,2.0290000438690186),
  (730000006,87,2.0290000438690186),
  (730000006,93,2.0290000438690186),
  (730000006,172,2.009000062942505),
  (730000006,1238,2.0199999809265137),
  (730000006,1250,2.0199999809265137),
  (730000006,1261,2.0199999809265137),
  (730000006,1339,2.009000062942505),
  (730000006,1368,2.009000062942505),
  (730000006,1392,2.009000062942505),
  (730000006,1416,2.009000062942505),
  (730000006,1440,2.009000062942505),
  (730000006,1464,2.009000062942505);
INSERT INTO `weenie_properties_create_list` (`object_Id`,`destination_Type`,`weenie_Class_Id`,`stack_Size`,`palette`,`shade`,`try_To_Bond`) VALUES
  (730000006,9,28203,0,0,0.5,0),
  (730000006,9,0,0,0,0.949999988079071,0),
  (730000006,9,28209,0,0,0.05000000074505806,0),
  (730000006,9,0,0,0,0.949999988079071,0);

INSERT INTO `weenie` (`class_Id`,`class_Name`,`type`,`last_Modified`) VALUES (730000007,'t11_tou_blue_phyntos_wasp',10,NOW());
INSERT INTO `weenie_properties_string` (`object_Id`,`type`,`value`) VALUES
  (730000007,1,'Blue Phyntos Wasp');
INSERT INTO `weenie_properties_int` (`object_Id`,`type`,`value`) VALUES
  (730000007,1,16),
  (730000007,2,9),
  (730000007,3,2),
  (730000007,6,-1),
  (730000007,7,-1),
  (730000007,16,1),
  (730000007,25,8),
  (730000007,40,2),
  (730000007,68,13),
  (730000007,93,1032),
  (730000007,133,4),
  (730000007,146,1000);
INSERT INTO `weenie_properties_float` (`object_Id`,`type`,`value`) VALUES
  (730000007,1,5),
  (730000007,2,0),
  (730000007,3,0.067),
  (730000007,4,0.5),
  (730000007,5,2),
  (730000007,12,0.5),
  (730000007,13,0.8),
  (730000007,14,0.8),
  (730000007,15,0.5),
  (730000007,16,0.18),
  (730000007,17,0.46),
  (730000007,18,0.18),
  (730000007,19,0.59),
  (730000007,31,10),
  (730000007,34,1.8),
  (730000007,36,1),
  (730000007,39,1.2),
  (730000007,64,1),
  (730000007,65,1),
  (730000007,66,1),
  (730000007,67,0.7),
  (730000007,68,0.8),
  (730000007,69,0.8),
  (730000007,70,0.9),
  (730000007,71,1),
  (730000007,72,1),
  (730000007,73,1),
  (730000007,74,1),
  (730000007,75,1),
  (730000007,80,3),
  (730000007,104,10),
  (730000007,125,1);
INSERT INTO `weenie_properties_bool` (`object_Id`,`type`,`value`) VALUES
  (730000007,1,1),
  (730000007,6,1),
  (730000007,11,0),
  (730000007,12,1),
  (730000007,13,0),
  (730000007,14,1),
  (730000007,19,1),
  (730000007,50,1);
INSERT INTO `weenie_properties_d_i_d` (`object_Id`,`type`,`value`) VALUES
  (730000007,1,33558817),
  (730000007,2,150995303),
  (730000007,3,536870926),
  (730000007,4,805306385),
  (730000007,6,67115262),
  (730000007,7,268436836),
  (730000007,8,100667450),
  (730000007,22,872415266),
  (730000007,35,465);
INSERT INTO `weenie_properties_attribute` (`object_Id`,`type`,`init_Level`,`level_From_C_P`,`c_P_Spent`) VALUES
  (730000007,1,50,0,0),
  (730000007,2,60,0,0),
  (730000007,3,30,0,0),
  (730000007,4,80,0,0),
  (730000007,5,125,0,0),
  (730000007,6,115,0,0);
INSERT INTO `weenie_properties_attribute_2nd` (`object_Id`,`type`,`init_Level`,`level_From_C_P`,`c_P_Spent`,`current_Level`) VALUES
  (730000007,1,60,0,0,90),
  (730000007,3,70,0,0,130),
  (730000007,5,40,0,0,155);
INSERT INTO `weenie_properties_skill` (`object_Id`,`type`,`level_From_P_P`,`s_a_c`,`p_p`,`init_Level`,`resistance_At_Last_Check`,`last_Used_Time`) VALUES
  (730000007,6,0,3,0,86,0,0),
  (730000007,7,0,3,0,126,0,0),
  (730000007,14,0,3,0,50,0,0),
  (730000007,15,0,3,0,76,0,0),
  (730000007,20,0,3,0,50,0,0),
  (730000007,31,0,3,0,24,0,0),
  (730000007,33,0,3,0,24,0,0),
  (730000007,34,0,3,0,24,0,0),
  (730000007,44,0,3,0,90,0,0),
  (730000007,45,0,3,0,90,0,0),
  (730000007,46,0,3,0,90,0,0),
  (730000007,47,0,3,0,100,0,0),
  (730000007,48,0,3,0,90,0,0);
INSERT INTO `weenie_properties_body_part` (`object_Id`,`key`,`d_Type`,`d_Val`,`d_Var`,`base_Armor`,`armor_Vs_Slash`,`armor_Vs_Pierce`,`armor_Vs_Bludgeon`,`armor_Vs_Cold`,`armor_Vs_Fire`,`armor_Vs_Acid`,`armor_Vs_Electric`,`armor_Vs_Nether`,`b_h`,`h_l_f`,`m_l_f`,`l_l_f`,`h_r_f`,`m_r_f`,`l_r_f`,`h_l_b`,`m_l_b`,`l_l_b`,`h_r_b`,`m_r_b`,`l_r_b`) VALUES
  (730000007,0,4,0,0,70,56,21,39,13,35,39,47,0,1,0.33000001311302185,0,0,0.33000001311302185,0,0,0.33000001311302185,0,0,0.33000001311302185,0,0),
  (730000007,1,4,0,0,80,64,24,44,14,40,44,54,0,2,0.4399999976158142,0.17000000178813934,0,0.4399999976158142,0.17000000178813934,0,0.4399999976158142,0.17000000178813934,0,0.4399999976158142,0.17000000178813934,0),
  (730000007,2,4,0,0,80,64,24,44,14,40,44,54,0,3,0,0.17000000178813934,0,0,0.17000000178813934,0,0,0.17000000178813934,0,0,0.17000000178813934,0),
  (730000007,3,4,0,0,70,56,21,39,13,35,39,47,0,1,0.23000000417232513,0.029999999329447746,0,0.23000000417232513,0.029999999329447746,0,0.23000000417232513,0.029999999329447746,0,0.23000000417232513,0.029999999329447746,0),
  (730000007,4,4,0,0,80,64,24,44,14,40,44,54,0,2,0,0.30000001192092896,0,0,0.30000001192092896,0,0,0.30000001192092896,0,0,0.30000001192092896,0),
  (730000007,5,4,2,0.75,80,64,24,44,14,40,44,54,0,2,0,0.20000000298023224,0,0,0.20000000298023224,0,0,0.20000000298023224,0,0,0.20000000298023224,0),
  (730000007,6,4,0,0,90,72,27,50,16,45,50,60,0,3,0,0.12999999523162842,0.18000000715255737,0,0.12999999523162842,0.18000000715255737,0,0.12999999523162842,0.18000000715255737,0,0.12999999523162842,0.18000000715255737),
  (730000007,7,4,0,0,90,72,27,50,16,45,50,60,0,3,0,0,0.6000000238418579,0,0,0.6000000238418579,0,0,0.6000000238418579,0,0,0.6000000238418579),
  (730000007,8,4,3,0.75,90,72,27,50,16,45,50,60,0,3,0,0,0.2199999988079071,0,0,0.2199999988079071,0,0,0.2199999988079071,0,0,0.2199999988079071);
INSERT INTO `weenie_properties_spell_book` (`object_Id`,`spell`,`probability`) VALUES
  (730000007,59,2.0290000438690186),
  (730000007,65,2.0290000438690186),
  (730000007,70,2.0290000438690186),
  (730000007,76,2.0290000438690186),
  (730000007,81,2.0290000438690186),
  (730000007,87,2.0290000438690186),
  (730000007,93,2.0290000438690186),
  (730000007,172,2.009000062942505),
  (730000007,1238,2.0199999809265137),
  (730000007,1250,2.0199999809265137),
  (730000007,1261,2.0199999809265137),
  (730000007,1339,2.009000062942505),
  (730000007,1368,2.009000062942505),
  (730000007,1392,2.009000062942505),
  (730000007,1416,2.009000062942505),
  (730000007,1440,2.009000062942505),
  (730000007,1464,2.009000062942505);
INSERT INTO `weenie_properties_create_list` (`object_Id`,`destination_Type`,`weenie_Class_Id`,`stack_Size`,`palette`,`shade`,`try_To_Bond`) VALUES
  (730000007,9,3699,0,0,0.15000000596046448,0),
  (730000007,9,0,0,0,0.8500000238418579,0);

INSERT INTO `weenie` (`class_Id`,`class_Name`,`type`,`last_Modified`) VALUES (730000008,'t11_tou_green_phyntos_wasp',10,NOW());
INSERT INTO `weenie_properties_string` (`object_Id`,`type`,`value`) VALUES
  (730000008,1,'Green Phyntos Wasp');
INSERT INTO `weenie_properties_int` (`object_Id`,`type`,`value`) VALUES
  (730000008,1,16),
  (730000008,2,9),
  (730000008,3,8),
  (730000008,6,-1),
  (730000008,7,-1),
  (730000008,16,1),
  (730000008,25,8),
  (730000008,40,2),
  (730000008,68,13),
  (730000008,93,1032),
  (730000008,133,4),
  (730000008,146,1000);
INSERT INTO `weenie_properties_float` (`object_Id`,`type`,`value`) VALUES
  (730000008,1,5),
  (730000008,2,0),
  (730000008,3,0.067),
  (730000008,4,0.5),
  (730000008,5,2),
  (730000008,12,0.5),
  (730000008,13,0.8),
  (730000008,14,0.8),
  (730000008,15,0.5),
  (730000008,16,0.48),
  (730000008,17,0.48),
  (730000008,18,0.46),
  (730000008,19,0.48),
  (730000008,31,10),
  (730000008,34,1.8),
  (730000008,36,1),
  (730000008,39,1.2),
  (730000008,64,1),
  (730000008,65,1),
  (730000008,66,1),
  (730000008,67,0.9),
  (730000008,68,0.9),
  (730000008,69,0.75),
  (730000008,70,0.9),
  (730000008,71,1),
  (730000008,72,1),
  (730000008,73,1),
  (730000008,74,1),
  (730000008,75,1),
  (730000008,80,3),
  (730000008,104,10),
  (730000008,125,1);
INSERT INTO `weenie_properties_bool` (`object_Id`,`type`,`value`) VALUES
  (730000008,1,1),
  (730000008,6,1),
  (730000008,11,0),
  (730000008,12,1),
  (730000008,13,0),
  (730000008,14,1),
  (730000008,19,1),
  (730000008,50,1);
INSERT INTO `weenie_properties_d_i_d` (`object_Id`,`type`,`value`) VALUES
  (730000008,1,33558817),
  (730000008,2,150995303),
  (730000008,3,536870926),
  (730000008,4,805306385),
  (730000008,6,67115262),
  (730000008,7,268436836),
  (730000008,8,100667450),
  (730000008,22,872415266),
  (730000008,35,465);
INSERT INTO `weenie_properties_attribute` (`object_Id`,`type`,`init_Level`,`level_From_C_P`,`c_P_Spent`) VALUES
  (730000008,1,50,0,0),
  (730000008,2,60,0,0),
  (730000008,3,30,0,0),
  (730000008,4,80,0,0),
  (730000008,5,125,0,0),
  (730000008,6,115,0,0);
INSERT INTO `weenie_properties_attribute_2nd` (`object_Id`,`type`,`init_Level`,`level_From_C_P`,`c_P_Spent`,`current_Level`) VALUES
  (730000008,1,60,0,0,90),
  (730000008,3,70,0,0,130),
  (730000008,5,40,0,0,155);
INSERT INTO `weenie_properties_skill` (`object_Id`,`type`,`level_From_P_P`,`s_a_c`,`p_p`,`init_Level`,`resistance_At_Last_Check`,`last_Used_Time`) VALUES
  (730000008,6,0,3,0,86,0,0),
  (730000008,7,0,3,0,126,0,0),
  (730000008,14,0,3,0,50,0,0),
  (730000008,15,0,3,0,76,0,0),
  (730000008,20,0,3,0,50,0,0),
  (730000008,31,0,3,0,24,0,0),
  (730000008,33,0,3,0,24,0,0),
  (730000008,34,0,3,0,24,0,0),
  (730000008,44,0,3,0,90,0,0),
  (730000008,45,0,3,0,90,0,0),
  (730000008,46,0,3,0,90,0,0),
  (730000008,47,0,3,0,100,0,0),
  (730000008,48,0,3,0,90,0,0);
INSERT INTO `weenie_properties_body_part` (`object_Id`,`key`,`d_Type`,`d_Val`,`d_Var`,`base_Armor`,`armor_Vs_Slash`,`armor_Vs_Pierce`,`armor_Vs_Bludgeon`,`armor_Vs_Cold`,`armor_Vs_Fire`,`armor_Vs_Acid`,`armor_Vs_Electric`,`armor_Vs_Nether`,`b_h`,`h_l_f`,`m_l_f`,`l_l_f`,`h_r_f`,`m_r_f`,`l_r_f`,`h_l_b`,`m_l_b`,`l_l_b`,`h_r_b`,`m_r_b`,`l_r_b`) VALUES
  (730000008,0,4,0,0,70,56,21,39,13,35,39,47,0,1,0.33000001311302185,0,0,0.33000001311302185,0,0,0.33000001311302185,0,0,0.33000001311302185,0,0),
  (730000008,1,4,0,0,80,64,24,44,14,40,44,54,0,2,0.4399999976158142,0.17000000178813934,0,0.4399999976158142,0.17000000178813934,0,0.4399999976158142,0.17000000178813934,0,0.4399999976158142,0.17000000178813934,0),
  (730000008,2,4,0,0,80,64,24,44,14,40,44,54,0,3,0,0.17000000178813934,0,0,0.17000000178813934,0,0,0.17000000178813934,0,0,0.17000000178813934,0),
  (730000008,3,4,0,0,70,56,21,39,13,35,39,47,0,1,0.23000000417232513,0.029999999329447746,0,0.23000000417232513,0.029999999329447746,0,0.23000000417232513,0.029999999329447746,0,0.23000000417232513,0.029999999329447746,0),
  (730000008,4,4,0,0,80,64,24,44,14,40,44,54,0,2,0,0.30000001192092896,0,0,0.30000001192092896,0,0,0.30000001192092896,0,0,0.30000001192092896,0),
  (730000008,5,4,2,0.75,80,64,24,44,14,40,44,54,0,2,0,0.20000000298023224,0,0,0.20000000298023224,0,0,0.20000000298023224,0,0,0.20000000298023224,0),
  (730000008,6,4,0,0,90,72,27,50,16,45,50,60,0,3,0,0.12999999523162842,0.18000000715255737,0,0.12999999523162842,0.18000000715255737,0,0.12999999523162842,0.18000000715255737,0,0.12999999523162842,0.18000000715255737),
  (730000008,7,4,0,0,90,72,27,50,16,45,50,60,0,3,0,0,0.6000000238418579,0,0,0.6000000238418579,0,0,0.6000000238418579,0,0,0.6000000238418579),
  (730000008,8,4,3,0.75,90,72,27,50,16,45,50,60,0,3,0,0,0.2199999988079071,0,0,0.2199999988079071,0,0,0.2199999988079071,0,0,0.2199999988079071);
INSERT INTO `weenie_properties_spell_book` (`object_Id`,`spell`,`probability`) VALUES
  (730000008,59,2.0290000438690186),
  (730000008,65,2.0290000438690186),
  (730000008,70,2.0290000438690186),
  (730000008,76,2.0290000438690186),
  (730000008,81,2.0290000438690186),
  (730000008,87,2.0290000438690186),
  (730000008,93,2.0290000438690186),
  (730000008,172,2.009000062942505),
  (730000008,1238,2.0199999809265137),
  (730000008,1250,2.0199999809265137),
  (730000008,1261,2.0199999809265137),
  (730000008,1339,2.009000062942505),
  (730000008,1368,2.009000062942505),
  (730000008,1392,2.009000062942505),
  (730000008,1416,2.009000062942505),
  (730000008,1440,2.009000062942505),
  (730000008,1464,2.009000062942505);
INSERT INTO `weenie_properties_create_list` (`object_Id`,`destination_Type`,`weenie_Class_Id`,`stack_Size`,`palette`,`shade`,`try_To_Bond`) VALUES
  (730000008,9,3701,0,0,0.15000000596046448,0),
  (730000008,9,0,0,0,0.8500000238418579,0);

INSERT INTO `weenie` (`class_Id`,`class_Name`,`type`,`last_Modified`) VALUES (730000009,'t11_tou_gold_phyntos_wasp',10,NOW());
INSERT INTO `weenie_properties_string` (`object_Id`,`type`,`value`) VALUES
  (730000009,1,'Gold Phyntos Wasp');
INSERT INTO `weenie_properties_int` (`object_Id`,`type`,`value`) VALUES
  (730000009,1,16),
  (730000009,2,9),
  (730000009,3,21),
  (730000009,6,-1),
  (730000009,7,-1),
  (730000009,16,1),
  (730000009,25,50),
  (730000009,40,2),
  (730000009,68,13),
  (730000009,93,1032),
  (730000009,133,4),
  (730000009,146,10000);
INSERT INTO `weenie_properties_float` (`object_Id`,`type`,`value`) VALUES
  (730000009,1,5),
  (730000009,2,0),
  (730000009,3,0.6),
  (730000009,4,0.5),
  (730000009,5,2),
  (730000009,12,0.5),
  (730000009,13,0.8),
  (730000009,14,0.8),
  (730000009,15,0.5),
  (730000009,16,0.64),
  (730000009,17,0.64),
  (730000009,18,0.64),
  (730000009,19,0.17),
  (730000009,31,30),
  (730000009,34,1.9),
  (730000009,36,1),
  (730000009,39,1.3),
  (730000009,64,1),
  (730000009,65,1),
  (730000009,66,1),
  (730000009,67,0.75),
  (730000009,68,0.75),
  (730000009,69,0.75),
  (730000009,70,0.25),
  (730000009,71,1),
  (730000009,72,1),
  (730000009,73,1),
  (730000009,74,1),
  (730000009,75,1),
  (730000009,80,3),
  (730000009,104,10),
  (730000009,125,1);
INSERT INTO `weenie_properties_bool` (`object_Id`,`type`,`value`) VALUES
  (730000009,1,1),
  (730000009,6,1),
  (730000009,11,0),
  (730000009,12,1),
  (730000009,13,0),
  (730000009,14,1),
  (730000009,19,1),
  (730000009,50,1);
INSERT INTO `weenie_properties_d_i_d` (`object_Id`,`type`,`value`) VALUES
  (730000009,1,33558817),
  (730000009,2,150995303),
  (730000009,3,536870926),
  (730000009,4,805306385),
  (730000009,6,67115262),
  (730000009,7,268436836),
  (730000009,8,100667450),
  (730000009,22,872415266),
  (730000009,35,463);
INSERT INTO `weenie_properties_attribute` (`object_Id`,`type`,`init_Level`,`level_From_C_P`,`c_P_Spent`) VALUES
  (730000009,1,50,0,0),
  (730000009,2,60,0,0),
  (730000009,3,30,0,0),
  (730000009,4,80,0,0),
  (730000009,5,125,0,0),
  (730000009,6,115,0,0);
INSERT INTO `weenie_properties_attribute_2nd` (`object_Id`,`type`,`init_Level`,`level_From_C_P`,`c_P_Spent`,`current_Level`) VALUES
  (730000009,1,60,0,0,90),
  (730000009,3,70,0,0,130),
  (730000009,5,40,0,0,155);
INSERT INTO `weenie_properties_skill` (`object_Id`,`type`,`level_From_P_P`,`s_a_c`,`p_p`,`init_Level`,`resistance_At_Last_Check`,`last_Used_Time`) VALUES
  (730000009,6,0,3,0,86,0,0),
  (730000009,7,0,3,0,126,0,0),
  (730000009,14,0,3,0,50,0,0),
  (730000009,15,0,3,0,76,0,0),
  (730000009,20,0,3,0,50,0,0),
  (730000009,31,0,3,0,24,0,0),
  (730000009,33,0,3,0,24,0,0),
  (730000009,34,0,3,0,24,0,0),
  (730000009,44,0,3,0,90,0,0),
  (730000009,45,0,3,0,90,0,0),
  (730000009,46,0,3,0,90,0,0),
  (730000009,47,0,3,0,100,0,0),
  (730000009,48,0,3,0,90,0,0);
INSERT INTO `weenie_properties_body_part` (`object_Id`,`key`,`d_Type`,`d_Val`,`d_Var`,`base_Armor`,`armor_Vs_Slash`,`armor_Vs_Pierce`,`armor_Vs_Bludgeon`,`armor_Vs_Cold`,`armor_Vs_Fire`,`armor_Vs_Acid`,`armor_Vs_Electric`,`armor_Vs_Nether`,`b_h`,`h_l_f`,`m_l_f`,`l_l_f`,`h_r_f`,`m_r_f`,`l_r_f`,`h_l_b`,`m_l_b`,`l_l_b`,`h_r_b`,`m_r_b`,`l_r_b`) VALUES
  (730000009,0,4,0,0,70,56,21,39,13,35,39,47,0,1,0.33000001311302185,0,0,0.33000001311302185,0,0,0.33000001311302185,0,0,0.33000001311302185,0,0),
  (730000009,1,4,0,0,80,64,24,44,14,40,44,54,0,2,0.4399999976158142,0.17000000178813934,0,0.4399999976158142,0.17000000178813934,0,0.4399999976158142,0.17000000178813934,0,0.4399999976158142,0.17000000178813934,0),
  (730000009,2,4,0,0,80,64,24,44,14,40,44,54,0,3,0,0.17000000178813934,0,0,0.17000000178813934,0,0,0.17000000178813934,0,0,0.17000000178813934,0),
  (730000009,3,4,0,0,70,56,21,39,13,35,39,47,0,1,0.23000000417232513,0.029999999329447746,0,0.23000000417232513,0.029999999329447746,0,0.23000000417232513,0.029999999329447746,0,0.23000000417232513,0.029999999329447746,0),
  (730000009,4,4,0,0,80,64,24,44,14,40,44,54,0,2,0,0.30000001192092896,0,0,0.30000001192092896,0,0,0.30000001192092896,0,0,0.30000001192092896,0),
  (730000009,5,4,2,0.75,80,64,24,44,14,40,44,54,0,2,0,0.20000000298023224,0,0,0.20000000298023224,0,0,0.20000000298023224,0,0,0.20000000298023224,0),
  (730000009,6,4,0,0,90,72,27,50,16,45,50,60,0,3,0,0.12999999523162842,0.18000000715255737,0,0.12999999523162842,0.18000000715255737,0,0.12999999523162842,0.18000000715255737,0,0.12999999523162842,0.18000000715255737),
  (730000009,7,4,0,0,90,72,27,50,16,45,50,60,0,3,0,0,0.6000000238418579,0,0,0.6000000238418579,0,0,0.6000000238418579,0,0,0.6000000238418579),
  (730000009,8,4,3,0.75,90,72,27,50,16,45,50,60,0,3,0,0,0.2199999988079071,0,0,0.2199999988079071,0,0,0.2199999988079071,0,0,0.2199999988079071);
INSERT INTO `weenie_properties_spell_book` (`object_Id`,`spell`,`probability`) VALUES
  (730000009,59,2.0290000438690186),
  (730000009,65,2.0290000438690186),
  (730000009,70,2.0290000438690186),
  (730000009,76,2.0290000438690186),
  (730000009,81,2.0290000438690186),
  (730000009,87,2.0290000438690186),
  (730000009,93,2.0290000438690186),
  (730000009,172,2.009000062942505),
  (730000009,1238,2.0199999809265137),
  (730000009,1250,2.0199999809265137),
  (730000009,1261,2.0199999809265137),
  (730000009,1339,2.009000062942505),
  (730000009,1368,2.009000062942505),
  (730000009,1392,2.009000062942505),
  (730000009,1416,2.009000062942505),
  (730000009,1440,2.009000062942505),
  (730000009,1464,2.009000062942505);
INSERT INTO `weenie_properties_create_list` (`object_Id`,`destination_Type`,`weenie_Class_Id`,`stack_Size`,`palette`,`shade`,`try_To_Bond`) VALUES
  (730000009,9,3700,0,0,0.07999999821186066,0),
  (730000009,9,0,0,0,0.9200000166893005,0);

INSERT INTO `weenie` (`class_Id`,`class_Name`,`type`,`last_Modified`) VALUES (730000010,'t11_tou_goldenback_tusker',10,NOW());
INSERT INTO `weenie_properties_string` (`object_Id`,`type`,`value`) VALUES
  (730000010,1,'Goldenback Tusker');
INSERT INTO `weenie_properties_int` (`object_Id`,`type`,`value`) VALUES
  (730000010,1,16),
  (730000010,2,8),
  (730000010,3,21),
  (730000010,6,-1),
  (730000010,7,-1),
  (730000010,16,1),
  (730000010,25,30),
  (730000010,27,0),
  (730000010,40,2),
  (730000010,68,9),
  (730000010,93,1032),
  (730000010,133,4),
  (730000010,146,5000);
INSERT INTO `weenie_properties_float` (`object_Id`,`type`,`value`) VALUES
  (730000010,1,5),
  (730000010,2,0),
  (730000010,3,0.25),
  (730000010,4,4),
  (730000010,5,2),
  (730000010,13,0.5),
  (730000010,14,0.8),
  (730000010,15,0.6),
  (730000010,16,1),
  (730000010,17,0.7),
  (730000010,18,1),
  (730000010,19,1),
  (730000010,31,25),
  (730000010,34,2.5),
  (730000010,36,1),
  (730000010,39,1.1),
  (730000010,64,0.5),
  (730000010,65,1),
  (730000010,66,0.75),
  (730000010,67,1),
  (730000010,68,0.75),
  (730000010,69,0.75),
  (730000010,70,0.25),
  (730000010,71,1),
  (730000010,72,1),
  (730000010,73,1),
  (730000010,74,1),
  (730000010,75,1),
  (730000010,104,10),
  (730000010,125,1);
INSERT INTO `weenie_properties_bool` (`object_Id`,`type`,`value`) VALUES
  (730000010,1,1),
  (730000010,11,0),
  (730000010,12,1),
  (730000010,13,0),
  (730000010,14,1),
  (730000010,19,1);
INSERT INTO `weenie_properties_d_i_d` (`object_Id`,`type`,`value`) VALUES
  (730000010,1,33556836),
  (730000010,2,150994956),
  (730000010,3,536870929),
  (730000010,4,805306379),
  (730000010,6,67109315),
  (730000010,7,268436061),
  (730000010,8,100667443),
  (730000010,22,872415271),
  (730000010,35,457);
INSERT INTO `weenie_properties_attribute` (`object_Id`,`type`,`init_Level`,`level_From_C_P`,`c_P_Spent`) VALUES
  (730000010,1,50,0,0),
  (730000010,2,60,0,0),
  (730000010,3,30,0,0),
  (730000010,4,80,0,0),
  (730000010,5,125,0,0),
  (730000010,6,115,0,0);
INSERT INTO `weenie_properties_attribute_2nd` (`object_Id`,`type`,`init_Level`,`level_From_C_P`,`c_P_Spent`,`current_Level`) VALUES
  (730000010,1,60,0,0,90),
  (730000010,3,70,0,0,130),
  (730000010,5,40,0,0,155);
INSERT INTO `weenie_properties_skill` (`object_Id`,`type`,`level_From_P_P`,`s_a_c`,`p_p`,`init_Level`,`resistance_At_Last_Check`,`last_Used_Time`) VALUES
  (730000010,6,0,3,0,86,0,0),
  (730000010,7,0,3,0,126,0,0),
  (730000010,14,0,3,0,50,0,0),
  (730000010,15,0,3,0,76,0,0),
  (730000010,20,0,3,0,50,0,0),
  (730000010,31,0,3,0,24,0,0),
  (730000010,33,0,3,0,24,0,0),
  (730000010,34,0,3,0,24,0,0),
  (730000010,44,0,3,0,90,0,0),
  (730000010,45,0,3,0,90,0,0),
  (730000010,46,0,3,0,90,0,0),
  (730000010,47,0,3,0,100,0,0),
  (730000010,48,0,3,0,90,0,0);
INSERT INTO `weenie_properties_body_part` (`object_Id`,`key`,`d_Type`,`d_Val`,`d_Var`,`base_Armor`,`armor_Vs_Slash`,`armor_Vs_Pierce`,`armor_Vs_Bludgeon`,`armor_Vs_Cold`,`armor_Vs_Fire`,`armor_Vs_Acid`,`armor_Vs_Electric`,`armor_Vs_Nether`,`b_h`,`h_l_f`,`m_l_f`,`l_l_f`,`h_r_f`,`m_r_f`,`l_r_f`,`h_l_b`,`m_l_b`,`l_l_b`,`h_r_b`,`m_r_b`,`l_r_b`) VALUES
  (730000010,0,4,0,0,70,56,21,39,13,35,39,47,0,1,0.33000001311302185,0,0,0.33000001311302185,0,0,0.33000001311302185,0,0,0.33000001311302185,0,0),
  (730000010,1,4,0,0,80,64,24,44,14,40,44,54,0,2,0.4399999976158142,0.17000000178813934,0,0.4399999976158142,0.17000000178813934,0,0.4399999976158142,0.17000000178813934,0,0.4399999976158142,0.17000000178813934,0),
  (730000010,2,4,0,0,80,64,24,44,14,40,44,54,0,3,0,0.17000000178813934,0,0,0.17000000178813934,0,0,0.17000000178813934,0,0,0.17000000178813934,0),
  (730000010,3,4,0,0,70,56,21,39,13,35,39,47,0,1,0.23000000417232513,0.029999999329447746,0,0.23000000417232513,0.029999999329447746,0,0.23000000417232513,0.029999999329447746,0,0.23000000417232513,0.029999999329447746,0),
  (730000010,4,4,0,0,80,64,24,44,14,40,44,54,0,2,0,0.30000001192092896,0,0,0.30000001192092896,0,0,0.30000001192092896,0,0,0.30000001192092896,0),
  (730000010,5,4,2,0.75,80,64,24,44,14,40,44,54,0,2,0,0.20000000298023224,0,0,0.20000000298023224,0,0,0.20000000298023224,0,0,0.20000000298023224,0),
  (730000010,6,4,0,0,90,72,27,50,16,45,50,60,0,3,0,0.12999999523162842,0.18000000715255737,0,0.12999999523162842,0.18000000715255737,0,0.12999999523162842,0.18000000715255737,0,0.12999999523162842,0.18000000715255737),
  (730000010,7,4,0,0,90,72,27,50,16,45,50,60,0,3,0,0,0.6000000238418579,0,0,0.6000000238418579,0,0,0.6000000238418579,0,0,0.6000000238418579),
  (730000010,8,4,3,0.75,90,72,27,50,16,45,50,60,0,3,0,0,0.2199999988079071,0,0,0.2199999988079071,0,0,0.2199999988079071,0,0,0.2199999988079071);
INSERT INTO `weenie_properties_spell_book` (`object_Id`,`spell`,`probability`) VALUES
  (730000010,59,2.0290000438690186),
  (730000010,65,2.0290000438690186),
  (730000010,70,2.0290000438690186),
  (730000010,76,2.0290000438690186),
  (730000010,81,2.0290000438690186),
  (730000010,87,2.0290000438690186),
  (730000010,93,2.0290000438690186),
  (730000010,172,2.009000062942505),
  (730000010,1238,2.0199999809265137),
  (730000010,1250,2.0199999809265137),
  (730000010,1261,2.0199999809265137),
  (730000010,1339,2.009000062942505),
  (730000010,1368,2.009000062942505),
  (730000010,1392,2.009000062942505),
  (730000010,1416,2.009000062942505),
  (730000010,1440,2.009000062942505),
  (730000010,1464,2.009000062942505);
INSERT INTO `weenie_properties_create_list` (`object_Id`,`destination_Type`,`weenie_Class_Id`,`stack_Size`,`palette`,`shade`,`try_To_Bond`) VALUES
  (730000010,9,22578,0,0,0.009999999776482582,0),
  (730000010,9,0,0,0,0.9900000095367432,0),
  (730000010,9,29204,1,0,0.15000000596046448,0),
  (730000010,9,0,0,0,0.8500000238418579,0);

INSERT INTO `weenie` (`class_Id`,`class_Name`,`type`,`last_Modified`) VALUES (730000011,'t11_tou_tusker_crimsonback',10,NOW());
INSERT INTO `weenie_properties_string` (`object_Id`,`type`,`value`) VALUES
  (730000011,1,'Tusker Crimsonback');
INSERT INTO `weenie_properties_int` (`object_Id`,`type`,`value`) VALUES
  (730000011,1,16),
  (730000011,2,8),
  (730000011,3,14),
  (730000011,6,-1),
  (730000011,7,-1),
  (730000011,16,1),
  (730000011,25,30),
  (730000011,27,0),
  (730000011,40,2),
  (730000011,68,9),
  (730000011,93,1032),
  (730000011,133,4),
  (730000011,146,5000);
INSERT INTO `weenie_properties_float` (`object_Id`,`type`,`value`) VALUES
  (730000011,1,5),
  (730000011,2,0),
  (730000011,3,0.25),
  (730000011,4,4),
  (730000011,5,2),
  (730000011,13,0.5),
  (730000011,14,0.8),
  (730000011,15,0.6),
  (730000011,16,1),
  (730000011,17,0.7),
  (730000011,18,1),
  (730000011,19,1),
  (730000011,31,24),
  (730000011,34,2.5),
  (730000011,36,1),
  (730000011,39,1.1),
  (730000011,64,0.5),
  (730000011,65,1),
  (730000011,66,0.75),
  (730000011,67,1),
  (730000011,68,0.75),
  (730000011,69,0.75),
  (730000011,70,0.25),
  (730000011,71,1),
  (730000011,72,1),
  (730000011,73,1),
  (730000011,74,1),
  (730000011,75,1),
  (730000011,104,10),
  (730000011,125,1);
INSERT INTO `weenie_properties_bool` (`object_Id`,`type`,`value`) VALUES
  (730000011,1,1),
  (730000011,11,0),
  (730000011,12,1),
  (730000011,13,0),
  (730000011,14,1),
  (730000011,19,1);
INSERT INTO `weenie_properties_d_i_d` (`object_Id`,`type`,`value`) VALUES
  (730000011,1,33556836),
  (730000011,2,150994956),
  (730000011,3,536870929),
  (730000011,4,805306379),
  (730000011,6,67113007),
  (730000011,7,268436067),
  (730000011,8,100667443),
  (730000011,22,872415271),
  (730000011,35,459);
INSERT INTO `weenie_properties_attribute` (`object_Id`,`type`,`init_Level`,`level_From_C_P`,`c_P_Spent`) VALUES
  (730000011,1,50,0,0),
  (730000011,2,60,0,0),
  (730000011,3,30,0,0),
  (730000011,4,80,0,0),
  (730000011,5,125,0,0),
  (730000011,6,115,0,0);
INSERT INTO `weenie_properties_attribute_2nd` (`object_Id`,`type`,`init_Level`,`level_From_C_P`,`c_P_Spent`,`current_Level`) VALUES
  (730000011,1,60,0,0,90),
  (730000011,3,70,0,0,130),
  (730000011,5,40,0,0,155);
INSERT INTO `weenie_properties_skill` (`object_Id`,`type`,`level_From_P_P`,`s_a_c`,`p_p`,`init_Level`,`resistance_At_Last_Check`,`last_Used_Time`) VALUES
  (730000011,6,0,3,0,86,0,0),
  (730000011,7,0,3,0,126,0,0),
  (730000011,14,0,3,0,50,0,0),
  (730000011,15,0,3,0,76,0,0),
  (730000011,20,0,3,0,50,0,0),
  (730000011,31,0,3,0,24,0,0),
  (730000011,33,0,3,0,24,0,0),
  (730000011,34,0,3,0,24,0,0),
  (730000011,44,0,3,0,90,0,0),
  (730000011,45,0,3,0,90,0,0),
  (730000011,46,0,3,0,90,0,0),
  (730000011,47,0,3,0,100,0,0),
  (730000011,48,0,3,0,90,0,0);
INSERT INTO `weenie_properties_body_part` (`object_Id`,`key`,`d_Type`,`d_Val`,`d_Var`,`base_Armor`,`armor_Vs_Slash`,`armor_Vs_Pierce`,`armor_Vs_Bludgeon`,`armor_Vs_Cold`,`armor_Vs_Fire`,`armor_Vs_Acid`,`armor_Vs_Electric`,`armor_Vs_Nether`,`b_h`,`h_l_f`,`m_l_f`,`l_l_f`,`h_r_f`,`m_r_f`,`l_r_f`,`h_l_b`,`m_l_b`,`l_l_b`,`h_r_b`,`m_r_b`,`l_r_b`) VALUES
  (730000011,0,4,0,0,70,56,21,39,13,35,39,47,0,1,0.33000001311302185,0,0,0.33000001311302185,0,0,0.33000001311302185,0,0,0.33000001311302185,0,0),
  (730000011,1,4,0,0,80,64,24,44,14,40,44,54,0,2,0.4399999976158142,0.17000000178813934,0,0.4399999976158142,0.17000000178813934,0,0.4399999976158142,0.17000000178813934,0,0.4399999976158142,0.17000000178813934,0),
  (730000011,2,4,0,0,80,64,24,44,14,40,44,54,0,3,0,0.17000000178813934,0,0,0.17000000178813934,0,0,0.17000000178813934,0,0,0.17000000178813934,0),
  (730000011,3,4,0,0,70,56,21,39,13,35,39,47,0,1,0.23000000417232513,0.029999999329447746,0,0.23000000417232513,0.029999999329447746,0,0.23000000417232513,0.029999999329447746,0,0.23000000417232513,0.029999999329447746,0),
  (730000011,4,4,0,0,80,64,24,44,14,40,44,54,0,2,0,0.30000001192092896,0,0,0.30000001192092896,0,0,0.30000001192092896,0,0,0.30000001192092896,0),
  (730000011,5,4,2,0.75,80,64,24,44,14,40,44,54,0,2,0,0.20000000298023224,0,0,0.20000000298023224,0,0,0.20000000298023224,0,0,0.20000000298023224,0),
  (730000011,6,4,0,0,90,72,27,50,16,45,50,60,0,3,0,0.12999999523162842,0.18000000715255737,0,0.12999999523162842,0.18000000715255737,0,0.12999999523162842,0.18000000715255737,0,0.12999999523162842,0.18000000715255737),
  (730000011,7,4,0,0,90,72,27,50,16,45,50,60,0,3,0,0,0.6000000238418579,0,0,0.6000000238418579,0,0,0.6000000238418579,0,0,0.6000000238418579),
  (730000011,8,4,3,0.75,90,72,27,50,16,45,50,60,0,3,0,0,0.2199999988079071,0,0,0.2199999988079071,0,0,0.2199999988079071,0,0,0.2199999988079071);
INSERT INTO `weenie_properties_spell_book` (`object_Id`,`spell`,`probability`) VALUES
  (730000011,59,2.0290000438690186),
  (730000011,65,2.0290000438690186),
  (730000011,70,2.0290000438690186),
  (730000011,76,2.0290000438690186),
  (730000011,81,2.0290000438690186),
  (730000011,87,2.0290000438690186),
  (730000011,93,2.0290000438690186),
  (730000011,172,2.009000062942505),
  (730000011,1238,2.0199999809265137),
  (730000011,1250,2.0199999809265137),
  (730000011,1261,2.0199999809265137),
  (730000011,1339,2.009000062942505),
  (730000011,1368,2.009000062942505),
  (730000011,1392,2.009000062942505),
  (730000011,1416,2.009000062942505),
  (730000011,1440,2.009000062942505),
  (730000011,1464,2.009000062942505);
INSERT INTO `weenie_properties_create_list` (`object_Id`,`destination_Type`,`weenie_Class_Id`,`stack_Size`,`palette`,`shade`,`try_To_Bond`) VALUES
  (730000011,9,22578,0,0,0.009999999776482582,0),
  (730000011,9,0,0,0,0.9900000095367432,0),
  (730000011,9,8147,0,0,0.05000000074505806,0),
  (730000011,9,0,0,0,0.949999988079071,0),
  (730000011,9,29204,1,0,0.14000000059604645,0),
  (730000011,9,0,0,0,0.8600000143051147,0);

INSERT INTO `weenie` (`class_Id`,`class_Name`,`type`,`last_Modified`) VALUES (730000012,'t11_tou_crude_monouga',10,NOW());
INSERT INTO `weenie_properties_string` (`object_Id`,`type`,`value`) VALUES
  (730000012,1,'Crude Monouga');
INSERT INTO `weenie_properties_int` (`object_Id`,`type`,`value`) VALUES
  (730000012,1,16),
  (730000012,2,28),
  (730000012,6,-1),
  (730000012,7,-1),
  (730000012,16,1),
  (730000012,25,30),
  (730000012,27,0),
  (730000012,40,2),
  (730000012,68,9),
  (730000012,93,4195336),
  (730000012,101,131),
  (730000012,133,2),
  (730000012,140,1),
  (730000012,146,5000);
INSERT INTO `weenie_properties_float` (`object_Id`,`type`,`value`) VALUES
  (730000012,1,5),
  (730000012,2,0),
  (730000012,3,0.25),
  (730000012,4,5),
  (730000012,5,2),
  (730000012,13,0.13),
  (730000012,14,0.79),
  (730000012,15,0.28),
  (730000012,16,0.6),
  (730000012,17,0.28),
  (730000012,18,0.47),
  (730000012,19,0.04),
  (730000012,31,23),
  (730000012,34,3.5),
  (730000012,36,1),
  (730000012,39,1.62),
  (730000012,64,0.52),
  (730000012,65,0.9),
  (730000012,66,0.45),
  (730000012,67,0.45),
  (730000012,68,1),
  (730000012,69,0.75),
  (730000012,70,0.46),
  (730000012,71,1),
  (730000012,72,1),
  (730000012,73,1),
  (730000012,74,1),
  (730000012,75,1),
  (730000012,104,10),
  (730000012,125,1);
INSERT INTO `weenie_properties_bool` (`object_Id`,`type`,`value`) VALUES
  (730000012,1,1),
  (730000012,11,0),
  (730000012,12,1),
  (730000012,13,0),
  (730000012,14,1),
  (730000012,19,1),
  (730000012,42,1);
INSERT INTO `weenie_properties_d_i_d` (`object_Id`,`type`,`value`) VALUES
  (730000012,1,33555199),
  (730000012,2,150994983),
  (730000012,3,536870962),
  (730000012,4,805306390),
  (730000012,8,100669117),
  (730000012,22,872415257),
  (730000012,32,117),
  (730000012,35,453);
INSERT INTO `weenie_properties_attribute` (`object_Id`,`type`,`init_Level`,`level_From_C_P`,`c_P_Spent`) VALUES
  (730000012,1,50,0,0),
  (730000012,2,60,0,0),
  (730000012,3,30,0,0),
  (730000012,4,80,0,0),
  (730000012,5,125,0,0),
  (730000012,6,115,0,0);
INSERT INTO `weenie_properties_attribute_2nd` (`object_Id`,`type`,`init_Level`,`level_From_C_P`,`c_P_Spent`,`current_Level`) VALUES
  (730000012,1,60,0,0,90),
  (730000012,3,70,0,0,130),
  (730000012,5,40,0,0,155);
INSERT INTO `weenie_properties_skill` (`object_Id`,`type`,`level_From_P_P`,`s_a_c`,`p_p`,`init_Level`,`resistance_At_Last_Check`,`last_Used_Time`) VALUES
  (730000012,6,0,3,0,86,0,0),
  (730000012,7,0,3,0,126,0,0),
  (730000012,14,0,3,0,50,0,0),
  (730000012,15,0,3,0,76,0,0),
  (730000012,20,0,3,0,50,0,0),
  (730000012,31,0,3,0,24,0,0),
  (730000012,33,0,3,0,24,0,0),
  (730000012,34,0,3,0,24,0,0),
  (730000012,44,0,3,0,90,0,0),
  (730000012,45,0,3,0,90,0,0),
  (730000012,46,0,3,0,90,0,0),
  (730000012,47,0,3,0,100,0,0),
  (730000012,48,0,3,0,90,0,0);
INSERT INTO `weenie_properties_body_part` (`object_Id`,`key`,`d_Type`,`d_Val`,`d_Var`,`base_Armor`,`armor_Vs_Slash`,`armor_Vs_Pierce`,`armor_Vs_Bludgeon`,`armor_Vs_Cold`,`armor_Vs_Fire`,`armor_Vs_Acid`,`armor_Vs_Electric`,`armor_Vs_Nether`,`b_h`,`h_l_f`,`m_l_f`,`l_l_f`,`h_r_f`,`m_r_f`,`l_r_f`,`h_l_b`,`m_l_b`,`l_l_b`,`h_r_b`,`m_r_b`,`l_r_b`) VALUES
  (730000012,0,4,0,0,70,56,21,39,13,35,39,47,0,1,0.33000001311302185,0,0,0.33000001311302185,0,0,0.33000001311302185,0,0,0.33000001311302185,0,0),
  (730000012,1,4,0,0,80,64,24,44,14,40,44,54,0,2,0.4399999976158142,0.17000000178813934,0,0.4399999976158142,0.17000000178813934,0,0.4399999976158142,0.17000000178813934,0,0.4399999976158142,0.17000000178813934,0),
  (730000012,2,4,0,0,80,64,24,44,14,40,44,54,0,3,0,0.17000000178813934,0,0,0.17000000178813934,0,0,0.17000000178813934,0,0,0.17000000178813934,0),
  (730000012,3,4,0,0,70,56,21,39,13,35,39,47,0,1,0.23000000417232513,0.029999999329447746,0,0.23000000417232513,0.029999999329447746,0,0.23000000417232513,0.029999999329447746,0,0.23000000417232513,0.029999999329447746,0),
  (730000012,4,4,0,0,80,64,24,44,14,40,44,54,0,2,0,0.30000001192092896,0,0,0.30000001192092896,0,0,0.30000001192092896,0,0,0.30000001192092896,0),
  (730000012,5,4,2,0.75,80,64,24,44,14,40,44,54,0,2,0,0.20000000298023224,0,0,0.20000000298023224,0,0,0.20000000298023224,0,0,0.20000000298023224,0),
  (730000012,6,4,0,0,90,72,27,50,16,45,50,60,0,3,0,0.12999999523162842,0.18000000715255737,0,0.12999999523162842,0.18000000715255737,0,0.12999999523162842,0.18000000715255737,0,0.12999999523162842,0.18000000715255737),
  (730000012,7,4,0,0,90,72,27,50,16,45,50,60,0,3,0,0,0.6000000238418579,0,0,0.6000000238418579,0,0,0.6000000238418579,0,0,0.6000000238418579),
  (730000012,8,4,3,0.75,90,72,27,50,16,45,50,60,0,3,0,0,0.2199999988079071,0,0,0.2199999988079071,0,0,0.2199999988079071,0,0,0.2199999988079071);
INSERT INTO `weenie_properties_spell_book` (`object_Id`,`spell`,`probability`) VALUES
  (730000012,59,2.0290000438690186),
  (730000012,65,2.0290000438690186),
  (730000012,70,2.0290000438690186),
  (730000012,76,2.0290000438690186),
  (730000012,81,2.0290000438690186),
  (730000012,87,2.0290000438690186),
  (730000012,93,2.0290000438690186),
  (730000012,172,2.009000062942505),
  (730000012,1238,2.0199999809265137),
  (730000012,1250,2.0199999809265137),
  (730000012,1261,2.0199999809265137),
  (730000012,1339,2.009000062942505),
  (730000012,1368,2.009000062942505),
  (730000012,1392,2.009000062942505),
  (730000012,1416,2.009000062942505),
  (730000012,1440,2.009000062942505),
  (730000012,1464,2.009000062942505);
INSERT INTO `weenie_properties_create_list` (`object_Id`,`destination_Type`,`weenie_Class_Id`,`stack_Size`,`palette`,`shade`,`try_To_Bond`) VALUES
  (730000012,9,12253,0,0,0.05999999865889549,0),
  (730000012,9,0,0,0,0.9399999976158142,0);

INSERT INTO `weenie` (`class_Id`,`class_Name`,`type`,`last_Modified`) VALUES (730000013,'t11_tou_wild_monouga',10,NOW());
INSERT INTO `weenie_properties_string` (`object_Id`,`type`,`value`) VALUES
  (730000013,1,'Wild Monouga');
INSERT INTO `weenie_properties_int` (`object_Id`,`type`,`value`) VALUES
  (730000013,1,16),
  (730000013,2,28),
  (730000013,3,9),
  (730000013,6,-1),
  (730000013,7,-1),
  (730000013,16,1),
  (730000013,25,30),
  (730000013,27,0),
  (730000013,40,2),
  (730000013,68,9),
  (730000013,93,4195336),
  (730000013,101,131),
  (730000013,133,2),
  (730000013,140,1),
  (730000013,146,5000);
INSERT INTO `weenie_properties_float` (`object_Id`,`type`,`value`) VALUES
  (730000013,1,5),
  (730000013,2,0),
  (730000013,3,0.5),
  (730000013,4,5),
  (730000013,5,2),
  (730000013,12,0.5),
  (730000013,13,0.25),
  (730000013,14,0.81),
  (730000013,15,0.41),
  (730000013,16,0.6),
  (730000013,17,0.41),
  (730000013,18,0.53),
  (730000013,19,0.17),
  (730000013,31,24),
  (730000013,34,0.6),
  (730000013,36,1),
  (730000013,39,1.5),
  (730000013,64,0.52),
  (730000013,65,0.9),
  (730000013,66,0.45),
  (730000013,67,0.45),
  (730000013,68,1),
  (730000013,69,0.75),
  (730000013,70,0.46),
  (730000013,71,1),
  (730000013,72,1),
  (730000013,73,1),
  (730000013,74,1),
  (730000013,75,1),
  (730000013,104,10),
  (730000013,125,1);
INSERT INTO `weenie_properties_bool` (`object_Id`,`type`,`value`) VALUES
  (730000013,1,1),
  (730000013,11,0),
  (730000013,12,1),
  (730000013,13,0),
  (730000013,14,1),
  (730000013,19,1),
  (730000013,42,1);
INSERT INTO `weenie_properties_d_i_d` (`object_Id`,`type`,`value`) VALUES
  (730000013,1,33555199),
  (730000013,2,150994983),
  (730000013,3,536870962),
  (730000013,4,805306390),
  (730000013,6,67111302),
  (730000013,7,268435726),
  (730000013,8,100669117),
  (730000013,22,872415257),
  (730000013,32,120),
  (730000013,35,451);
INSERT INTO `weenie_properties_attribute` (`object_Id`,`type`,`init_Level`,`level_From_C_P`,`c_P_Spent`) VALUES
  (730000013,1,50,0,0),
  (730000013,2,60,0,0),
  (730000013,3,30,0,0),
  (730000013,4,80,0,0),
  (730000013,5,125,0,0),
  (730000013,6,115,0,0);
INSERT INTO `weenie_properties_attribute_2nd` (`object_Id`,`type`,`init_Level`,`level_From_C_P`,`c_P_Spent`,`current_Level`) VALUES
  (730000013,1,60,0,0,90),
  (730000013,3,70,0,0,130),
  (730000013,5,40,0,0,155);
INSERT INTO `weenie_properties_skill` (`object_Id`,`type`,`level_From_P_P`,`s_a_c`,`p_p`,`init_Level`,`resistance_At_Last_Check`,`last_Used_Time`) VALUES
  (730000013,6,0,3,0,86,0,0),
  (730000013,7,0,3,0,126,0,0),
  (730000013,14,0,3,0,50,0,0),
  (730000013,15,0,3,0,76,0,0),
  (730000013,20,0,3,0,50,0,0),
  (730000013,31,0,3,0,24,0,0),
  (730000013,33,0,3,0,24,0,0),
  (730000013,34,0,3,0,24,0,0),
  (730000013,44,0,3,0,90,0,0),
  (730000013,45,0,3,0,90,0,0),
  (730000013,46,0,3,0,90,0,0),
  (730000013,47,0,3,0,100,0,0),
  (730000013,48,0,3,0,90,0,0);
INSERT INTO `weenie_properties_body_part` (`object_Id`,`key`,`d_Type`,`d_Val`,`d_Var`,`base_Armor`,`armor_Vs_Slash`,`armor_Vs_Pierce`,`armor_Vs_Bludgeon`,`armor_Vs_Cold`,`armor_Vs_Fire`,`armor_Vs_Acid`,`armor_Vs_Electric`,`armor_Vs_Nether`,`b_h`,`h_l_f`,`m_l_f`,`l_l_f`,`h_r_f`,`m_r_f`,`l_r_f`,`h_l_b`,`m_l_b`,`l_l_b`,`h_r_b`,`m_r_b`,`l_r_b`) VALUES
  (730000013,0,4,0,0,70,56,21,39,13,35,39,47,0,1,0.33000001311302185,0,0,0.33000001311302185,0,0,0.33000001311302185,0,0,0.33000001311302185,0,0),
  (730000013,1,4,0,0,80,64,24,44,14,40,44,54,0,2,0.4399999976158142,0.17000000178813934,0,0.4399999976158142,0.17000000178813934,0,0.4399999976158142,0.17000000178813934,0,0.4399999976158142,0.17000000178813934,0),
  (730000013,2,4,0,0,80,64,24,44,14,40,44,54,0,3,0,0.17000000178813934,0,0,0.17000000178813934,0,0,0.17000000178813934,0,0,0.17000000178813934,0),
  (730000013,3,4,0,0,70,56,21,39,13,35,39,47,0,1,0.23000000417232513,0.029999999329447746,0,0.23000000417232513,0.029999999329447746,0,0.23000000417232513,0.029999999329447746,0,0.23000000417232513,0.029999999329447746,0),
  (730000013,4,4,0,0,80,64,24,44,14,40,44,54,0,2,0,0.30000001192092896,0,0,0.30000001192092896,0,0,0.30000001192092896,0,0,0.30000001192092896,0),
  (730000013,5,4,2,0.75,80,64,24,44,14,40,44,54,0,2,0,0.20000000298023224,0,0,0.20000000298023224,0,0,0.20000000298023224,0,0,0.20000000298023224,0),
  (730000013,6,4,0,0,90,72,27,50,16,45,50,60,0,3,0,0.12999999523162842,0.18000000715255737,0,0.12999999523162842,0.18000000715255737,0,0.12999999523162842,0.18000000715255737,0,0.12999999523162842,0.18000000715255737),
  (730000013,7,4,0,0,90,72,27,50,16,45,50,60,0,3,0,0,0.6000000238418579,0,0,0.6000000238418579,0,0,0.6000000238418579,0,0,0.6000000238418579),
  (730000013,8,4,3,0.75,90,72,27,50,16,45,50,60,0,3,0,0,0.2199999988079071,0,0,0.2199999988079071,0,0,0.2199999988079071,0,0,0.2199999988079071);
INSERT INTO `weenie_properties_spell_book` (`object_Id`,`spell`,`probability`) VALUES
  (730000013,59,2.0290000438690186),
  (730000013,65,2.0290000438690186),
  (730000013,70,2.0290000438690186),
  (730000013,76,2.0290000438690186),
  (730000013,81,2.0290000438690186),
  (730000013,87,2.0290000438690186),
  (730000013,93,2.0290000438690186),
  (730000013,172,2.009000062942505),
  (730000013,1238,2.0199999809265137),
  (730000013,1250,2.0199999809265137),
  (730000013,1261,2.0199999809265137),
  (730000013,1339,2.009000062942505),
  (730000013,1368,2.009000062942505),
  (730000013,1392,2.009000062942505),
  (730000013,1416,2.009000062942505),
  (730000013,1440,2.009000062942505),
  (730000013,1464,2.009000062942505);
INSERT INTO `weenie_properties_create_list` (`object_Id`,`destination_Type`,`weenie_Class_Id`,`stack_Size`,`palette`,`shade`,`try_To_Bond`) VALUES
  (730000013,9,12253,0,0,0.05999999865889549,0),
  (730000013,9,0,0,0,0.9399999976158142,0);

INSERT INTO `weenie` (`class_Id`,`class_Name`,`type`,`last_Modified`) VALUES (730000014,'t11_tou_wily_monouga',10,NOW());
INSERT INTO `weenie_properties_string` (`object_Id`,`type`,`value`) VALUES
  (730000014,1,'Wily Monouga');
INSERT INTO `weenie_properties_int` (`object_Id`,`type`,`value`) VALUES
  (730000014,1,16),
  (730000014,2,28),
  (730000014,3,49),
  (730000014,6,-1),
  (730000014,7,-1),
  (730000014,16,1),
  (730000014,25,60),
  (730000014,27,0),
  (730000014,40,2),
  (730000014,68,9),
  (730000014,93,4195336),
  (730000014,101,131),
  (730000014,133,4),
  (730000014,140,1),
  (730000014,146,17500);
INSERT INTO `weenie_properties_float` (`object_Id`,`type`,`value`) VALUES
  (730000014,1,5),
  (730000014,2,0),
  (730000014,3,0.5),
  (730000014,4,5),
  (730000014,5,2),
  (730000014,12,0.5),
  (730000014,13,0.3),
  (730000014,14,0.74),
  (730000014,15,0.04),
  (730000014,16,0.6),
  (730000014,17,0.04),
  (730000014,18,0.36),
  (730000014,19,0.07),
  (730000014,31,21),
  (730000014,34,0.6),
  (730000014,36,1),
  (730000014,39,1.8),
  (730000014,64,0.6),
  (730000014,65,0.9),
  (730000014,66,0.45),
  (730000014,67,0.45),
  (730000014,68,1),
  (730000014,69,0.75),
  (730000014,70,0.55),
  (730000014,71,1),
  (730000014,72,1),
  (730000014,73,1),
  (730000014,74,1),
  (730000014,75,1),
  (730000014,80,3),
  (730000014,104,10),
  (730000014,125,1);
INSERT INTO `weenie_properties_bool` (`object_Id`,`type`,`value`) VALUES
  (730000014,1,1),
  (730000014,6,1),
  (730000014,11,0),
  (730000014,12,1),
  (730000014,13,0),
  (730000014,14,1),
  (730000014,19,1),
  (730000014,42,1),
  (730000014,50,1);
INSERT INTO `weenie_properties_d_i_d` (`object_Id`,`type`,`value`) VALUES
  (730000014,1,33555199),
  (730000014,2,150994983),
  (730000014,3,536870962),
  (730000014,4,805306390),
  (730000014,6,67111302),
  (730000014,7,268436143),
  (730000014,8,100669117),
  (730000014,22,872415257),
  (730000014,32,119),
  (730000014,35,451);
INSERT INTO `weenie_properties_attribute` (`object_Id`,`type`,`init_Level`,`level_From_C_P`,`c_P_Spent`) VALUES
  (730000014,1,50,0,0),
  (730000014,2,60,0,0),
  (730000014,3,30,0,0),
  (730000014,4,80,0,0),
  (730000014,5,125,0,0),
  (730000014,6,115,0,0);
INSERT INTO `weenie_properties_attribute_2nd` (`object_Id`,`type`,`init_Level`,`level_From_C_P`,`c_P_Spent`,`current_Level`) VALUES
  (730000014,1,60,0,0,90),
  (730000014,3,70,0,0,130),
  (730000014,5,40,0,0,155);
INSERT INTO `weenie_properties_skill` (`object_Id`,`type`,`level_From_P_P`,`s_a_c`,`p_p`,`init_Level`,`resistance_At_Last_Check`,`last_Used_Time`) VALUES
  (730000014,6,0,3,0,86,0,0),
  (730000014,7,0,3,0,126,0,0),
  (730000014,14,0,3,0,50,0,0),
  (730000014,15,0,3,0,76,0,0),
  (730000014,20,0,3,0,50,0,0),
  (730000014,31,0,3,0,24,0,0),
  (730000014,33,0,3,0,24,0,0),
  (730000014,34,0,3,0,24,0,0),
  (730000014,44,0,3,0,90,0,0),
  (730000014,45,0,3,0,90,0,0),
  (730000014,46,0,3,0,90,0,0),
  (730000014,47,0,3,0,100,0,0),
  (730000014,48,0,3,0,90,0,0);
INSERT INTO `weenie_properties_body_part` (`object_Id`,`key`,`d_Type`,`d_Val`,`d_Var`,`base_Armor`,`armor_Vs_Slash`,`armor_Vs_Pierce`,`armor_Vs_Bludgeon`,`armor_Vs_Cold`,`armor_Vs_Fire`,`armor_Vs_Acid`,`armor_Vs_Electric`,`armor_Vs_Nether`,`b_h`,`h_l_f`,`m_l_f`,`l_l_f`,`h_r_f`,`m_r_f`,`l_r_f`,`h_l_b`,`m_l_b`,`l_l_b`,`h_r_b`,`m_r_b`,`l_r_b`) VALUES
  (730000014,0,4,0,0,70,56,21,39,13,35,39,47,0,1,0.33000001311302185,0,0,0.33000001311302185,0,0,0.33000001311302185,0,0,0.33000001311302185,0,0),
  (730000014,1,4,0,0,80,64,24,44,14,40,44,54,0,2,0.4399999976158142,0.17000000178813934,0,0.4399999976158142,0.17000000178813934,0,0.4399999976158142,0.17000000178813934,0,0.4399999976158142,0.17000000178813934,0),
  (730000014,2,4,0,0,80,64,24,44,14,40,44,54,0,3,0,0.17000000178813934,0,0,0.17000000178813934,0,0,0.17000000178813934,0,0,0.17000000178813934,0),
  (730000014,3,4,0,0,70,56,21,39,13,35,39,47,0,1,0.23000000417232513,0.029999999329447746,0,0.23000000417232513,0.029999999329447746,0,0.23000000417232513,0.029999999329447746,0,0.23000000417232513,0.029999999329447746,0),
  (730000014,4,4,0,0,80,64,24,44,14,40,44,54,0,2,0,0.30000001192092896,0,0,0.30000001192092896,0,0,0.30000001192092896,0,0,0.30000001192092896,0),
  (730000014,5,4,2,0.75,80,64,24,44,14,40,44,54,0,2,0,0.20000000298023224,0,0,0.20000000298023224,0,0,0.20000000298023224,0,0,0.20000000298023224,0),
  (730000014,6,4,0,0,90,72,27,50,16,45,50,60,0,3,0,0.12999999523162842,0.18000000715255737,0,0.12999999523162842,0.18000000715255737,0,0.12999999523162842,0.18000000715255737,0,0.12999999523162842,0.18000000715255737),
  (730000014,7,4,0,0,90,72,27,50,16,45,50,60,0,3,0,0,0.6000000238418579,0,0,0.6000000238418579,0,0,0.6000000238418579,0,0,0.6000000238418579),
  (730000014,8,4,3,0.75,90,72,27,50,16,45,50,60,0,3,0,0,0.2199999988079071,0,0,0.2199999988079071,0,0,0.2199999988079071,0,0,0.2199999988079071);
INSERT INTO `weenie_properties_spell_book` (`object_Id`,`spell`,`probability`) VALUES
  (730000014,59,2.0290000438690186),
  (730000014,65,2.0290000438690186),
  (730000014,70,2.0290000438690186),
  (730000014,76,2.0290000438690186),
  (730000014,81,2.0290000438690186),
  (730000014,87,2.0290000438690186),
  (730000014,93,2.0290000438690186),
  (730000014,172,2.009000062942505),
  (730000014,1238,2.0199999809265137),
  (730000014,1250,2.0199999809265137),
  (730000014,1261,2.0199999809265137),
  (730000014,1339,2.009000062942505),
  (730000014,1368,2.009000062942505),
  (730000014,1392,2.009000062942505),
  (730000014,1416,2.009000062942505),
  (730000014,1440,2.009000062942505),
  (730000014,1464,2.009000062942505);
INSERT INTO `weenie_properties_create_list` (`object_Id`,`destination_Type`,`weenie_Class_Id`,`stack_Size`,`palette`,`shade`,`try_To_Bond`) VALUES
  (730000014,9,12253,0,0,0.09000000357627869,0),
  (730000014,9,0,0,0,0.9100000262260437,0);

INSERT INTO `weenie` (`class_Id`,`class_Name`,`type`,`last_Modified`) VALUES (730000015,'t11_tou_brutish_monouga',10,NOW());
INSERT INTO `weenie_properties_string` (`object_Id`,`type`,`value`) VALUES
  (730000015,1,'Brutish Monouga');
INSERT INTO `weenie_properties_int` (`object_Id`,`type`,`value`) VALUES
  (730000015,1,16),
  (730000015,2,28),
  (730000015,3,40),
  (730000015,6,-1),
  (730000015,7,-1),
  (730000015,16,1),
  (730000015,25,50),
  (730000015,27,0),
  (730000015,40,2),
  (730000015,68,9),
  (730000015,93,4195336),
  (730000015,101,131),
  (730000015,133,4),
  (730000015,140,1),
  (730000015,146,10000);
INSERT INTO `weenie_properties_float` (`object_Id`,`type`,`value`) VALUES
  (730000015,1,5),
  (730000015,2,0),
  (730000015,3,0.5),
  (730000015,4,5),
  (730000015,5,2),
  (730000015,12,0.5),
  (730000015,13,0.3),
  (730000015,14,0.74),
  (730000015,15,0.04),
  (730000015,16,0.6),
  (730000015,17,0.04),
  (730000015,18,0.36),
  (730000015,19,0.07),
  (730000015,31,21),
  (730000015,34,0.6),
  (730000015,36,1),
  (730000015,39,1.8),
  (730000015,64,0.6),
  (730000015,65,0.9),
  (730000015,66,0.45),
  (730000015,67,0.45),
  (730000015,68,1),
  (730000015,69,0.75),
  (730000015,70,0.55),
  (730000015,71,1),
  (730000015,72,1),
  (730000015,73,1),
  (730000015,74,1),
  (730000015,75,1),
  (730000015,104,10),
  (730000015,125,1);
INSERT INTO `weenie_properties_bool` (`object_Id`,`type`,`value`) VALUES
  (730000015,1,1),
  (730000015,11,0),
  (730000015,12,1),
  (730000015,13,0),
  (730000015,14,1),
  (730000015,19,1),
  (730000015,42,1);
INSERT INTO `weenie_properties_d_i_d` (`object_Id`,`type`,`value`) VALUES
  (730000015,1,33555199),
  (730000015,2,150994983),
  (730000015,3,536870962),
  (730000015,4,805306390),
  (730000015,6,67111302),
  (730000015,7,268436143),
  (730000015,8,100669117),
  (730000015,22,872415257),
  (730000015,32,119),
  (730000015,35,451);
INSERT INTO `weenie_properties_attribute` (`object_Id`,`type`,`init_Level`,`level_From_C_P`,`c_P_Spent`) VALUES
  (730000015,1,50,0,0),
  (730000015,2,60,0,0),
  (730000015,3,30,0,0),
  (730000015,4,80,0,0),
  (730000015,5,125,0,0),
  (730000015,6,115,0,0);
INSERT INTO `weenie_properties_attribute_2nd` (`object_Id`,`type`,`init_Level`,`level_From_C_P`,`c_P_Spent`,`current_Level`) VALUES
  (730000015,1,60,0,0,90),
  (730000015,3,70,0,0,130),
  (730000015,5,40,0,0,155);
INSERT INTO `weenie_properties_skill` (`object_Id`,`type`,`level_From_P_P`,`s_a_c`,`p_p`,`init_Level`,`resistance_At_Last_Check`,`last_Used_Time`) VALUES
  (730000015,6,0,3,0,86,0,0),
  (730000015,7,0,3,0,126,0,0),
  (730000015,14,0,3,0,50,0,0),
  (730000015,15,0,3,0,76,0,0),
  (730000015,20,0,3,0,50,0,0),
  (730000015,31,0,3,0,24,0,0),
  (730000015,33,0,3,0,24,0,0),
  (730000015,34,0,3,0,24,0,0),
  (730000015,44,0,3,0,90,0,0),
  (730000015,45,0,3,0,90,0,0),
  (730000015,46,0,3,0,90,0,0),
  (730000015,47,0,3,0,100,0,0),
  (730000015,48,0,3,0,90,0,0);
INSERT INTO `weenie_properties_body_part` (`object_Id`,`key`,`d_Type`,`d_Val`,`d_Var`,`base_Armor`,`armor_Vs_Slash`,`armor_Vs_Pierce`,`armor_Vs_Bludgeon`,`armor_Vs_Cold`,`armor_Vs_Fire`,`armor_Vs_Acid`,`armor_Vs_Electric`,`armor_Vs_Nether`,`b_h`,`h_l_f`,`m_l_f`,`l_l_f`,`h_r_f`,`m_r_f`,`l_r_f`,`h_l_b`,`m_l_b`,`l_l_b`,`h_r_b`,`m_r_b`,`l_r_b`) VALUES
  (730000015,0,4,0,0,70,56,21,39,13,35,39,47,0,1,0.33000001311302185,0,0,0.33000001311302185,0,0,0.33000001311302185,0,0,0.33000001311302185,0,0),
  (730000015,1,4,0,0,80,64,24,44,14,40,44,54,0,2,0.4399999976158142,0.17000000178813934,0,0.4399999976158142,0.17000000178813934,0,0.4399999976158142,0.17000000178813934,0,0.4399999976158142,0.17000000178813934,0),
  (730000015,2,4,0,0,80,64,24,44,14,40,44,54,0,3,0,0.17000000178813934,0,0,0.17000000178813934,0,0,0.17000000178813934,0,0,0.17000000178813934,0),
  (730000015,3,4,0,0,70,56,21,39,13,35,39,47,0,1,0.23000000417232513,0.029999999329447746,0,0.23000000417232513,0.029999999329447746,0,0.23000000417232513,0.029999999329447746,0,0.23000000417232513,0.029999999329447746,0),
  (730000015,4,4,0,0,80,64,24,44,14,40,44,54,0,2,0,0.30000001192092896,0,0,0.30000001192092896,0,0,0.30000001192092896,0,0,0.30000001192092896,0),
  (730000015,5,4,2,0.75,80,64,24,44,14,40,44,54,0,2,0,0.20000000298023224,0,0,0.20000000298023224,0,0,0.20000000298023224,0,0,0.20000000298023224,0),
  (730000015,6,4,0,0,90,72,27,50,16,45,50,60,0,3,0,0.12999999523162842,0.18000000715255737,0,0.12999999523162842,0.18000000715255737,0,0.12999999523162842,0.18000000715255737,0,0.12999999523162842,0.18000000715255737),
  (730000015,7,4,0,0,90,72,27,50,16,45,50,60,0,3,0,0,0.6000000238418579,0,0,0.6000000238418579,0,0,0.6000000238418579,0,0,0.6000000238418579),
  (730000015,8,4,3,0.75,90,72,27,50,16,45,50,60,0,3,0,0,0.2199999988079071,0,0,0.2199999988079071,0,0,0.2199999988079071,0,0,0.2199999988079071);
INSERT INTO `weenie_properties_spell_book` (`object_Id`,`spell`,`probability`) VALUES
  (730000015,59,2.0290000438690186),
  (730000015,65,2.0290000438690186),
  (730000015,70,2.0290000438690186),
  (730000015,76,2.0290000438690186),
  (730000015,81,2.0290000438690186),
  (730000015,87,2.0290000438690186),
  (730000015,93,2.0290000438690186),
  (730000015,172,2.009000062942505),
  (730000015,1238,2.0199999809265137),
  (730000015,1250,2.0199999809265137),
  (730000015,1261,2.0199999809265137),
  (730000015,1339,2.009000062942505),
  (730000015,1368,2.009000062942505),
  (730000015,1392,2.009000062942505),
  (730000015,1416,2.009000062942505),
  (730000015,1440,2.009000062942505),
  (730000015,1464,2.009000062942505);
INSERT INTO `weenie_properties_create_list` (`object_Id`,`destination_Type`,`weenie_Class_Id`,`stack_Size`,`palette`,`shade`,`try_To_Bond`) VALUES
  (730000015,9,12253,0,0,0.09000000357627869,0),
  (730000015,9,0,0,0,0.9100000262260437,0),
  (730000015,9,15772,0,0,0.019999999552965164,0),
  (730000015,9,0,0,0,0.9800000190734863,0);

INSERT INTO `weenie` (`class_Id`,`class_Name`,`type`,`last_Modified`) VALUES (730000016,'t11_tou_elaniwood_golem',10,NOW());
INSERT INTO `weenie_properties_string` (`object_Id`,`type`,`value`) VALUES
  (730000016,1,'Elaniwood Golem');
INSERT INTO `weenie_properties_int` (`object_Id`,`type`,`value`) VALUES
  (730000016,1,16),
  (730000016,2,13),
  (730000016,6,-1),
  (730000016,7,-1),
  (730000016,16,1),
  (730000016,25,20),
  (730000016,27,0),
  (730000016,40,2),
  (730000016,68,3),
  (730000016,93,1032),
  (730000016,133,2),
  (730000016,146,3500);
INSERT INTO `weenie_properties_float` (`object_Id`,`type`,`value`) VALUES
  (730000016,1,5),
  (730000016,2,0),
  (730000016,3,0.1),
  (730000016,4,5),
  (730000016,5,2),
  (730000016,13,0.79),
  (730000016,14,0.55),
  (730000016,15,0.55),
  (730000016,16,0.71),
  (730000016,17,0.3),
  (730000016,18,0.39),
  (730000016,19,0.58),
  (730000016,31,13),
  (730000016,34,3),
  (730000016,36,1),
  (730000016,39,1.1),
  (730000016,64,0.83),
  (730000016,65,0.8),
  (730000016,66,0.8),
  (730000016,67,1),
  (730000016,68,0.77),
  (730000016,69,1),
  (730000016,70,0.8),
  (730000016,71,1),
  (730000016,72,1),
  (730000016,73,1),
  (730000016,74,1),
  (730000016,75,1),
  (730000016,80,3),
  (730000016,104,10),
  (730000016,125,1);
INSERT INTO `weenie_properties_bool` (`object_Id`,`type`,`value`) VALUES
  (730000016,1,1),
  (730000016,6,1),
  (730000016,11,0),
  (730000016,12,1),
  (730000016,13,0),
  (730000016,14,1),
  (730000016,19,1);
INSERT INTO `weenie_properties_d_i_d` (`object_Id`,`type`,`value`) VALUES
  (730000016,1,33556428),
  (730000016,2,150995073),
  (730000016,3,536870933),
  (730000016,4,805306376),
  (730000016,8,100667940),
  (730000016,22,872415326),
  (730000016,35,465);
INSERT INTO `weenie_properties_attribute` (`object_Id`,`type`,`init_Level`,`level_From_C_P`,`c_P_Spent`) VALUES
  (730000016,1,50,0,0),
  (730000016,2,60,0,0),
  (730000016,3,30,0,0),
  (730000016,4,80,0,0),
  (730000016,5,125,0,0),
  (730000016,6,115,0,0);
INSERT INTO `weenie_properties_attribute_2nd` (`object_Id`,`type`,`init_Level`,`level_From_C_P`,`c_P_Spent`,`current_Level`) VALUES
  (730000016,1,60,0,0,90),
  (730000016,3,70,0,0,130),
  (730000016,5,40,0,0,155);
INSERT INTO `weenie_properties_skill` (`object_Id`,`type`,`level_From_P_P`,`s_a_c`,`p_p`,`init_Level`,`resistance_At_Last_Check`,`last_Used_Time`) VALUES
  (730000016,6,0,3,0,86,0,0),
  (730000016,7,0,3,0,126,0,0),
  (730000016,14,0,3,0,50,0,0),
  (730000016,15,0,3,0,76,0,0),
  (730000016,20,0,3,0,50,0,0),
  (730000016,31,0,3,0,24,0,0),
  (730000016,33,0,3,0,24,0,0),
  (730000016,34,0,3,0,24,0,0),
  (730000016,44,0,3,0,90,0,0),
  (730000016,45,0,3,0,90,0,0),
  (730000016,46,0,3,0,90,0,0),
  (730000016,47,0,3,0,100,0,0),
  (730000016,48,0,3,0,90,0,0);
INSERT INTO `weenie_properties_body_part` (`object_Id`,`key`,`d_Type`,`d_Val`,`d_Var`,`base_Armor`,`armor_Vs_Slash`,`armor_Vs_Pierce`,`armor_Vs_Bludgeon`,`armor_Vs_Cold`,`armor_Vs_Fire`,`armor_Vs_Acid`,`armor_Vs_Electric`,`armor_Vs_Nether`,`b_h`,`h_l_f`,`m_l_f`,`l_l_f`,`h_r_f`,`m_r_f`,`l_r_f`,`h_l_b`,`m_l_b`,`l_l_b`,`h_r_b`,`m_r_b`,`l_r_b`) VALUES
  (730000016,0,4,0,0,70,56,21,39,13,35,39,47,0,1,0.33000001311302185,0,0,0.33000001311302185,0,0,0.33000001311302185,0,0,0.33000001311302185,0,0),
  (730000016,1,4,0,0,80,64,24,44,14,40,44,54,0,2,0.4399999976158142,0.17000000178813934,0,0.4399999976158142,0.17000000178813934,0,0.4399999976158142,0.17000000178813934,0,0.4399999976158142,0.17000000178813934,0),
  (730000016,2,4,0,0,80,64,24,44,14,40,44,54,0,3,0,0.17000000178813934,0,0,0.17000000178813934,0,0,0.17000000178813934,0,0,0.17000000178813934,0),
  (730000016,3,4,0,0,70,56,21,39,13,35,39,47,0,1,0.23000000417232513,0.029999999329447746,0,0.23000000417232513,0.029999999329447746,0,0.23000000417232513,0.029999999329447746,0,0.23000000417232513,0.029999999329447746,0),
  (730000016,4,4,0,0,80,64,24,44,14,40,44,54,0,2,0,0.30000001192092896,0,0,0.30000001192092896,0,0,0.30000001192092896,0,0,0.30000001192092896,0),
  (730000016,5,4,2,0.75,80,64,24,44,14,40,44,54,0,2,0,0.20000000298023224,0,0,0.20000000298023224,0,0,0.20000000298023224,0,0,0.20000000298023224,0),
  (730000016,6,4,0,0,90,72,27,50,16,45,50,60,0,3,0,0.12999999523162842,0.18000000715255737,0,0.12999999523162842,0.18000000715255737,0,0.12999999523162842,0.18000000715255737,0,0.12999999523162842,0.18000000715255737),
  (730000016,7,4,0,0,90,72,27,50,16,45,50,60,0,3,0,0,0.6000000238418579,0,0,0.6000000238418579,0,0,0.6000000238418579,0,0,0.6000000238418579),
  (730000016,8,4,3,0.75,90,72,27,50,16,45,50,60,0,3,0,0,0.2199999988079071,0,0,0.2199999988079071,0,0,0.2199999988079071,0,0,0.2199999988079071);
INSERT INTO `weenie_properties_spell_book` (`object_Id`,`spell`,`probability`) VALUES
  (730000016,59,2.0290000438690186),
  (730000016,65,2.0290000438690186),
  (730000016,70,2.0290000438690186),
  (730000016,76,2.0290000438690186),
  (730000016,81,2.0290000438690186),
  (730000016,87,2.0290000438690186),
  (730000016,93,2.0290000438690186),
  (730000016,172,2.009000062942505),
  (730000016,1238,2.0199999809265137),
  (730000016,1250,2.0199999809265137),
  (730000016,1261,2.0199999809265137),
  (730000016,1339,2.009000062942505),
  (730000016,1368,2.009000062942505),
  (730000016,1392,2.009000062942505),
  (730000016,1416,2.009000062942505),
  (730000016,1440,2.009000062942505),
  (730000016,1464,2.009000062942505);
INSERT INTO `weenie_properties_create_list` (`object_Id`,`destination_Type`,`weenie_Class_Id`,`stack_Size`,`palette`,`shade`,`try_To_Bond`) VALUES
  (730000016,9,11350,0,0,0.05000000074505806,0),
  (730000016,9,0,0,0,0.949999988079071,0),
  (730000016,9,6353,0,0,0.014999999664723873,0),
  (730000016,9,0,0,0,0.9850000143051147,0),
  (730000016,9,20859,0,0,0.029999999329447746,0),
  (730000016,9,0,0,0,0.9700000286102295,0);

INSERT INTO `weenie` (`class_Id`,`class_Name`,`type`,`last_Modified`) VALUES (730000017,'t11_tou_scrawed_grievver',10,NOW());
INSERT INTO `weenie_properties_string` (`object_Id`,`type`,`value`) VALUES
  (730000017,1,'Scrawed Grievver');
INSERT INTO `weenie_properties_int` (`object_Id`,`type`,`value`) VALUES
  (730000017,1,16),
  (730000017,2,44),
  (730000017,3,8),
  (730000017,6,-1),
  (730000017,7,-1),
  (730000017,16,1),
  (730000017,25,50),
  (730000017,27,0),
  (730000017,40,2),
  (730000017,68,3),
  (730000017,72,22),
  (730000017,93,1032),
  (730000017,101,131),
  (730000017,133,2),
  (730000017,140,1),
  (730000017,146,10000);
INSERT INTO `weenie_properties_float` (`object_Id`,`type`,`value`) VALUES
  (730000017,1,5),
  (730000017,2,0),
  (730000017,3,0.7),
  (730000017,4,3),
  (730000017,5,1),
  (730000017,12,0.5),
  (730000017,13,0.6),
  (730000017,14,0.68),
  (730000017,15,0.88),
  (730000017,16,0.22),
  (730000017,17,0.22),
  (730000017,18,0.22),
  (730000017,19,0.22),
  (730000017,31,10),
  (730000017,34,1),
  (730000017,36,1),
  (730000017,39,1),
  (730000017,64,1),
  (730000017,65,0.9),
  (730000017,66,0.67),
  (730000017,67,0.25),
  (730000017,68,0.25),
  (730000017,69,0.25),
  (730000017,70,0.25),
  (730000017,71,1),
  (730000017,72,0.85),
  (730000017,73,1),
  (730000017,74,0.85),
  (730000017,75,1),
  (730000017,77,1),
  (730000017,80,3),
  (730000017,104,10),
  (730000017,125,0.85),
  (730000017,127,2);
INSERT INTO `weenie_properties_bool` (`object_Id`,`type`,`value`) VALUES
  (730000017,1,1),
  (730000017,6,1),
  (730000017,11,0),
  (730000017,12,1),
  (730000017,13,0),
  (730000017,14,1),
  (730000017,19,1),
  (730000017,50,1);
INSERT INTO `weenie_properties_d_i_d` (`object_Id`,`type`,`value`) VALUES
  (730000017,1,33556698),
  (730000017,2,150995098),
  (730000017,3,536871009),
  (730000017,4,805306411),
  (730000017,6,67112927),
  (730000017,7,268436038),
  (730000017,8,100670960),
  (730000017,19,87),
  (730000017,22,872415364),
  (730000017,30,87),
  (730000017,35,463);
INSERT INTO `weenie_properties_attribute` (`object_Id`,`type`,`init_Level`,`level_From_C_P`,`c_P_Spent`) VALUES
  (730000017,1,50,0,0),
  (730000017,2,60,0,0),
  (730000017,3,30,0,0),
  (730000017,4,80,0,0),
  (730000017,5,125,0,0),
  (730000017,6,115,0,0);
INSERT INTO `weenie_properties_attribute_2nd` (`object_Id`,`type`,`init_Level`,`level_From_C_P`,`c_P_Spent`,`current_Level`) VALUES
  (730000017,1,60,0,0,90),
  (730000017,3,70,0,0,130),
  (730000017,5,40,0,0,155);
INSERT INTO `weenie_properties_skill` (`object_Id`,`type`,`level_From_P_P`,`s_a_c`,`p_p`,`init_Level`,`resistance_At_Last_Check`,`last_Used_Time`) VALUES
  (730000017,6,0,3,0,86,0,0),
  (730000017,7,0,3,0,126,0,0),
  (730000017,14,0,3,0,50,0,0),
  (730000017,15,0,3,0,76,0,0),
  (730000017,20,0,3,0,50,0,0),
  (730000017,31,0,3,0,24,0,0),
  (730000017,33,0,3,0,24,0,0),
  (730000017,34,0,3,0,24,0,0),
  (730000017,44,0,3,0,90,0,0),
  (730000017,45,0,3,0,90,0,0),
  (730000017,46,0,3,0,90,0,0),
  (730000017,47,0,3,0,100,0,0),
  (730000017,48,0,3,0,90,0,0);
INSERT INTO `weenie_properties_body_part` (`object_Id`,`key`,`d_Type`,`d_Val`,`d_Var`,`base_Armor`,`armor_Vs_Slash`,`armor_Vs_Pierce`,`armor_Vs_Bludgeon`,`armor_Vs_Cold`,`armor_Vs_Fire`,`armor_Vs_Acid`,`armor_Vs_Electric`,`armor_Vs_Nether`,`b_h`,`h_l_f`,`m_l_f`,`l_l_f`,`h_r_f`,`m_r_f`,`l_r_f`,`h_l_b`,`m_l_b`,`l_l_b`,`h_r_b`,`m_r_b`,`l_r_b`) VALUES
  (730000017,0,4,0,0,70,56,21,39,13,35,39,47,0,1,0.33000001311302185,0,0,0.33000001311302185,0,0,0.33000001311302185,0,0,0.33000001311302185,0,0),
  (730000017,1,4,0,0,80,64,24,44,14,40,44,54,0,2,0.4399999976158142,0.17000000178813934,0,0.4399999976158142,0.17000000178813934,0,0.4399999976158142,0.17000000178813934,0,0.4399999976158142,0.17000000178813934,0),
  (730000017,2,4,0,0,80,64,24,44,14,40,44,54,0,3,0,0.17000000178813934,0,0,0.17000000178813934,0,0,0.17000000178813934,0,0,0.17000000178813934,0),
  (730000017,3,4,0,0,70,56,21,39,13,35,39,47,0,1,0.23000000417232513,0.029999999329447746,0,0.23000000417232513,0.029999999329447746,0,0.23000000417232513,0.029999999329447746,0,0.23000000417232513,0.029999999329447746,0),
  (730000017,4,4,0,0,80,64,24,44,14,40,44,54,0,2,0,0.30000001192092896,0,0,0.30000001192092896,0,0,0.30000001192092896,0,0,0.30000001192092896,0),
  (730000017,5,4,2,0.75,80,64,24,44,14,40,44,54,0,2,0,0.20000000298023224,0,0,0.20000000298023224,0,0,0.20000000298023224,0,0,0.20000000298023224,0),
  (730000017,6,4,0,0,90,72,27,50,16,45,50,60,0,3,0,0.12999999523162842,0.18000000715255737,0,0.12999999523162842,0.18000000715255737,0,0.12999999523162842,0.18000000715255737,0,0.12999999523162842,0.18000000715255737),
  (730000017,7,4,0,0,90,72,27,50,16,45,50,60,0,3,0,0,0.6000000238418579,0,0,0.6000000238418579,0,0,0.6000000238418579,0,0,0.6000000238418579),
  (730000017,8,4,3,0.75,90,72,27,50,16,45,50,60,0,3,0,0,0.2199999988079071,0,0,0.2199999988079071,0,0,0.2199999988079071,0,0,0.2199999988079071);
INSERT INTO `weenie_properties_spell_book` (`object_Id`,`spell`,`probability`) VALUES
  (730000017,59,2.0290000438690186),
  (730000017,65,2.0290000438690186),
  (730000017,70,2.0290000438690186),
  (730000017,76,2.0290000438690186),
  (730000017,81,2.0290000438690186),
  (730000017,87,2.0290000438690186),
  (730000017,93,2.0290000438690186),
  (730000017,172,2.009000062942505),
  (730000017,1238,2.0199999809265137),
  (730000017,1250,2.0199999809265137),
  (730000017,1261,2.0199999809265137),
  (730000017,1339,2.009000062942505),
  (730000017,1368,2.009000062942505),
  (730000017,1392,2.009000062942505),
  (730000017,1416,2.009000062942505),
  (730000017,1440,2.009000062942505),
  (730000017,1464,2.009000062942505);
INSERT INTO `weenie_properties_create_list` (`object_Id`,`destination_Type`,`weenie_Class_Id`,`stack_Size`,`palette`,`shade`,`try_To_Bond`) VALUES
  (730000017,9,15764,0,0,0.019999999552965164,0),
  (730000017,9,0,0,0,0.9800000190734863,0);

INSERT INTO `weenie` (`class_Id`,`class_Name`,`type`,`last_Modified`) VALUES (730000018,'t11_tou_virulent_grievver',10,NOW());
INSERT INTO `weenie_properties_string` (`object_Id`,`type`,`value`) VALUES
  (730000018,1,'Virulent Grievver');
INSERT INTO `weenie_properties_int` (`object_Id`,`type`,`value`) VALUES
  (730000018,1,16),
  (730000018,2,44),
  (730000018,6,-1),
  (730000018,7,-1),
  (730000018,16,1),
  (730000018,25,50),
  (730000018,27,0),
  (730000018,40,2),
  (730000018,68,3),
  (730000018,72,22),
  (730000018,93,1032),
  (730000018,101,131),
  (730000018,133,2),
  (730000018,140,1),
  (730000018,146,10000);
INSERT INTO `weenie_properties_float` (`object_Id`,`type`,`value`) VALUES
  (730000018,1,5),
  (730000018,2,0),
  (730000018,3,0.7),
  (730000018,4,3),
  (730000018,5,1),
  (730000018,13,0.6),
  (730000018,14,0.69),
  (730000018,15,0.89),
  (730000018,16,0.25),
  (730000018,17,0.25),
  (730000018,18,0.25),
  (730000018,19,0.25),
  (730000018,31,10),
  (730000018,34,1),
  (730000018,36,1),
  (730000018,39,1.1),
  (730000018,64,1),
  (730000018,65,0.9),
  (730000018,66,0.67),
  (730000018,67,0.25),
  (730000018,68,0.25),
  (730000018,69,0.25),
  (730000018,70,0.25),
  (730000018,71,1),
  (730000018,72,0.85),
  (730000018,73,1),
  (730000018,74,0.85),
  (730000018,75,1),
  (730000018,77,1),
  (730000018,80,3),
  (730000018,104,10),
  (730000018,125,0.85),
  (730000018,127,2);
INSERT INTO `weenie_properties_bool` (`object_Id`,`type`,`value`) VALUES
  (730000018,1,1),
  (730000018,6,1),
  (730000018,11,0),
  (730000018,12,1),
  (730000018,13,0),
  (730000018,14,1),
  (730000018,19,1),
  (730000018,50,1);
INSERT INTO `weenie_properties_d_i_d` (`object_Id`,`type`,`value`) VALUES
  (730000018,1,33556698),
  (730000018,2,150995098),
  (730000018,3,536871009),
  (730000018,4,805306411),
  (730000018,6,67112927),
  (730000018,8,100670960),
  (730000018,19,86),
  (730000018,22,872415364),
  (730000018,30,86),
  (730000018,35,463);
INSERT INTO `weenie_properties_attribute` (`object_Id`,`type`,`init_Level`,`level_From_C_P`,`c_P_Spent`) VALUES
  (730000018,1,50,0,0),
  (730000018,2,60,0,0),
  (730000018,3,30,0,0),
  (730000018,4,80,0,0),
  (730000018,5,125,0,0),
  (730000018,6,115,0,0);
INSERT INTO `weenie_properties_attribute_2nd` (`object_Id`,`type`,`init_Level`,`level_From_C_P`,`c_P_Spent`,`current_Level`) VALUES
  (730000018,1,60,0,0,90),
  (730000018,3,70,0,0,130),
  (730000018,5,40,0,0,155);
INSERT INTO `weenie_properties_skill` (`object_Id`,`type`,`level_From_P_P`,`s_a_c`,`p_p`,`init_Level`,`resistance_At_Last_Check`,`last_Used_Time`) VALUES
  (730000018,6,0,3,0,86,0,0),
  (730000018,7,0,3,0,126,0,0),
  (730000018,14,0,3,0,50,0,0),
  (730000018,15,0,3,0,76,0,0),
  (730000018,20,0,3,0,50,0,0),
  (730000018,31,0,3,0,24,0,0),
  (730000018,33,0,3,0,24,0,0),
  (730000018,34,0,3,0,24,0,0),
  (730000018,44,0,3,0,90,0,0),
  (730000018,45,0,3,0,90,0,0),
  (730000018,46,0,3,0,90,0,0),
  (730000018,47,0,3,0,100,0,0),
  (730000018,48,0,3,0,90,0,0);
INSERT INTO `weenie_properties_body_part` (`object_Id`,`key`,`d_Type`,`d_Val`,`d_Var`,`base_Armor`,`armor_Vs_Slash`,`armor_Vs_Pierce`,`armor_Vs_Bludgeon`,`armor_Vs_Cold`,`armor_Vs_Fire`,`armor_Vs_Acid`,`armor_Vs_Electric`,`armor_Vs_Nether`,`b_h`,`h_l_f`,`m_l_f`,`l_l_f`,`h_r_f`,`m_r_f`,`l_r_f`,`h_l_b`,`m_l_b`,`l_l_b`,`h_r_b`,`m_r_b`,`l_r_b`) VALUES
  (730000018,0,4,0,0,70,56,21,39,13,35,39,47,0,1,0.33000001311302185,0,0,0.33000001311302185,0,0,0.33000001311302185,0,0,0.33000001311302185,0,0),
  (730000018,1,4,0,0,80,64,24,44,14,40,44,54,0,2,0.4399999976158142,0.17000000178813934,0,0.4399999976158142,0.17000000178813934,0,0.4399999976158142,0.17000000178813934,0,0.4399999976158142,0.17000000178813934,0),
  (730000018,2,4,0,0,80,64,24,44,14,40,44,54,0,3,0,0.17000000178813934,0,0,0.17000000178813934,0,0,0.17000000178813934,0,0,0.17000000178813934,0),
  (730000018,3,4,0,0,70,56,21,39,13,35,39,47,0,1,0.23000000417232513,0.029999999329447746,0,0.23000000417232513,0.029999999329447746,0,0.23000000417232513,0.029999999329447746,0,0.23000000417232513,0.029999999329447746,0),
  (730000018,4,4,0,0,80,64,24,44,14,40,44,54,0,2,0,0.30000001192092896,0,0,0.30000001192092896,0,0,0.30000001192092896,0,0,0.30000001192092896,0),
  (730000018,5,4,2,0.75,80,64,24,44,14,40,44,54,0,2,0,0.20000000298023224,0,0,0.20000000298023224,0,0,0.20000000298023224,0,0,0.20000000298023224,0),
  (730000018,6,4,0,0,90,72,27,50,16,45,50,60,0,3,0,0.12999999523162842,0.18000000715255737,0,0.12999999523162842,0.18000000715255737,0,0.12999999523162842,0.18000000715255737,0,0.12999999523162842,0.18000000715255737),
  (730000018,7,4,0,0,90,72,27,50,16,45,50,60,0,3,0,0,0.6000000238418579,0,0,0.6000000238418579,0,0,0.6000000238418579,0,0,0.6000000238418579),
  (730000018,8,4,3,0.75,90,72,27,50,16,45,50,60,0,3,0,0,0.2199999988079071,0,0,0.2199999988079071,0,0,0.2199999988079071,0,0,0.2199999988079071);
INSERT INTO `weenie_properties_spell_book` (`object_Id`,`spell`,`probability`) VALUES
  (730000018,59,2.0290000438690186),
  (730000018,65,2.0290000438690186),
  (730000018,70,2.0290000438690186),
  (730000018,76,2.0290000438690186),
  (730000018,81,2.0290000438690186),
  (730000018,87,2.0290000438690186),
  (730000018,93,2.0290000438690186),
  (730000018,172,2.009000062942505),
  (730000018,1238,2.0199999809265137),
  (730000018,1250,2.0199999809265137),
  (730000018,1261,2.0199999809265137),
  (730000018,1339,2.009000062942505),
  (730000018,1368,2.009000062942505),
  (730000018,1392,2.009000062942505),
  (730000018,1416,2.009000062942505),
  (730000018,1440,2.009000062942505),
  (730000018,1464,2.009000062942505);
INSERT INTO `weenie_properties_create_list` (`object_Id`,`destination_Type`,`weenie_Class_Id`,`stack_Size`,`palette`,`shade`,`try_To_Bond`) VALUES
  (730000018,9,9098,0,0,0.029999999329447746,0),
  (730000018,9,0,0,0,0.9700000286102295,0),
  (730000018,9,15765,0,0,0.019999999552965164,0),
  (730000018,9,0,0,0,0.9800000190734863,0),
  (730000018,9,19476,0,0,0.029999999329447746,0),
  (730000018,9,0,0,0,0.9700000286102295,0);

INSERT INTO `weenie` (`class_Id`,`class_Name`,`type`,`last_Modified`) VALUES (730000019,'t11_tou_lich',10,NOW());
INSERT INTO `weenie_properties_string` (`object_Id`,`type`,`value`) VALUES
  (730000019,1,'Lich');
INSERT INTO `weenie_properties_int` (`object_Id`,`type`,`value`) VALUES
  (730000019,1,16),
  (730000019,2,14),
  (730000019,3,67),
  (730000019,6,-1),
  (730000019,7,-1),
  (730000019,16,1),
  (730000019,25,20),
  (730000019,27,0),
  (730000019,40,1),
  (730000019,68,3),
  (730000019,93,1032),
  (730000019,101,183),
  (730000019,133,2),
  (730000019,140,1),
  (730000019,146,3500);
INSERT INTO `weenie_properties_float` (`object_Id`,`type`,`value`) VALUES
  (730000019,1,5),
  (730000019,2,0),
  (730000019,3,0.3),
  (730000019,4,0.5),
  (730000019,5,2),
  (730000019,12,0.5),
  (730000019,13,0.8),
  (730000019,14,0.3),
  (730000019,15,0.55),
  (730000019,16,0.18),
  (730000019,17,0.5),
  (730000019,18,0.55),
  (730000019,19,0.67),
  (730000019,31,18),
  (730000019,34,1),
  (730000019,36,1),
  (730000019,64,1),
  (730000019,65,0.52),
  (730000019,66,0.75),
  (730000019,67,1),
  (730000019,68,0.2),
  (730000019,69,0.75),
  (730000019,70,0.86),
  (730000019,71,1),
  (730000019,72,1),
  (730000019,73,1),
  (730000019,74,1),
  (730000019,75,1),
  (730000019,80,2.6),
  (730000019,104,10),
  (730000019,122,2),
  (730000019,125,1);
INSERT INTO `weenie_properties_bool` (`object_Id`,`type`,`value`) VALUES
  (730000019,1,1),
  (730000019,6,1),
  (730000019,11,0),
  (730000019,12,1),
  (730000019,13,0),
  (730000019,14,1),
  (730000019,19,1),
  (730000019,50,1);
INSERT INTO `weenie_properties_d_i_d` (`object_Id`,`type`,`value`) VALUES
  (730000019,1,33554839),
  (730000019,2,150994967),
  (730000019,3,536870934),
  (730000019,4,805306368),
  (730000019,6,67110722),
  (730000019,7,268435558),
  (730000019,8,100667942),
  (730000019,22,872415272),
  (730000019,32,248),
  (730000019,35,453);
INSERT INTO `weenie_properties_attribute` (`object_Id`,`type`,`init_Level`,`level_From_C_P`,`c_P_Spent`) VALUES
  (730000019,1,50,0,0),
  (730000019,2,60,0,0),
  (730000019,3,30,0,0),
  (730000019,4,80,0,0),
  (730000019,5,125,0,0),
  (730000019,6,115,0,0);
INSERT INTO `weenie_properties_attribute_2nd` (`object_Id`,`type`,`init_Level`,`level_From_C_P`,`c_P_Spent`,`current_Level`) VALUES
  (730000019,1,60,0,0,90),
  (730000019,3,70,0,0,130),
  (730000019,5,40,0,0,155);
INSERT INTO `weenie_properties_skill` (`object_Id`,`type`,`level_From_P_P`,`s_a_c`,`p_p`,`init_Level`,`resistance_At_Last_Check`,`last_Used_Time`) VALUES
  (730000019,6,0,3,0,86,0,0),
  (730000019,7,0,3,0,126,0,0),
  (730000019,14,0,3,0,50,0,0),
  (730000019,15,0,3,0,76,0,0),
  (730000019,20,0,3,0,50,0,0),
  (730000019,31,0,3,0,24,0,0),
  (730000019,33,0,3,0,24,0,0),
  (730000019,34,0,3,0,24,0,0),
  (730000019,44,0,3,0,90,0,0),
  (730000019,45,0,3,0,90,0,0),
  (730000019,46,0,3,0,90,0,0),
  (730000019,47,0,3,0,100,0,0),
  (730000019,48,0,3,0,90,0,0);
INSERT INTO `weenie_properties_body_part` (`object_Id`,`key`,`d_Type`,`d_Val`,`d_Var`,`base_Armor`,`armor_Vs_Slash`,`armor_Vs_Pierce`,`armor_Vs_Bludgeon`,`armor_Vs_Cold`,`armor_Vs_Fire`,`armor_Vs_Acid`,`armor_Vs_Electric`,`armor_Vs_Nether`,`b_h`,`h_l_f`,`m_l_f`,`l_l_f`,`h_r_f`,`m_r_f`,`l_r_f`,`h_l_b`,`m_l_b`,`l_l_b`,`h_r_b`,`m_r_b`,`l_r_b`) VALUES
  (730000019,0,4,0,0,70,56,21,39,13,35,39,47,0,1,0.33000001311302185,0,0,0.33000001311302185,0,0,0.33000001311302185,0,0,0.33000001311302185,0,0),
  (730000019,1,4,0,0,80,64,24,44,14,40,44,54,0,2,0.4399999976158142,0.17000000178813934,0,0.4399999976158142,0.17000000178813934,0,0.4399999976158142,0.17000000178813934,0,0.4399999976158142,0.17000000178813934,0),
  (730000019,2,4,0,0,80,64,24,44,14,40,44,54,0,3,0,0.17000000178813934,0,0,0.17000000178813934,0,0,0.17000000178813934,0,0,0.17000000178813934,0),
  (730000019,3,4,0,0,70,56,21,39,13,35,39,47,0,1,0.23000000417232513,0.029999999329447746,0,0.23000000417232513,0.029999999329447746,0,0.23000000417232513,0.029999999329447746,0,0.23000000417232513,0.029999999329447746,0),
  (730000019,4,4,0,0,80,64,24,44,14,40,44,54,0,2,0,0.30000001192092896,0,0,0.30000001192092896,0,0,0.30000001192092896,0,0,0.30000001192092896,0),
  (730000019,5,4,2,0.75,80,64,24,44,14,40,44,54,0,2,0,0.20000000298023224,0,0,0.20000000298023224,0,0,0.20000000298023224,0,0,0.20000000298023224,0),
  (730000019,6,4,0,0,90,72,27,50,16,45,50,60,0,3,0,0.12999999523162842,0.18000000715255737,0,0.12999999523162842,0.18000000715255737,0,0.12999999523162842,0.18000000715255737,0,0.12999999523162842,0.18000000715255737),
  (730000019,7,4,0,0,90,72,27,50,16,45,50,60,0,3,0,0,0.6000000238418579,0,0,0.6000000238418579,0,0,0.6000000238418579,0,0,0.6000000238418579),
  (730000019,8,4,3,0.75,90,72,27,50,16,45,50,60,0,3,0,0,0.2199999988079071,0,0,0.2199999988079071,0,0,0.2199999988079071,0,0,0.2199999988079071);
INSERT INTO `weenie_properties_spell_book` (`object_Id`,`spell`,`probability`) VALUES
  (730000019,59,2.0290000438690186),
  (730000019,65,2.0290000438690186),
  (730000019,70,2.0290000438690186),
  (730000019,76,2.0290000438690186),
  (730000019,81,2.0290000438690186),
  (730000019,87,2.0290000438690186),
  (730000019,93,2.0290000438690186),
  (730000019,172,2.009000062942505),
  (730000019,1238,2.0199999809265137),
  (730000019,1250,2.0199999809265137),
  (730000019,1261,2.0199999809265137),
  (730000019,1339,2.009000062942505),
  (730000019,1368,2.009000062942505),
  (730000019,1392,2.009000062942505),
  (730000019,1416,2.009000062942505),
  (730000019,1440,2.009000062942505),
  (730000019,1464,2.009000062942505);
INSERT INTO `weenie_properties_create_list` (`object_Id`,`destination_Type`,`weenie_Class_Id`,`stack_Size`,`palette`,`shade`,`try_To_Bond`) VALUES
  (730000019,9,7041,0,0,0.019999999552965164,0),
  (730000019,9,0,0,0,0.9800000190734863,0),
  (730000019,9,9312,0,0,0.029999999329447746,0),
  (730000019,9,0,0,0,0.9700000286102295,0),
  (730000019,9,12225,0,0,0.05000000074505806,0),
  (730000019,9,0,0,0,0.949999988079071,0),
  (730000019,9,22028,0,0,0.05000000074505806,0),
  (730000019,9,0,0,0,0.949999988079071,0),
  (730000019,9,22032,0,0,0.05000000074505806,0),
  (730000019,9,0,0,0,0.949999988079071,0),
  (730000019,9,22048,0,0,0.05000000074505806,0),
  (730000019,9,0,0,0,0.949999988079071,0);

INSERT INTO `weenie` (`class_Id`,`class_Name`,`type`,`last_Modified`) VALUES (730000020,'t11_tou_granite_golem',10,NOW());
INSERT INTO `weenie_properties_string` (`object_Id`,`type`,`value`) VALUES
  (730000020,1,'Granite Golem');
INSERT INTO `weenie_properties_int` (`object_Id`,`type`,`value`) VALUES
  (730000020,1,16),
  (730000020,2,13),
  (730000020,6,-1),
  (730000020,7,-1),
  (730000020,16,1),
  (730000020,25,60),
  (730000020,27,0),
  (730000020,40,2),
  (730000020,68,3),
  (730000020,93,1032),
  (730000020,133,2),
  (730000020,146,17500);
INSERT INTO `weenie_properties_float` (`object_Id`,`type`,`value`) VALUES
  (730000020,1,5),
  (730000020,2,0),
  (730000020,3,0.35),
  (730000020,4,5),
  (730000020,5,2),
  (730000020,13,1.31),
  (730000020,14,1.74),
  (730000020,15,1.2),
  (730000020,16,0.44),
  (730000020,17,1.63),
  (730000020,18,0.58),
  (730000020,19,1.63),
  (730000020,31,13),
  (730000020,34,2.5),
  (730000020,36,1),
  (730000020,39,1.1),
  (730000020,64,0.53),
  (730000020,65,0.9),
  (730000020,66,1),
  (730000020,67,0.4),
  (730000020,68,0.1),
  (730000020,69,0.33),
  (730000020,70,0.4),
  (730000020,71,1),
  (730000020,72,1),
  (730000020,73,1),
  (730000020,74,1),
  (730000020,75,1),
  (730000020,80,2.5),
  (730000020,104,10),
  (730000020,125,1);
INSERT INTO `weenie_properties_bool` (`object_Id`,`type`,`value`) VALUES
  (730000020,1,1),
  (730000020,6,1),
  (730000020,11,0),
  (730000020,12,1),
  (730000020,13,0),
  (730000020,14,1),
  (730000020,19,1),
  (730000020,50,1);
INSERT INTO `weenie_properties_d_i_d` (`object_Id`,`type`,`value`) VALUES
  (730000020,1,33556426),
  (730000020,2,150995073),
  (730000020,3,536870933),
  (730000020,4,805306376),
  (730000020,8,100667940),
  (730000020,22,872415328),
  (730000020,35,463);
INSERT INTO `weenie_properties_attribute` (`object_Id`,`type`,`init_Level`,`level_From_C_P`,`c_P_Spent`) VALUES
  (730000020,1,50,0,0),
  (730000020,2,60,0,0),
  (730000020,3,30,0,0),
  (730000020,4,80,0,0),
  (730000020,5,125,0,0),
  (730000020,6,115,0,0);
INSERT INTO `weenie_properties_attribute_2nd` (`object_Id`,`type`,`init_Level`,`level_From_C_P`,`c_P_Spent`,`current_Level`) VALUES
  (730000020,1,60,0,0,90),
  (730000020,3,70,0,0,130),
  (730000020,5,40,0,0,155);
INSERT INTO `weenie_properties_skill` (`object_Id`,`type`,`level_From_P_P`,`s_a_c`,`p_p`,`init_Level`,`resistance_At_Last_Check`,`last_Used_Time`) VALUES
  (730000020,6,0,3,0,86,0,0),
  (730000020,7,0,3,0,126,0,0),
  (730000020,14,0,3,0,50,0,0),
  (730000020,15,0,3,0,76,0,0),
  (730000020,20,0,3,0,50,0,0),
  (730000020,31,0,3,0,24,0,0),
  (730000020,33,0,3,0,24,0,0),
  (730000020,34,0,3,0,24,0,0),
  (730000020,44,0,3,0,90,0,0),
  (730000020,45,0,3,0,90,0,0),
  (730000020,46,0,3,0,90,0,0),
  (730000020,47,0,3,0,100,0,0),
  (730000020,48,0,3,0,90,0,0);
INSERT INTO `weenie_properties_body_part` (`object_Id`,`key`,`d_Type`,`d_Val`,`d_Var`,`base_Armor`,`armor_Vs_Slash`,`armor_Vs_Pierce`,`armor_Vs_Bludgeon`,`armor_Vs_Cold`,`armor_Vs_Fire`,`armor_Vs_Acid`,`armor_Vs_Electric`,`armor_Vs_Nether`,`b_h`,`h_l_f`,`m_l_f`,`l_l_f`,`h_r_f`,`m_r_f`,`l_r_f`,`h_l_b`,`m_l_b`,`l_l_b`,`h_r_b`,`m_r_b`,`l_r_b`) VALUES
  (730000020,0,4,0,0,70,56,21,39,13,35,39,47,0,1,0.33000001311302185,0,0,0.33000001311302185,0,0,0.33000001311302185,0,0,0.33000001311302185,0,0),
  (730000020,1,4,0,0,80,64,24,44,14,40,44,54,0,2,0.4399999976158142,0.17000000178813934,0,0.4399999976158142,0.17000000178813934,0,0.4399999976158142,0.17000000178813934,0,0.4399999976158142,0.17000000178813934,0),
  (730000020,2,4,0,0,80,64,24,44,14,40,44,54,0,3,0,0.17000000178813934,0,0,0.17000000178813934,0,0,0.17000000178813934,0,0,0.17000000178813934,0),
  (730000020,3,4,0,0,70,56,21,39,13,35,39,47,0,1,0.23000000417232513,0.029999999329447746,0,0.23000000417232513,0.029999999329447746,0,0.23000000417232513,0.029999999329447746,0,0.23000000417232513,0.029999999329447746,0),
  (730000020,4,4,0,0,80,64,24,44,14,40,44,54,0,2,0,0.30000001192092896,0,0,0.30000001192092896,0,0,0.30000001192092896,0,0,0.30000001192092896,0),
  (730000020,5,4,2,0.75,80,64,24,44,14,40,44,54,0,2,0,0.20000000298023224,0,0,0.20000000298023224,0,0,0.20000000298023224,0,0,0.20000000298023224,0),
  (730000020,6,4,0,0,90,72,27,50,16,45,50,60,0,3,0,0.12999999523162842,0.18000000715255737,0,0.12999999523162842,0.18000000715255737,0,0.12999999523162842,0.18000000715255737,0,0.12999999523162842,0.18000000715255737),
  (730000020,7,4,0,0,90,72,27,50,16,45,50,60,0,3,0,0,0.6000000238418579,0,0,0.6000000238418579,0,0,0.6000000238418579,0,0,0.6000000238418579),
  (730000020,8,4,3,0.75,90,72,27,50,16,45,50,60,0,3,0,0,0.2199999988079071,0,0,0.2199999988079071,0,0,0.2199999988079071,0,0,0.2199999988079071);
INSERT INTO `weenie_properties_spell_book` (`object_Id`,`spell`,`probability`) VALUES
  (730000020,59,2.0290000438690186),
  (730000020,65,2.0290000438690186),
  (730000020,70,2.0290000438690186),
  (730000020,76,2.0290000438690186),
  (730000020,81,2.0290000438690186),
  (730000020,87,2.0290000438690186),
  (730000020,93,2.0290000438690186),
  (730000020,172,2.009000062942505),
  (730000020,1238,2.0199999809265137),
  (730000020,1250,2.0199999809265137),
  (730000020,1261,2.0199999809265137),
  (730000020,1339,2.009000062942505),
  (730000020,1368,2.009000062942505),
  (730000020,1392,2.009000062942505),
  (730000020,1416,2.009000062942505),
  (730000020,1440,2.009000062942505),
  (730000020,1464,2.009000062942505);
INSERT INTO `weenie_properties_create_list` (`object_Id`,`destination_Type`,`weenie_Class_Id`,`stack_Size`,`palette`,`shade`,`try_To_Bond`) VALUES
  (730000020,9,3671,0,0,0.05000000074505806,0),
  (730000020,9,0,0,0,0.949999988079071,0),
  (730000020,9,6353,0,0,0.029999999329447746,0),
  (730000020,9,0,0,0,0.9700000286102295,0);

INSERT INTO `weenie` (`class_Id`,`class_Name`,`type`,`last_Modified`) VALUES (730000023,'t11_tou_shadow_vortex',10,NOW());
INSERT INTO `weenie_properties_string` (`object_Id`,`type`,`value`) VALUES
  (730000023,1,'Shadow Vortex'),
  (730000023,45,'KillTaskShadowVortex');
INSERT INTO `weenie_properties_int` (`object_Id`,`type`,`value`) VALUES
  (730000023,1,16),
  (730000023,2,22),
  (730000023,6,-1),
  (730000023,7,-1),
  (730000023,16,1),
  (730000023,25,999),
  (730000023,93,1032),
  (730000023,133,2),
  (730000023,146,5000000),
  (730000023,307,5),
  (730000023,332,400);
INSERT INTO `weenie_properties_float` (`object_Id`,`type`,`value`) VALUES
  (730000023,1,5),
  (730000023,2,0),
  (730000023,3,0),
  (730000023,4,0),
  (730000023,5,0),
  (730000023,13,1),
  (730000023,14,1),
  (730000023,15,1),
  (730000023,16,0.9),
  (730000023,17,1),
  (730000023,18,1),
  (730000023,19,1),
  (730000023,31,70),
  (730000023,34,1),
  (730000023,36,1),
  (730000023,39,10),
  (730000023,41,0),
  (730000023,64,1),
  (730000023,65,1),
  (730000023,66,1),
  (730000023,67,1),
  (730000023,68,1.1),
  (730000023,69,1),
  (730000023,70,1),
  (730000023,71,1),
  (730000023,72,1),
  (730000023,73,1),
  (730000023,74,1),
  (730000023,75,1),
  (730000023,76,0.8),
  (730000023,104,10),
  (730000023,125,1);
INSERT INTO `weenie_properties_bool` (`object_Id`,`type`,`value`) VALUES
  (730000023,1,1),
  (730000023,6,1),
  (730000023,29,1);
INSERT INTO `weenie_properties_d_i_d` (`object_Id`,`type`,`value`) VALUES
  (730000023,1,33559980),
  (730000023,2,150995220),
  (730000023,3,536871020),
  (730000023,4,805306404),
  (730000023,8,100671186),
  (730000023,22,872415331);
INSERT INTO `weenie_properties_attribute` (`object_Id`,`type`,`init_Level`,`level_From_C_P`,`c_P_Spent`) VALUES
  (730000023,1,50,0,0),
  (730000023,2,60,0,0),
  (730000023,3,30,0,0),
  (730000023,4,80,0,0),
  (730000023,5,125,0,0),
  (730000023,6,115,0,0);
INSERT INTO `weenie_properties_attribute_2nd` (`object_Id`,`type`,`init_Level`,`level_From_C_P`,`c_P_Spent`,`current_Level`) VALUES
  (730000023,1,60,0,0,90),
  (730000023,3,70,0,0,130),
  (730000023,5,40,0,0,155);
INSERT INTO `weenie_properties_skill` (`object_Id`,`type`,`level_From_P_P`,`s_a_c`,`p_p`,`init_Level`,`resistance_At_Last_Check`,`last_Used_Time`) VALUES
  (730000023,6,0,3,0,86,0,0),
  (730000023,7,0,3,0,126,0,0),
  (730000023,14,0,3,0,50,0,0),
  (730000023,15,0,3,0,76,0,0),
  (730000023,20,0,3,0,50,0,0),
  (730000023,31,0,3,0,24,0,0),
  (730000023,33,0,3,0,24,0,0),
  (730000023,34,0,3,0,24,0,0),
  (730000023,44,0,3,0,90,0,0),
  (730000023,45,0,3,0,90,0,0),
  (730000023,46,0,3,0,90,0,0),
  (730000023,47,0,3,0,100,0,0),
  (730000023,48,0,3,0,90,0,0);
INSERT INTO `weenie_properties_body_part` (`object_Id`,`key`,`d_Type`,`d_Val`,`d_Var`,`base_Armor`,`armor_Vs_Slash`,`armor_Vs_Pierce`,`armor_Vs_Bludgeon`,`armor_Vs_Cold`,`armor_Vs_Fire`,`armor_Vs_Acid`,`armor_Vs_Electric`,`armor_Vs_Nether`,`b_h`,`h_l_f`,`m_l_f`,`l_l_f`,`h_r_f`,`m_r_f`,`l_r_f`,`h_l_b`,`m_l_b`,`l_l_b`,`h_r_b`,`m_r_b`,`l_r_b`) VALUES
  (730000023,0,4,0,0,70,56,21,39,13,35,39,47,0,1,0.33000001311302185,0,0,0.33000001311302185,0,0,0.33000001311302185,0,0,0.33000001311302185,0,0),
  (730000023,1,4,0,0,80,64,24,44,14,40,44,54,0,2,0.4399999976158142,0.17000000178813934,0,0.4399999976158142,0.17000000178813934,0,0.4399999976158142,0.17000000178813934,0,0.4399999976158142,0.17000000178813934,0),
  (730000023,2,4,0,0,80,64,24,44,14,40,44,54,0,3,0,0.17000000178813934,0,0,0.17000000178813934,0,0,0.17000000178813934,0,0,0.17000000178813934,0),
  (730000023,3,4,0,0,70,56,21,39,13,35,39,47,0,1,0.23000000417232513,0.029999999329447746,0,0.23000000417232513,0.029999999329447746,0,0.23000000417232513,0.029999999329447746,0,0.23000000417232513,0.029999999329447746,0),
  (730000023,4,4,0,0,80,64,24,44,14,40,44,54,0,2,0,0.30000001192092896,0,0,0.30000001192092896,0,0,0.30000001192092896,0,0,0.30000001192092896,0),
  (730000023,5,4,2,0.75,80,64,24,44,14,40,44,54,0,2,0,0.20000000298023224,0,0,0.20000000298023224,0,0,0.20000000298023224,0,0,0.20000000298023224,0),
  (730000023,6,4,0,0,90,72,27,50,16,45,50,60,0,3,0,0.12999999523162842,0.18000000715255737,0,0.12999999523162842,0.18000000715255737,0,0.12999999523162842,0.18000000715255737,0,0.12999999523162842,0.18000000715255737),
  (730000023,7,4,0,0,90,72,27,50,16,45,50,60,0,3,0,0,0.6000000238418579,0,0,0.6000000238418579,0,0,0.6000000238418579,0,0,0.6000000238418579),
  (730000023,8,4,3,0.75,90,72,27,50,16,45,50,60,0,3,0,0,0.2199999988079071,0,0,0.2199999988079071,0,0,0.2199999988079071,0,0,0.2199999988079071);
INSERT INTO `weenie_properties_spell_book` (`object_Id`,`spell`,`probability`) VALUES
  (730000023,59,2.0290000438690186),
  (730000023,65,2.0290000438690186),
  (730000023,70,2.0290000438690186),
  (730000023,76,2.0290000438690186),
  (730000023,81,2.0290000438690186),
  (730000023,87,2.0290000438690186),
  (730000023,93,2.0290000438690186),
  (730000023,172,2.009000062942505),
  (730000023,1238,2.0199999809265137),
  (730000023,1250,2.0199999809265137),
  (730000023,1261,2.0199999809265137),
  (730000023,1339,2.009000062942505),
  (730000023,1368,2.009000062942505),
  (730000023,1392,2.009000062942505),
  (730000023,1416,2.009000062942505),
  (730000023,1440,2.009000062942505),
  (730000023,1464,2.009000062942505);
INSERT INTO `weenie_properties_create_list` (`object_Id`,`destination_Type`,`weenie_Class_Id`,`stack_Size`,`palette`,`shade`,`try_To_Bond`) VALUES
  (730000023,9,0,0,0,0.800000011920929,0),
  (730000023,9,48908,1,0,0.009999999776482582,0),
  (730000023,9,0,0,0,0.9900000095367432,0),
  (730000023,9,0,0,0,0.9399999976158142,0),
  (730000023,9,34276,-1,0,0.004000000189989805,0),
  (730000023,9,42635,-1,0,0.004000000189989805,0),
  (730000023,9,42636,-1,0,0.004000000189989805,0),
  (730000023,9,42637,-1,0,0.004000000189989805,0);

INSERT INTO `weenie` (`class_Id`,`class_Name`,`type`,`last_Modified`) VALUES (730000024,'t11_tou_panumbris_shadow',10,NOW());
INSERT INTO `weenie_properties_string` (`object_Id`,`type`,`value`) VALUES
  (730000024,1,'Panumbris Shadow'),
  (730000024,3,'Female'),
  (730000024,4,'Aluvian');
INSERT INTO `weenie_properties_int` (`object_Id`,`type`,`value`) VALUES
  (730000024,1,16),
  (730000024,2,22),
  (730000024,3,39),
  (730000024,6,-1),
  (730000024,7,-1),
  (730000024,8,90),
  (730000024,16,1),
  (730000024,25,240),
  (730000024,68,3),
  (730000024,93,4195336),
  (730000024,101,183),
  (730000024,113,2),
  (730000024,133,2),
  (730000024,146,1850000),
  (730000024,188,1),
  (730000024,307,4);
INSERT INTO `weenie_properties_float` (`object_Id`,`type`,`value`) VALUES
  (730000024,1,5),
  (730000024,2,0),
  (730000024,3,0.7),
  (730000024,4,2.5),
  (730000024,5,1),
  (730000024,12,0.5),
  (730000024,13,1),
  (730000024,14,1.4),
  (730000024,15,1.35),
  (730000024,16,1.4),
  (730000024,17,0.82),
  (730000024,18,1.7),
  (730000024,19,1.35),
  (730000024,31,33),
  (730000024,34,1.1),
  (730000024,36,1),
  (730000024,39,1.3),
  (730000024,64,0.7),
  (730000024,65,0.5),
  (730000024,66,0.35),
  (730000024,67,0.65),
  (730000024,68,0.1),
  (730000024,69,0.2),
  (730000024,70,0.5),
  (730000024,71,1),
  (730000024,72,1),
  (730000024,73,1),
  (730000024,74,1),
  (730000024,75,1),
  (730000024,76,0.5),
  (730000024,80,3),
  (730000024,104,10),
  (730000024,122,5),
  (730000024,125,1),
  (730000024,166,0.85);
INSERT INTO `weenie_properties_bool` (`object_Id`,`type`,`value`) VALUES
  (730000024,1,1),
  (730000024,6,1),
  (730000024,11,0),
  (730000024,12,1),
  (730000024,13,0),
  (730000024,14,1),
  (730000024,19,1),
  (730000024,42,1),
  (730000024,50,1);
INSERT INTO `weenie_properties_d_i_d` (`object_Id`,`type`,`value`) VALUES
  (730000024,1,33556251),
  (730000024,2,150995091),
  (730000024,3,536870914),
  (730000024,4,805306408),
  (730000024,6,67108990),
  (730000024,7,268435871),
  (730000024,8,100670398),
  (730000024,9,83890281),
  (730000024,10,83890294),
  (730000024,11,83890350),
  (730000024,15,67116984),
  (730000024,16,67109567),
  (730000024,17,67109558),
  (730000024,22,872415331),
  (730000024,35,2101);
INSERT INTO `weenie_properties_attribute` (`object_Id`,`type`,`init_Level`,`level_From_C_P`,`c_P_Spent`) VALUES
  (730000024,1,50,0,0),
  (730000024,2,60,0,0),
  (730000024,3,30,0,0),
  (730000024,4,80,0,0),
  (730000024,5,125,0,0),
  (730000024,6,115,0,0);
INSERT INTO `weenie_properties_attribute_2nd` (`object_Id`,`type`,`init_Level`,`level_From_C_P`,`c_P_Spent`,`current_Level`) VALUES
  (730000024,1,60,0,0,90),
  (730000024,3,70,0,0,130),
  (730000024,5,40,0,0,155);
INSERT INTO `weenie_properties_skill` (`object_Id`,`type`,`level_From_P_P`,`s_a_c`,`p_p`,`init_Level`,`resistance_At_Last_Check`,`last_Used_Time`) VALUES
  (730000024,6,0,3,0,86,0,0),
  (730000024,7,0,3,0,126,0,0),
  (730000024,14,0,3,0,50,0,0),
  (730000024,15,0,3,0,76,0,0),
  (730000024,20,0,3,0,50,0,0),
  (730000024,31,0,3,0,24,0,0),
  (730000024,33,0,3,0,24,0,0),
  (730000024,34,0,3,0,24,0,0),
  (730000024,44,0,3,0,90,0,0),
  (730000024,45,0,3,0,90,0,0),
  (730000024,46,0,3,0,90,0,0),
  (730000024,47,0,3,0,100,0,0),
  (730000024,48,0,3,0,90,0,0);
INSERT INTO `weenie_properties_body_part` (`object_Id`,`key`,`d_Type`,`d_Val`,`d_Var`,`base_Armor`,`armor_Vs_Slash`,`armor_Vs_Pierce`,`armor_Vs_Bludgeon`,`armor_Vs_Cold`,`armor_Vs_Fire`,`armor_Vs_Acid`,`armor_Vs_Electric`,`armor_Vs_Nether`,`b_h`,`h_l_f`,`m_l_f`,`l_l_f`,`h_r_f`,`m_r_f`,`l_r_f`,`h_l_b`,`m_l_b`,`l_l_b`,`h_r_b`,`m_r_b`,`l_r_b`) VALUES
  (730000024,0,4,0,0,70,56,21,39,13,35,39,47,0,1,0.33000001311302185,0,0,0.33000001311302185,0,0,0.33000001311302185,0,0,0.33000001311302185,0,0),
  (730000024,1,4,0,0,80,64,24,44,14,40,44,54,0,2,0.4399999976158142,0.17000000178813934,0,0.4399999976158142,0.17000000178813934,0,0.4399999976158142,0.17000000178813934,0,0.4399999976158142,0.17000000178813934,0),
  (730000024,2,4,0,0,80,64,24,44,14,40,44,54,0,3,0,0.17000000178813934,0,0,0.17000000178813934,0,0,0.17000000178813934,0,0,0.17000000178813934,0),
  (730000024,3,4,0,0,70,56,21,39,13,35,39,47,0,1,0.23000000417232513,0.029999999329447746,0,0.23000000417232513,0.029999999329447746,0,0.23000000417232513,0.029999999329447746,0,0.23000000417232513,0.029999999329447746,0),
  (730000024,4,4,0,0,80,64,24,44,14,40,44,54,0,2,0,0.30000001192092896,0,0,0.30000001192092896,0,0,0.30000001192092896,0,0,0.30000001192092896,0),
  (730000024,5,4,2,0.75,80,64,24,44,14,40,44,54,0,2,0,0.20000000298023224,0,0,0.20000000298023224,0,0,0.20000000298023224,0,0,0.20000000298023224,0),
  (730000024,6,4,0,0,90,72,27,50,16,45,50,60,0,3,0,0.12999999523162842,0.18000000715255737,0,0.12999999523162842,0.18000000715255737,0,0.12999999523162842,0.18000000715255737,0,0.12999999523162842,0.18000000715255737),
  (730000024,7,4,0,0,90,72,27,50,16,45,50,60,0,3,0,0,0.6000000238418579,0,0,0.6000000238418579,0,0,0.6000000238418579,0,0,0.6000000238418579),
  (730000024,8,4,3,0.75,90,72,27,50,16,45,50,60,0,3,0,0,0.2199999988079071,0,0,0.2199999988079071,0,0,0.2199999988079071,0,0,0.2199999988079071);
INSERT INTO `weenie_properties_spell_book` (`object_Id`,`spell`,`probability`) VALUES
  (730000024,59,2.0290000438690186),
  (730000024,65,2.0290000438690186),
  (730000024,70,2.0290000438690186),
  (730000024,76,2.0290000438690186),
  (730000024,81,2.0290000438690186),
  (730000024,87,2.0290000438690186),
  (730000024,93,2.0290000438690186),
  (730000024,172,2.009000062942505),
  (730000024,1238,2.0199999809265137),
  (730000024,1250,2.0199999809265137),
  (730000024,1261,2.0199999809265137),
  (730000024,1339,2.009000062942505),
  (730000024,1368,2.009000062942505),
  (730000024,1392,2.009000062942505),
  (730000024,1416,2.009000062942505),
  (730000024,1440,2.009000062942505),
  (730000024,1464,2.009000062942505);

INSERT INTO `weenie` (`class_Id`,`class_Name`,`type`,`last_Modified`) VALUES (730000025,'t11_tou_shadow_flyer',10,NOW());
INSERT INTO `weenie_properties_string` (`object_Id`,`type`,`value`) VALUES
  (730000025,1,'Shadow Flyer'),
  (730000025,45,'KillTaskTouTouFlyers0812');
INSERT INTO `weenie_properties_int` (`object_Id`,`type`,`value`) VALUES
  (730000025,1,16),
  (730000025,2,22),
  (730000025,3,39),
  (730000025,6,-1),
  (730000025,7,-1),
  (730000025,16,1),
  (730000025,25,200),
  (730000025,40,2),
  (730000025,68,13),
  (730000025,72,22),
  (730000025,93,1032),
  (730000025,133,2),
  (730000025,146,3000000),
  (730000025,332,120);
INSERT INTO `weenie_properties_float` (`object_Id`,`type`,`value`) VALUES
  (730000025,1,5),
  (730000025,2,0),
  (730000025,3,0.25),
  (730000025,4,0.9),
  (730000025,5,2),
  (730000025,12,0),
  (730000025,13,1),
  (730000025,14,1),
  (730000025,15,1),
  (730000025,16,1),
  (730000025,17,0.8),
  (730000025,18,1),
  (730000025,19,1),
  (730000025,31,35),
  (730000025,34,1.2),
  (730000025,36,1),
  (730000025,39,1.1),
  (730000025,64,0.5),
  (730000025,65,0.2),
  (730000025,66,0.5),
  (730000025,67,0.7),
  (730000025,68,0.2),
  (730000025,69,0.5),
  (730000025,70,0.4),
  (730000025,71,1),
  (730000025,72,1),
  (730000025,73,1),
  (730000025,74,1),
  (730000025,75,1),
  (730000025,76,0.2),
  (730000025,80,3),
  (730000025,104,10),
  (730000025,122,2),
  (730000025,125,1),
  (730000025,166,0.9);
INSERT INTO `weenie_properties_bool` (`object_Id`,`type`,`value`) VALUES
  (730000025,1,1),
  (730000025,6,1),
  (730000025,11,0),
  (730000025,12,1),
  (730000025,13,0),
  (730000025,14,1),
  (730000025,19,1),
  (730000025,50,1);
INSERT INTO `weenie_properties_d_i_d` (`object_Id`,`type`,`value`) VALUES
  (730000025,1,33561289),
  (730000025,2,150995049),
  (730000025,3,536870975),
  (730000025,4,805306396),
  (730000025,6,67109305),
  (730000025,7,268435811),
  (730000025,8,100669123),
  (730000025,22,872415351),
  (730000025,35,2101);
INSERT INTO `weenie_properties_attribute` (`object_Id`,`type`,`init_Level`,`level_From_C_P`,`c_P_Spent`) VALUES
  (730000025,1,50,0,0),
  (730000025,2,60,0,0),
  (730000025,3,30,0,0),
  (730000025,4,80,0,0),
  (730000025,5,125,0,0),
  (730000025,6,115,0,0);
INSERT INTO `weenie_properties_attribute_2nd` (`object_Id`,`type`,`init_Level`,`level_From_C_P`,`c_P_Spent`,`current_Level`) VALUES
  (730000025,1,60,0,0,90),
  (730000025,3,70,0,0,130),
  (730000025,5,40,0,0,155);
INSERT INTO `weenie_properties_skill` (`object_Id`,`type`,`level_From_P_P`,`s_a_c`,`p_p`,`init_Level`,`resistance_At_Last_Check`,`last_Used_Time`) VALUES
  (730000025,6,0,3,0,86,0,0),
  (730000025,7,0,3,0,126,0,0),
  (730000025,14,0,3,0,50,0,0),
  (730000025,15,0,3,0,76,0,0),
  (730000025,20,0,3,0,50,0,0),
  (730000025,31,0,3,0,24,0,0),
  (730000025,33,0,3,0,24,0,0),
  (730000025,34,0,3,0,24,0,0),
  (730000025,44,0,3,0,90,0,0),
  (730000025,45,0,3,0,90,0,0),
  (730000025,46,0,3,0,90,0,0),
  (730000025,47,0,3,0,100,0,0),
  (730000025,48,0,3,0,90,0,0);
INSERT INTO `weenie_properties_body_part` (`object_Id`,`key`,`d_Type`,`d_Val`,`d_Var`,`base_Armor`,`armor_Vs_Slash`,`armor_Vs_Pierce`,`armor_Vs_Bludgeon`,`armor_Vs_Cold`,`armor_Vs_Fire`,`armor_Vs_Acid`,`armor_Vs_Electric`,`armor_Vs_Nether`,`b_h`,`h_l_f`,`m_l_f`,`l_l_f`,`h_r_f`,`m_r_f`,`l_r_f`,`h_l_b`,`m_l_b`,`l_l_b`,`h_r_b`,`m_r_b`,`l_r_b`) VALUES
  (730000025,0,4,0,0,70,56,21,39,13,35,39,47,0,1,0.33000001311302185,0,0,0.33000001311302185,0,0,0.33000001311302185,0,0,0.33000001311302185,0,0),
  (730000025,1,4,0,0,80,64,24,44,14,40,44,54,0,2,0.4399999976158142,0.17000000178813934,0,0.4399999976158142,0.17000000178813934,0,0.4399999976158142,0.17000000178813934,0,0.4399999976158142,0.17000000178813934,0),
  (730000025,2,4,0,0,80,64,24,44,14,40,44,54,0,3,0,0.17000000178813934,0,0,0.17000000178813934,0,0,0.17000000178813934,0,0,0.17000000178813934,0),
  (730000025,3,4,0,0,70,56,21,39,13,35,39,47,0,1,0.23000000417232513,0.029999999329447746,0,0.23000000417232513,0.029999999329447746,0,0.23000000417232513,0.029999999329447746,0,0.23000000417232513,0.029999999329447746,0),
  (730000025,4,4,0,0,80,64,24,44,14,40,44,54,0,2,0,0.30000001192092896,0,0,0.30000001192092896,0,0,0.30000001192092896,0,0,0.30000001192092896,0),
  (730000025,5,4,2,0.75,80,64,24,44,14,40,44,54,0,2,0,0.20000000298023224,0,0,0.20000000298023224,0,0,0.20000000298023224,0,0,0.20000000298023224,0),
  (730000025,6,4,0,0,90,72,27,50,16,45,50,60,0,3,0,0.12999999523162842,0.18000000715255737,0,0.12999999523162842,0.18000000715255737,0,0.12999999523162842,0.18000000715255737,0,0.12999999523162842,0.18000000715255737),
  (730000025,7,4,0,0,90,72,27,50,16,45,50,60,0,3,0,0,0.6000000238418579,0,0,0.6000000238418579,0,0,0.6000000238418579,0,0,0.6000000238418579),
  (730000025,8,4,3,0.75,90,72,27,50,16,45,50,60,0,3,0,0,0.2199999988079071,0,0,0.2199999988079071,0,0,0.2199999988079071,0,0,0.2199999988079071);
INSERT INTO `weenie_properties_spell_book` (`object_Id`,`spell`,`probability`) VALUES
  (730000025,59,2.0290000438690186),
  (730000025,65,2.0290000438690186),
  (730000025,70,2.0290000438690186),
  (730000025,76,2.0290000438690186),
  (730000025,81,2.0290000438690186),
  (730000025,87,2.0290000438690186),
  (730000025,93,2.0290000438690186),
  (730000025,172,2.009000062942505),
  (730000025,1238,2.0199999809265137),
  (730000025,1250,2.0199999809265137),
  (730000025,1261,2.0199999809265137),
  (730000025,1339,2.009000062942505),
  (730000025,1368,2.009000062942505),
  (730000025,1392,2.009000062942505),
  (730000025,1416,2.009000062942505),
  (730000025,1440,2.009000062942505),
  (730000025,1464,2.009000062942505);
INSERT INTO `weenie_properties_create_list` (`object_Id`,`destination_Type`,`weenie_Class_Id`,`stack_Size`,`palette`,`shade`,`try_To_Bond`) VALUES
  (730000025,9,0,0,0,0.800000011920929,0),
  (730000025,9,48908,1,0,0.009999999776482582,0),
  (730000025,9,0,0,0,0.9900000095367432,0),
  (730000025,9,0,0,0,0.9399999976158142,0),
  (730000025,9,34276,-1,0,0.004000000189989805,0),
  (730000025,9,42635,-1,0,0.004000000189989805,0),
  (730000025,9,42636,-1,0,0.004000000189989805,0),
  (730000025,9,42637,-1,0,0.004000000189989805,0);

INSERT INTO `weenie` (`class_Id`,`class_Name`,`type`,`last_Modified`) VALUES (730000026,'t11_tou_shadows_breath',10,NOW());
INSERT INTO `weenie_properties_string` (`object_Id`,`type`,`value`) VALUES
  (730000026,1,'Shadow\'s Breath');
INSERT INTO `weenie_properties_int` (`object_Id`,`type`,`value`) VALUES
  (730000026,1,16),
  (730000026,2,22),
  (730000026,6,-1),
  (730000026,7,-1),
  (730000026,16,1),
  (730000026,25,240),
  (730000026,27,0),
  (730000026,40,2),
  (730000026,68,9),
  (730000026,93,1032),
  (730000026,133,2),
  (730000026,146,3000000),
  (730000026,332,120);
INSERT INTO `weenie_properties_float` (`object_Id`,`type`,`value`) VALUES
  (730000026,1,5),
  (730000026,2,0),
  (730000026,3,0.4),
  (730000026,4,5),
  (730000026,5,1),
  (730000026,13,0.85),
  (730000026,14,1),
  (730000026,15,1),
  (730000026,16,1),
  (730000026,17,0.6),
  (730000026,18,1),
  (730000026,19,1),
  (730000026,31,45),
  (730000026,34,1),
  (730000026,36,1),
  (730000026,39,1.1),
  (730000026,64,0.4),
  (730000026,65,0.3),
  (730000026,66,0.3),
  (730000026,67,0.5),
  (730000026,68,0.2),
  (730000026,69,0.2),
  (730000026,70,0.1),
  (730000026,71,1),
  (730000026,72,1),
  (730000026,73,1),
  (730000026,74,1),
  (730000026,75,1),
  (730000026,76,0.5),
  (730000026,80,3),
  (730000026,104,10),
  (730000026,125,1),
  (730000026,166,0.75);
INSERT INTO `weenie_properties_bool` (`object_Id`,`type`,`value`) VALUES
  (730000026,1,1),
  (730000026,6,1),
  (730000026,11,0),
  (730000026,12,1),
  (730000026,13,0),
  (730000026,14,1),
  (730000026,19,1),
  (730000026,50,1),
  (730000026,120,1);
INSERT INTO `weenie_properties_d_i_d` (`object_Id`,`type`,`value`) VALUES
  (730000026,1,33556913),
  (730000026,2,150994968),
  (730000026,3,536870985),
  (730000026,4,805306398),
  (730000026,8,100670397),
  (730000026,22,872415331),
  (730000026,35,2101);
INSERT INTO `weenie_properties_attribute` (`object_Id`,`type`,`init_Level`,`level_From_C_P`,`c_P_Spent`) VALUES
  (730000026,1,50,0,0),
  (730000026,2,60,0,0),
  (730000026,3,30,0,0),
  (730000026,4,80,0,0),
  (730000026,5,125,0,0),
  (730000026,6,115,0,0);
INSERT INTO `weenie_properties_attribute_2nd` (`object_Id`,`type`,`init_Level`,`level_From_C_P`,`c_P_Spent`,`current_Level`) VALUES
  (730000026,1,60,0,0,90),
  (730000026,3,70,0,0,130),
  (730000026,5,40,0,0,155);
INSERT INTO `weenie_properties_skill` (`object_Id`,`type`,`level_From_P_P`,`s_a_c`,`p_p`,`init_Level`,`resistance_At_Last_Check`,`last_Used_Time`) VALUES
  (730000026,6,0,3,0,86,0,0),
  (730000026,7,0,3,0,126,0,0),
  (730000026,14,0,3,0,50,0,0),
  (730000026,15,0,3,0,76,0,0),
  (730000026,20,0,3,0,50,0,0),
  (730000026,31,0,3,0,24,0,0),
  (730000026,33,0,3,0,24,0,0),
  (730000026,34,0,3,0,24,0,0),
  (730000026,44,0,3,0,90,0,0),
  (730000026,45,0,3,0,90,0,0),
  (730000026,46,0,3,0,90,0,0),
  (730000026,47,0,3,0,100,0,0),
  (730000026,48,0,3,0,90,0,0);
INSERT INTO `weenie_properties_body_part` (`object_Id`,`key`,`d_Type`,`d_Val`,`d_Var`,`base_Armor`,`armor_Vs_Slash`,`armor_Vs_Pierce`,`armor_Vs_Bludgeon`,`armor_Vs_Cold`,`armor_Vs_Fire`,`armor_Vs_Acid`,`armor_Vs_Electric`,`armor_Vs_Nether`,`b_h`,`h_l_f`,`m_l_f`,`l_l_f`,`h_r_f`,`m_r_f`,`l_r_f`,`h_l_b`,`m_l_b`,`l_l_b`,`h_r_b`,`m_r_b`,`l_r_b`) VALUES
  (730000026,0,4,0,0,70,56,21,39,13,35,39,47,0,1,0.33000001311302185,0,0,0.33000001311302185,0,0,0.33000001311302185,0,0,0.33000001311302185,0,0),
  (730000026,1,4,0,0,80,64,24,44,14,40,44,54,0,2,0.4399999976158142,0.17000000178813934,0,0.4399999976158142,0.17000000178813934,0,0.4399999976158142,0.17000000178813934,0,0.4399999976158142,0.17000000178813934,0),
  (730000026,2,4,0,0,80,64,24,44,14,40,44,54,0,3,0,0.17000000178813934,0,0,0.17000000178813934,0,0,0.17000000178813934,0,0,0.17000000178813934,0),
  (730000026,3,4,0,0,70,56,21,39,13,35,39,47,0,1,0.23000000417232513,0.029999999329447746,0,0.23000000417232513,0.029999999329447746,0,0.23000000417232513,0.029999999329447746,0,0.23000000417232513,0.029999999329447746,0),
  (730000026,4,4,0,0,80,64,24,44,14,40,44,54,0,2,0,0.30000001192092896,0,0,0.30000001192092896,0,0,0.30000001192092896,0,0,0.30000001192092896,0),
  (730000026,5,4,2,0.75,80,64,24,44,14,40,44,54,0,2,0,0.20000000298023224,0,0,0.20000000298023224,0,0,0.20000000298023224,0,0,0.20000000298023224,0),
  (730000026,6,4,0,0,90,72,27,50,16,45,50,60,0,3,0,0.12999999523162842,0.18000000715255737,0,0.12999999523162842,0.18000000715255737,0,0.12999999523162842,0.18000000715255737,0,0.12999999523162842,0.18000000715255737),
  (730000026,7,4,0,0,90,72,27,50,16,45,50,60,0,3,0,0,0.6000000238418579,0,0,0.6000000238418579,0,0,0.6000000238418579,0,0,0.6000000238418579),
  (730000026,8,4,3,0.75,90,72,27,50,16,45,50,60,0,3,0,0,0.2199999988079071,0,0,0.2199999988079071,0,0,0.2199999988079071,0,0,0.2199999988079071);
INSERT INTO `weenie_properties_spell_book` (`object_Id`,`spell`,`probability`) VALUES
  (730000026,59,2.0290000438690186),
  (730000026,65,2.0290000438690186),
  (730000026,70,2.0290000438690186),
  (730000026,76,2.0290000438690186),
  (730000026,81,2.0290000438690186),
  (730000026,87,2.0290000438690186),
  (730000026,93,2.0290000438690186),
  (730000026,172,2.009000062942505),
  (730000026,1238,2.0199999809265137),
  (730000026,1250,2.0199999809265137),
  (730000026,1261,2.0199999809265137),
  (730000026,1339,2.009000062942505),
  (730000026,1368,2.009000062942505),
  (730000026,1392,2.009000062942505),
  (730000026,1416,2.009000062942505),
  (730000026,1440,2.009000062942505),
  (730000026,1464,2.009000062942505);
INSERT INTO `weenie_properties_create_list` (`object_Id`,`destination_Type`,`weenie_Class_Id`,`stack_Size`,`palette`,`shade`,`try_To_Bond`) VALUES
  (730000026,9,0,0,0,0.800000011920929,0),
  (730000026,9,48908,1,0,0.009999999776482582,0),
  (730000026,9,0,0,0,0.9900000095367432,0),
  (730000026,9,0,0,0,0.9399999976158142,0),
  (730000026,9,34276,-1,0,0.004000000189989805,0),
  (730000026,9,42635,-1,0,0.004000000189989805,0),
  (730000026,9,42636,-1,0,0.004000000189989805,0),
  (730000026,9,42637,-1,0,0.004000000189989805,0);

INSERT INTO `weenie` (`class_Id`,`class_Name`,`type`,`last_Modified`) VALUES (730000027,'t11_tou_devourer_margul',10,NOW());
INSERT INTO `weenie_properties_string` (`object_Id`,`type`,`value`) VALUES
  (730000027,1,'Devourer Margul'),
  (730000027,45,'KillTaskTouTouMarguls0812');
INSERT INTO `weenie_properties_int` (`object_Id`,`type`,`value`) VALUES
  (730000027,1,16),
  (730000027,2,71),
  (730000027,3,42),
  (730000027,6,-1),
  (730000027,7,-1),
  (730000027,16,1),
  (730000027,25,200),
  (730000027,27,0),
  (730000027,40,2),
  (730000027,68,9),
  (730000027,72,22),
  (730000027,93,1032),
  (730000027,101,131),
  (730000027,133,2),
  (730000027,146,3000000),
  (730000027,332,120);
INSERT INTO `weenie_properties_float` (`object_Id`,`type`,`value`) VALUES
  (730000027,1,5),
  (730000027,2,0),
  (730000027,3,6),
  (730000027,4,3),
  (730000027,5,1),
  (730000027,12,0.5),
  (730000027,13,1.05),
  (730000027,14,1),
  (730000027,15,0.95),
  (730000027,16,0.95),
  (730000027,17,1.2),
  (730000027,18,1.2),
  (730000027,19,0.95),
  (730000027,31,35),
  (730000027,34,1),
  (730000027,36,1),
  (730000027,39,0.6),
  (730000027,64,0.85),
  (730000027,65,0.85),
  (730000027,66,0.95),
  (730000027,67,0.75),
  (730000027,68,0.95),
  (730000027,69,0.75),
  (730000027,70,0.95),
  (730000027,71,1),
  (730000027,72,1),
  (730000027,73,1),
  (730000027,74,1),
  (730000027,75,1),
  (730000027,77,1),
  (730000027,80,2),
  (730000027,104,10),
  (730000027,122,2),
  (730000027,125,1);
INSERT INTO `weenie_properties_bool` (`object_Id`,`type`,`value`) VALUES
  (730000027,1,1),
  (730000027,6,1),
  (730000027,11,0),
  (730000027,12,1),
  (730000027,13,0),
  (730000027,14,1),
  (730000027,19,1),
  (730000027,50,1);
INSERT INTO `weenie_properties_d_i_d` (`object_Id`,`type`,`value`) VALUES
  (730000027,1,33558554),
  (730000027,2,150995263),
  (730000027,3,536871080),
  (730000027,4,805306426),
  (730000027,6,67114728),
  (730000027,7,268436733),
  (730000027,8,100675661),
  (730000027,19,87),
  (730000027,22,872415401),
  (730000027,30,87),
  (730000027,35,2105);
INSERT INTO `weenie_properties_attribute` (`object_Id`,`type`,`init_Level`,`level_From_C_P`,`c_P_Spent`) VALUES
  (730000027,1,50,0,0),
  (730000027,2,60,0,0),
  (730000027,3,30,0,0),
  (730000027,4,80,0,0),
  (730000027,5,125,0,0),
  (730000027,6,115,0,0);
INSERT INTO `weenie_properties_attribute_2nd` (`object_Id`,`type`,`init_Level`,`level_From_C_P`,`c_P_Spent`,`current_Level`) VALUES
  (730000027,1,60,0,0,90),
  (730000027,3,70,0,0,130),
  (730000027,5,40,0,0,155);
INSERT INTO `weenie_properties_skill` (`object_Id`,`type`,`level_From_P_P`,`s_a_c`,`p_p`,`init_Level`,`resistance_At_Last_Check`,`last_Used_Time`) VALUES
  (730000027,6,0,3,0,86,0,0),
  (730000027,7,0,3,0,126,0,0),
  (730000027,14,0,3,0,50,0,0),
  (730000027,15,0,3,0,76,0,0),
  (730000027,20,0,3,0,50,0,0),
  (730000027,31,0,3,0,24,0,0),
  (730000027,33,0,3,0,24,0,0),
  (730000027,34,0,3,0,24,0,0),
  (730000027,44,0,3,0,90,0,0),
  (730000027,45,0,3,0,90,0,0),
  (730000027,46,0,3,0,90,0,0),
  (730000027,47,0,3,0,100,0,0),
  (730000027,48,0,3,0,90,0,0);
INSERT INTO `weenie_properties_body_part` (`object_Id`,`key`,`d_Type`,`d_Val`,`d_Var`,`base_Armor`,`armor_Vs_Slash`,`armor_Vs_Pierce`,`armor_Vs_Bludgeon`,`armor_Vs_Cold`,`armor_Vs_Fire`,`armor_Vs_Acid`,`armor_Vs_Electric`,`armor_Vs_Nether`,`b_h`,`h_l_f`,`m_l_f`,`l_l_f`,`h_r_f`,`m_r_f`,`l_r_f`,`h_l_b`,`m_l_b`,`l_l_b`,`h_r_b`,`m_r_b`,`l_r_b`) VALUES
  (730000027,0,4,0,0,70,56,21,39,13,35,39,47,0,1,0.33000001311302185,0,0,0.33000001311302185,0,0,0.33000001311302185,0,0,0.33000001311302185,0,0),
  (730000027,1,4,0,0,80,64,24,44,14,40,44,54,0,2,0.4399999976158142,0.17000000178813934,0,0.4399999976158142,0.17000000178813934,0,0.4399999976158142,0.17000000178813934,0,0.4399999976158142,0.17000000178813934,0),
  (730000027,2,4,0,0,80,64,24,44,14,40,44,54,0,3,0,0.17000000178813934,0,0,0.17000000178813934,0,0,0.17000000178813934,0,0,0.17000000178813934,0),
  (730000027,3,4,0,0,70,56,21,39,13,35,39,47,0,1,0.23000000417232513,0.029999999329447746,0,0.23000000417232513,0.029999999329447746,0,0.23000000417232513,0.029999999329447746,0,0.23000000417232513,0.029999999329447746,0),
  (730000027,4,4,0,0,80,64,24,44,14,40,44,54,0,2,0,0.30000001192092896,0,0,0.30000001192092896,0,0,0.30000001192092896,0,0,0.30000001192092896,0),
  (730000027,5,4,2,0.75,80,64,24,44,14,40,44,54,0,2,0,0.20000000298023224,0,0,0.20000000298023224,0,0,0.20000000298023224,0,0,0.20000000298023224,0),
  (730000027,6,4,0,0,90,72,27,50,16,45,50,60,0,3,0,0.12999999523162842,0.18000000715255737,0,0.12999999523162842,0.18000000715255737,0,0.12999999523162842,0.18000000715255737,0,0.12999999523162842,0.18000000715255737),
  (730000027,7,4,0,0,90,72,27,50,16,45,50,60,0,3,0,0,0.6000000238418579,0,0,0.6000000238418579,0,0,0.6000000238418579,0,0,0.6000000238418579),
  (730000027,8,4,3,0.75,90,72,27,50,16,45,50,60,0,3,0,0,0.2199999988079071,0,0,0.2199999988079071,0,0,0.2199999988079071,0,0,0.2199999988079071);
INSERT INTO `weenie_properties_spell_book` (`object_Id`,`spell`,`probability`) VALUES
  (730000027,59,2.0290000438690186),
  (730000027,65,2.0290000438690186),
  (730000027,70,2.0290000438690186),
  (730000027,76,2.0290000438690186),
  (730000027,81,2.0290000438690186),
  (730000027,87,2.0290000438690186),
  (730000027,93,2.0290000438690186),
  (730000027,172,2.009000062942505),
  (730000027,1238,2.0199999809265137),
  (730000027,1250,2.0199999809265137),
  (730000027,1261,2.0199999809265137),
  (730000027,1339,2.009000062942505),
  (730000027,1368,2.009000062942505),
  (730000027,1392,2.009000062942505),
  (730000027,1416,2.009000062942505),
  (730000027,1440,2.009000062942505),
  (730000027,1464,2.009000062942505);
INSERT INTO `weenie_properties_create_list` (`object_Id`,`destination_Type`,`weenie_Class_Id`,`stack_Size`,`palette`,`shade`,`try_To_Bond`) VALUES
  (730000027,9,0,0,0,0.800000011920929,0),
  (730000027,9,48908,1,0,0.009999999776482582,0),
  (730000027,9,0,0,0,0.9900000095367432,0),
  (730000027,9,0,0,0,0.9399999976158142,0),
  (730000027,9,34276,-1,0,0.004000000189989805,0),
  (730000027,9,42635,-1,0,0.004000000189989805,0),
  (730000027,9,42636,-1,0,0.004000000189989805,0),
  (730000027,9,42637,-1,0,0.004000000189989805,0);

INSERT INTO `weenie` (`class_Id`,`class_Name`,`type`,`last_Modified`) VALUES (730000028,'t11_tou_void_lord',10,NOW());
INSERT INTO `weenie_properties_string` (`object_Id`,`type`,`value`) VALUES
  (730000028,1,'Void Lord');
INSERT INTO `weenie_properties_int` (`object_Id`,`type`,`value`) VALUES
  (730000028,1,16),
  (730000028,2,22),
  (730000028,6,-1),
  (730000028,7,-1),
  (730000028,16,1),
  (730000028,25,240),
  (730000028,93,4195336),
  (730000028,101,183),
  (730000028,113,1),
  (730000028,133,2),
  (730000028,146,3000000),
  (730000028,307,4),
  (730000028,332,120);
INSERT INTO `weenie_properties_float` (`object_Id`,`type`,`value`) VALUES
  (730000028,1,5),
  (730000028,2,0),
  (730000028,3,0.7),
  (730000028,4,2.5),
  (730000028,5,1),
  (730000028,12,0.5),
  (730000028,13,1),
  (730000028,14,1.4),
  (730000028,15,1.35),
  (730000028,16,1.4),
  (730000028,17,0.82),
  (730000028,18,1.7),
  (730000028,19,1.35),
  (730000028,31,35),
  (730000028,34,1.1),
  (730000028,36,1),
  (730000028,39,1.3),
  (730000028,64,0.7),
  (730000028,65,0.5),
  (730000028,66,0.35),
  (730000028,67,0.65),
  (730000028,68,0.1),
  (730000028,69,0.2),
  (730000028,70,0.5),
  (730000028,71,1),
  (730000028,72,1),
  (730000028,73,1),
  (730000028,74,1),
  (730000028,75,1),
  (730000028,76,0.5),
  (730000028,80,3),
  (730000028,104,10),
  (730000028,122,2),
  (730000028,125,1),
  (730000028,166,0.9);
INSERT INTO `weenie_properties_bool` (`object_Id`,`type`,`value`) VALUES
  (730000028,1,1),
  (730000028,12,1),
  (730000028,14,1),
  (730000028,19,1),
  (730000028,42,1);
INSERT INTO `weenie_properties_d_i_d` (`object_Id`,`type`,`value`) VALUES
  (730000028,1,33559537),
  (730000028,2,150994945),
  (730000028,3,536870913),
  (730000028,4,805306408),
  (730000028,8,100670398),
  (730000028,22,872415331),
  (730000028,32,2030),
  (730000028,35,2105);
INSERT INTO `weenie_properties_attribute` (`object_Id`,`type`,`init_Level`,`level_From_C_P`,`c_P_Spent`) VALUES
  (730000028,1,50,0,0),
  (730000028,2,60,0,0),
  (730000028,3,30,0,0),
  (730000028,4,80,0,0),
  (730000028,5,125,0,0),
  (730000028,6,115,0,0);
INSERT INTO `weenie_properties_attribute_2nd` (`object_Id`,`type`,`init_Level`,`level_From_C_P`,`c_P_Spent`,`current_Level`) VALUES
  (730000028,1,60,0,0,90),
  (730000028,3,70,0,0,130),
  (730000028,5,40,0,0,155);
INSERT INTO `weenie_properties_skill` (`object_Id`,`type`,`level_From_P_P`,`s_a_c`,`p_p`,`init_Level`,`resistance_At_Last_Check`,`last_Used_Time`) VALUES
  (730000028,6,0,3,0,86,0,0),
  (730000028,7,0,3,0,126,0,0),
  (730000028,14,0,3,0,50,0,0),
  (730000028,15,0,3,0,76,0,0),
  (730000028,20,0,3,0,50,0,0),
  (730000028,31,0,3,0,24,0,0),
  (730000028,33,0,3,0,24,0,0),
  (730000028,34,0,3,0,24,0,0),
  (730000028,44,0,3,0,90,0,0),
  (730000028,45,0,3,0,90,0,0),
  (730000028,46,0,3,0,90,0,0),
  (730000028,47,0,3,0,100,0,0),
  (730000028,48,0,3,0,90,0,0);
INSERT INTO `weenie_properties_body_part` (`object_Id`,`key`,`d_Type`,`d_Val`,`d_Var`,`base_Armor`,`armor_Vs_Slash`,`armor_Vs_Pierce`,`armor_Vs_Bludgeon`,`armor_Vs_Cold`,`armor_Vs_Fire`,`armor_Vs_Acid`,`armor_Vs_Electric`,`armor_Vs_Nether`,`b_h`,`h_l_f`,`m_l_f`,`l_l_f`,`h_r_f`,`m_r_f`,`l_r_f`,`h_l_b`,`m_l_b`,`l_l_b`,`h_r_b`,`m_r_b`,`l_r_b`) VALUES
  (730000028,0,4,0,0,70,56,21,39,13,35,39,47,0,1,0.33000001311302185,0,0,0.33000001311302185,0,0,0.33000001311302185,0,0,0.33000001311302185,0,0),
  (730000028,1,4,0,0,80,64,24,44,14,40,44,54,0,2,0.4399999976158142,0.17000000178813934,0,0.4399999976158142,0.17000000178813934,0,0.4399999976158142,0.17000000178813934,0,0.4399999976158142,0.17000000178813934,0),
  (730000028,2,4,0,0,80,64,24,44,14,40,44,54,0,3,0,0.17000000178813934,0,0,0.17000000178813934,0,0,0.17000000178813934,0,0,0.17000000178813934,0),
  (730000028,3,4,0,0,70,56,21,39,13,35,39,47,0,1,0.23000000417232513,0.029999999329447746,0,0.23000000417232513,0.029999999329447746,0,0.23000000417232513,0.029999999329447746,0,0.23000000417232513,0.029999999329447746,0),
  (730000028,4,4,0,0,80,64,24,44,14,40,44,54,0,2,0,0.30000001192092896,0,0,0.30000001192092896,0,0,0.30000001192092896,0,0,0.30000001192092896,0),
  (730000028,5,4,2,0.75,80,64,24,44,14,40,44,54,0,2,0,0.20000000298023224,0,0,0.20000000298023224,0,0,0.20000000298023224,0,0,0.20000000298023224,0),
  (730000028,6,4,0,0,90,72,27,50,16,45,50,60,0,3,0,0.12999999523162842,0.18000000715255737,0,0.12999999523162842,0.18000000715255737,0,0.12999999523162842,0.18000000715255737,0,0.12999999523162842,0.18000000715255737),
  (730000028,7,4,0,0,90,72,27,50,16,45,50,60,0,3,0,0,0.6000000238418579,0,0,0.6000000238418579,0,0,0.6000000238418579,0,0,0.6000000238418579),
  (730000028,8,4,3,0.75,90,72,27,50,16,45,50,60,0,3,0,0,0.2199999988079071,0,0,0.2199999988079071,0,0,0.2199999988079071,0,0,0.2199999988079071);
INSERT INTO `weenie_properties_spell_book` (`object_Id`,`spell`,`probability`) VALUES
  (730000028,59,2.0290000438690186),
  (730000028,65,2.0290000438690186),
  (730000028,70,2.0290000438690186),
  (730000028,76,2.0290000438690186),
  (730000028,81,2.0290000438690186),
  (730000028,87,2.0290000438690186),
  (730000028,93,2.0290000438690186),
  (730000028,172,2.009000062942505),
  (730000028,1238,2.0199999809265137),
  (730000028,1250,2.0199999809265137),
  (730000028,1261,2.0199999809265137),
  (730000028,1339,2.009000062942505),
  (730000028,1368,2.009000062942505),
  (730000028,1392,2.009000062942505),
  (730000028,1416,2.009000062942505),
  (730000028,1440,2.009000062942505),
  (730000028,1464,2.009000062942505);
INSERT INTO `weenie_properties_create_list` (`object_Id`,`destination_Type`,`weenie_Class_Id`,`stack_Size`,`palette`,`shade`,`try_To_Bond`) VALUES
  (730000028,9,0,0,0,0.800000011920929,0),
  (730000028,9,48908,1,0,0.009999999776482582,0),
  (730000028,9,0,0,0,0.9900000095367432,0),
  (730000028,9,0,0,0,0.9399999976158142,0),
  (730000028,9,34276,-1,0,0.004000000189989805,0),
  (730000028,9,42635,-1,0,0.004000000189989805,0),
  (730000028,9,42636,-1,0,0.004000000189989805,0),
  (730000028,9,42637,-1,0,0.004000000189989805,0),
  (730000028,9,719220028,1,0,0.02500000037252903,0),
  (730000028,9,0,0,0,0.9750000238418579,0);

INSERT INTO `weenie` (`class_Id`,`class_Name`,`type`,`last_Modified`) VALUES (730000029,'t11_tou_grievver_shredder',10,NOW());
INSERT INTO `weenie_properties_string` (`object_Id`,`type`,`value`) VALUES
  (730000029,1,'Grievver Shredder'),
  (730000029,45,'KillTaskTouTouGrievvers0812');
INSERT INTO `weenie_properties_int` (`object_Id`,`type`,`value`) VALUES
  (730000029,1,16),
  (730000029,2,44),
  (730000029,3,8),
  (730000029,6,-1),
  (730000029,7,-1),
  (730000029,16,1),
  (730000029,25,200),
  (730000029,27,0),
  (730000029,40,2),
  (730000029,68,3),
  (730000029,72,22),
  (730000029,93,1032),
  (730000029,101,131),
  (730000029,133,2),
  (730000029,140,1),
  (730000029,146,3000000),
  (730000029,332,120);
INSERT INTO `weenie_properties_float` (`object_Id`,`type`,`value`) VALUES
  (730000029,1,5),
  (730000029,2,0),
  (730000029,3,20),
  (730000029,4,20),
  (730000029,5,1),
  (730000029,12,0.5),
  (730000029,13,0.75),
  (730000029,14,1),
  (730000029,15,1),
  (730000029,16,1),
  (730000029,17,1.1),
  (730000029,18,1),
  (730000029,19,1),
  (730000029,31,30),
  (730000029,34,1),
  (730000029,36,1),
  (730000029,39,1.6),
  (730000029,64,0.9),
  (730000029,65,0.5),
  (730000029,66,0.6),
  (730000029,67,0.5),
  (730000029,68,0.1),
  (730000029,69,0.2),
  (730000029,70,0.5),
  (730000029,71,1),
  (730000029,72,0.4),
  (730000029,73,1),
  (730000029,74,0.4),
  (730000029,75,1),
  (730000029,77,1),
  (730000029,80,3),
  (730000029,104,10),
  (730000029,125,0.4),
  (730000029,127,2);
INSERT INTO `weenie_properties_bool` (`object_Id`,`type`,`value`) VALUES
  (730000029,1,1),
  (730000029,6,1),
  (730000029,11,0),
  (730000029,12,1),
  (730000029,13,0),
  (730000029,14,1),
  (730000029,19,1),
  (730000029,50,1);
INSERT INTO `weenie_properties_d_i_d` (`object_Id`,`type`,`value`) VALUES
  (730000029,1,33556698),
  (730000029,2,150995098),
  (730000029,3,536871009),
  (730000029,4,805306411),
  (730000029,6,67112927),
  (730000029,7,268436616),
  (730000029,8,100670960),
  (730000029,19,86),
  (730000029,22,872415364),
  (730000029,30,86),
  (730000029,35,2101);
INSERT INTO `weenie_properties_attribute` (`object_Id`,`type`,`init_Level`,`level_From_C_P`,`c_P_Spent`) VALUES
  (730000029,1,50,0,0),
  (730000029,2,60,0,0),
  (730000029,3,30,0,0),
  (730000029,4,80,0,0),
  (730000029,5,125,0,0),
  (730000029,6,115,0,0);
INSERT INTO `weenie_properties_attribute_2nd` (`object_Id`,`type`,`init_Level`,`level_From_C_P`,`c_P_Spent`,`current_Level`) VALUES
  (730000029,1,60,0,0,90),
  (730000029,3,70,0,0,130),
  (730000029,5,40,0,0,155);
INSERT INTO `weenie_properties_skill` (`object_Id`,`type`,`level_From_P_P`,`s_a_c`,`p_p`,`init_Level`,`resistance_At_Last_Check`,`last_Used_Time`) VALUES
  (730000029,6,0,3,0,86,0,0),
  (730000029,7,0,3,0,126,0,0),
  (730000029,14,0,3,0,50,0,0),
  (730000029,15,0,3,0,76,0,0),
  (730000029,20,0,3,0,50,0,0),
  (730000029,31,0,3,0,24,0,0),
  (730000029,33,0,3,0,24,0,0),
  (730000029,34,0,3,0,24,0,0),
  (730000029,44,0,3,0,90,0,0),
  (730000029,45,0,3,0,90,0,0),
  (730000029,46,0,3,0,90,0,0),
  (730000029,47,0,3,0,100,0,0),
  (730000029,48,0,3,0,90,0,0);
INSERT INTO `weenie_properties_body_part` (`object_Id`,`key`,`d_Type`,`d_Val`,`d_Var`,`base_Armor`,`armor_Vs_Slash`,`armor_Vs_Pierce`,`armor_Vs_Bludgeon`,`armor_Vs_Cold`,`armor_Vs_Fire`,`armor_Vs_Acid`,`armor_Vs_Electric`,`armor_Vs_Nether`,`b_h`,`h_l_f`,`m_l_f`,`l_l_f`,`h_r_f`,`m_r_f`,`l_r_f`,`h_l_b`,`m_l_b`,`l_l_b`,`h_r_b`,`m_r_b`,`l_r_b`) VALUES
  (730000029,0,4,0,0,70,56,21,39,13,35,39,47,0,1,0.33000001311302185,0,0,0.33000001311302185,0,0,0.33000001311302185,0,0,0.33000001311302185,0,0),
  (730000029,1,4,0,0,80,64,24,44,14,40,44,54,0,2,0.4399999976158142,0.17000000178813934,0,0.4399999976158142,0.17000000178813934,0,0.4399999976158142,0.17000000178813934,0,0.4399999976158142,0.17000000178813934,0),
  (730000029,2,4,0,0,80,64,24,44,14,40,44,54,0,3,0,0.17000000178813934,0,0,0.17000000178813934,0,0,0.17000000178813934,0,0,0.17000000178813934,0),
  (730000029,3,4,0,0,70,56,21,39,13,35,39,47,0,1,0.23000000417232513,0.029999999329447746,0,0.23000000417232513,0.029999999329447746,0,0.23000000417232513,0.029999999329447746,0,0.23000000417232513,0.029999999329447746,0),
  (730000029,4,4,0,0,80,64,24,44,14,40,44,54,0,2,0,0.30000001192092896,0,0,0.30000001192092896,0,0,0.30000001192092896,0,0,0.30000001192092896,0),
  (730000029,5,4,2,0.75,80,64,24,44,14,40,44,54,0,2,0,0.20000000298023224,0,0,0.20000000298023224,0,0,0.20000000298023224,0,0,0.20000000298023224,0),
  (730000029,6,4,0,0,90,72,27,50,16,45,50,60,0,3,0,0.12999999523162842,0.18000000715255737,0,0.12999999523162842,0.18000000715255737,0,0.12999999523162842,0.18000000715255737,0,0.12999999523162842,0.18000000715255737),
  (730000029,7,4,0,0,90,72,27,50,16,45,50,60,0,3,0,0,0.6000000238418579,0,0,0.6000000238418579,0,0,0.6000000238418579,0,0,0.6000000238418579),
  (730000029,8,4,3,0.75,90,72,27,50,16,45,50,60,0,3,0,0,0.2199999988079071,0,0,0.2199999988079071,0,0,0.2199999988079071,0,0,0.2199999988079071);
INSERT INTO `weenie_properties_spell_book` (`object_Id`,`spell`,`probability`) VALUES
  (730000029,59,2.0290000438690186),
  (730000029,65,2.0290000438690186),
  (730000029,70,2.0290000438690186),
  (730000029,76,2.0290000438690186),
  (730000029,81,2.0290000438690186),
  (730000029,87,2.0290000438690186),
  (730000029,93,2.0290000438690186),
  (730000029,172,2.009000062942505),
  (730000029,1238,2.0199999809265137),
  (730000029,1250,2.0199999809265137),
  (730000029,1261,2.0199999809265137),
  (730000029,1339,2.009000062942505),
  (730000029,1368,2.009000062942505),
  (730000029,1392,2.009000062942505),
  (730000029,1416,2.009000062942505),
  (730000029,1440,2.009000062942505),
  (730000029,1464,2.009000062942505);
INSERT INTO `weenie_properties_create_list` (`object_Id`,`destination_Type`,`weenie_Class_Id`,`stack_Size`,`palette`,`shade`,`try_To_Bond`) VALUES
  (730000029,9,0,0,0,0.800000011920929,0),
  (730000029,9,48908,1,0,0.009999999776482582,0),
  (730000029,9,0,0,0,0.9900000095367432,0),
  (730000029,9,0,0,0,0.9399999976158142,0),
  (730000029,9,34276,-1,0,0.004000000189989805,0),
  (730000029,9,42635,-1,0,0.004000000189989805,0),
  (730000029,9,42636,-1,0,0.004000000189989805,0),
  (730000029,9,42637,-1,0,0.004000000189989805,0);

INSERT INTO `weenie` (`class_Id`,`class_Name`,`type`,`last_Modified`) VALUES (730000030,'t11_tou_plunderer_a',10,NOW());
INSERT INTO `weenie_properties_string` (`object_Id`,`type`,`value`) VALUES
  (730000030,1,'Plunderers of the Bloodstone');
INSERT INTO `weenie_properties_int` (`object_Id`,`type`,`value`) VALUES
  (730000030,1,16),
  (730000030,2,14),
  (730000030,3,39),
  (730000030,6,-1),
  (730000030,7,-1),
  (730000030,16,1),
  (730000030,25,610),
  (730000030,27,0),
  (730000030,40,2),
  (730000030,68,5),
  (730000030,72,30),
  (730000030,81,1),
  (730000030,82,0),
  (730000030,93,1032),
  (730000030,133,4),
  (730000030,146,90000000),
  (730000030,307,500),
  (730000030,332,700);
INSERT INTO `weenie_properties_float` (`object_Id`,`type`,`value`) VALUES
  (730000030,1,5),
  (730000030,2,0),
  (730000030,3,25),
  (730000030,4,25),
  (730000030,5,2),
  (730000030,12,0.5),
  (730000030,13,1),
  (730000030,14,1.2),
  (730000030,15,1),
  (730000030,16,0.9),
  (730000030,17,1),
  (730000030,18,1),
  (730000030,19,0.9),
  (730000030,31,16),
  (730000030,34,1),
  (730000030,36,1),
  (730000030,39,1),
  (730000030,43,5),
  (730000030,64,0.8),
  (730000030,65,0.6),
  (730000030,66,1),
  (730000030,67,0.6),
  (730000030,68,0.9),
  (730000030,69,0.6),
  (730000030,70,0.9),
  (730000030,71,1),
  (730000030,72,1),
  (730000030,73,1),
  (730000030,74,1),
  (730000030,75,1),
  (730000030,104,20),
  (730000030,125,1);
INSERT INTO `weenie_properties_bool` (`object_Id`,`type`,`value`) VALUES
  (730000030,1,1),
  (730000030,11,0),
  (730000030,12,1),
  (730000030,13,0),
  (730000030,50,1),
  (730000030,65,1);
INSERT INTO `weenie_properties_d_i_d` (`object_Id`,`type`,`value`) VALUES
  (730000030,1,33554433),
  (730000030,2,150994967),
  (730000030,3,536870934),
  (730000030,4,805306368),
  (730000030,6,67110722),
  (730000030,7,268436626),
  (730000030,8,100667942),
  (730000030,22,872415272),
  (730000030,35,32);
INSERT INTO `weenie_properties_attribute` (`object_Id`,`type`,`init_Level`,`level_From_C_P`,`c_P_Spent`) VALUES
  (730000030,1,50,0,0),
  (730000030,2,60,0,0),
  (730000030,3,30,0,0),
  (730000030,4,80,0,0),
  (730000030,5,125,0,0),
  (730000030,6,115,0,0);
INSERT INTO `weenie_properties_attribute_2nd` (`object_Id`,`type`,`init_Level`,`level_From_C_P`,`c_P_Spent`,`current_Level`) VALUES
  (730000030,1,60,0,0,90),
  (730000030,3,70,0,0,130),
  (730000030,5,40,0,0,155);
INSERT INTO `weenie_properties_skill` (`object_Id`,`type`,`level_From_P_P`,`s_a_c`,`p_p`,`init_Level`,`resistance_At_Last_Check`,`last_Used_Time`) VALUES
  (730000030,6,0,3,0,86,0,0),
  (730000030,7,0,3,0,126,0,0),
  (730000030,14,0,3,0,50,0,0),
  (730000030,15,0,3,0,76,0,0),
  (730000030,20,0,3,0,50,0,0),
  (730000030,31,0,3,0,24,0,0),
  (730000030,33,0,3,0,24,0,0),
  (730000030,34,0,3,0,24,0,0),
  (730000030,44,0,3,0,90,0,0),
  (730000030,45,0,3,0,90,0,0),
  (730000030,46,0,3,0,90,0,0),
  (730000030,47,0,3,0,100,0,0),
  (730000030,48,0,3,0,90,0,0);
INSERT INTO `weenie_properties_body_part` (`object_Id`,`key`,`d_Type`,`d_Val`,`d_Var`,`base_Armor`,`armor_Vs_Slash`,`armor_Vs_Pierce`,`armor_Vs_Bludgeon`,`armor_Vs_Cold`,`armor_Vs_Fire`,`armor_Vs_Acid`,`armor_Vs_Electric`,`armor_Vs_Nether`,`b_h`,`h_l_f`,`m_l_f`,`l_l_f`,`h_r_f`,`m_r_f`,`l_r_f`,`h_l_b`,`m_l_b`,`l_l_b`,`h_r_b`,`m_r_b`,`l_r_b`) VALUES
  (730000030,0,4,0,0,70,56,21,39,13,35,39,47,0,1,0.33000001311302185,0,0,0.33000001311302185,0,0,0.33000001311302185,0,0,0.33000001311302185,0,0),
  (730000030,1,4,0,0,80,64,24,44,14,40,44,54,0,2,0.4399999976158142,0.17000000178813934,0,0.4399999976158142,0.17000000178813934,0,0.4399999976158142,0.17000000178813934,0,0.4399999976158142,0.17000000178813934,0),
  (730000030,2,4,0,0,80,64,24,44,14,40,44,54,0,3,0,0.17000000178813934,0,0,0.17000000178813934,0,0,0.17000000178813934,0,0,0.17000000178813934,0),
  (730000030,3,4,0,0,70,56,21,39,13,35,39,47,0,1,0.23000000417232513,0.029999999329447746,0,0.23000000417232513,0.029999999329447746,0,0.23000000417232513,0.029999999329447746,0,0.23000000417232513,0.029999999329447746,0),
  (730000030,4,4,0,0,80,64,24,44,14,40,44,54,0,2,0,0.30000001192092896,0,0,0.30000001192092896,0,0,0.30000001192092896,0,0,0.30000001192092896,0),
  (730000030,5,4,2,0.75,80,64,24,44,14,40,44,54,0,2,0,0.20000000298023224,0,0,0.20000000298023224,0,0,0.20000000298023224,0,0,0.20000000298023224,0),
  (730000030,6,4,0,0,90,72,27,50,16,45,50,60,0,3,0,0.12999999523162842,0.18000000715255737,0,0.12999999523162842,0.18000000715255737,0,0.12999999523162842,0.18000000715255737,0,0.12999999523162842,0.18000000715255737),
  (730000030,7,4,0,0,90,72,27,50,16,45,50,60,0,3,0,0,0.6000000238418579,0,0,0.6000000238418579,0,0,0.6000000238418579,0,0,0.6000000238418579),
  (730000030,8,4,3,0.75,90,72,27,50,16,45,50,60,0,3,0,0,0.2199999988079071,0,0,0.2199999988079071,0,0,0.2199999988079071,0,0,0.2199999988079071);
INSERT INTO `weenie_properties_spell_book` (`object_Id`,`spell`,`probability`) VALUES
  (730000030,59,2.0290000438690186),
  (730000030,65,2.0290000438690186),
  (730000030,70,2.0290000438690186),
  (730000030,76,2.0290000438690186),
  (730000030,81,2.0290000438690186),
  (730000030,87,2.0290000438690186),
  (730000030,93,2.0290000438690186),
  (730000030,172,2.009000062942505),
  (730000030,1238,2.0199999809265137),
  (730000030,1250,2.0199999809265137),
  (730000030,1261,2.0199999809265137),
  (730000030,1339,2.009000062942505),
  (730000030,1368,2.009000062942505),
  (730000030,1392,2.009000062942505),
  (730000030,1416,2.009000062942505),
  (730000030,1440,2.009000062942505),
  (730000030,1464,2.009000062942505);
INSERT INTO `weenie_properties_create_list` (`object_Id`,`destination_Type`,`weenie_Class_Id`,`stack_Size`,`palette`,`shade`,`try_To_Bond`) VALUES
  (730000030,2,90000031,0,0,-1,0),
  (730000030,2,36353,0,0,-1,0);

INSERT INTO `weenie` (`class_Id`,`class_Name`,`type`,`last_Modified`) VALUES (730000031,'t11_tou_plunderer_b',10,NOW());
INSERT INTO `weenie_properties_string` (`object_Id`,`type`,`value`) VALUES
  (730000031,1,'Plunderers of the Bloodstone');
INSERT INTO `weenie_properties_int` (`object_Id`,`type`,`value`) VALUES
  (730000031,1,16),
  (730000031,2,30),
  (730000031,3,39),
  (730000031,6,-1),
  (730000031,7,-1),
  (730000031,16,1),
  (730000031,25,610),
  (730000031,27,0),
  (730000031,40,2),
  (730000031,68,5),
  (730000031,72,14),
  (730000031,81,1),
  (730000031,82,0),
  (730000031,93,1032),
  (730000031,133,4),
  (730000031,146,90000000),
  (730000031,307,250),
  (730000031,332,700);
INSERT INTO `weenie_properties_float` (`object_Id`,`type`,`value`) VALUES
  (730000031,1,5),
  (730000031,2,0),
  (730000031,3,25),
  (730000031,4,25),
  (730000031,5,2),
  (730000031,12,0.5),
  (730000031,13,1),
  (730000031,14,1.2),
  (730000031,15,1),
  (730000031,16,0.9),
  (730000031,17,1),
  (730000031,18,1),
  (730000031,19,0.9),
  (730000031,31,16),
  (730000031,34,1),
  (730000031,36,1),
  (730000031,39,1),
  (730000031,43,3),
  (730000031,64,0.8),
  (730000031,65,0.6),
  (730000031,66,1),
  (730000031,67,0.6),
  (730000031,68,0.9),
  (730000031,69,0.6),
  (730000031,70,0.9),
  (730000031,71,1),
  (730000031,72,1),
  (730000031,73,1),
  (730000031,74,1),
  (730000031,75,1),
  (730000031,104,10),
  (730000031,125,1);
INSERT INTO `weenie_properties_bool` (`object_Id`,`type`,`value`) VALUES
  (730000031,1,1),
  (730000031,11,0),
  (730000031,12,1),
  (730000031,13,0),
  (730000031,50,1),
  (730000031,65,1);
INSERT INTO `weenie_properties_d_i_d` (`object_Id`,`type`,`value`) VALUES
  (730000031,1,33559522),
  (730000031,2,150994967),
  (730000031,3,536870934),
  (730000031,4,805306368),
  (730000031,6,67110722),
  (730000031,7,268436626),
  (730000031,8,100667942),
  (730000031,22,872415272),
  (730000031,35,32);
INSERT INTO `weenie_properties_attribute` (`object_Id`,`type`,`init_Level`,`level_From_C_P`,`c_P_Spent`) VALUES
  (730000031,1,50,0,0),
  (730000031,2,60,0,0),
  (730000031,3,30,0,0),
  (730000031,4,80,0,0),
  (730000031,5,125,0,0),
  (730000031,6,115,0,0);
INSERT INTO `weenie_properties_attribute_2nd` (`object_Id`,`type`,`init_Level`,`level_From_C_P`,`c_P_Spent`,`current_Level`) VALUES
  (730000031,1,60,0,0,90),
  (730000031,3,70,0,0,130),
  (730000031,5,40,0,0,155);
INSERT INTO `weenie_properties_skill` (`object_Id`,`type`,`level_From_P_P`,`s_a_c`,`p_p`,`init_Level`,`resistance_At_Last_Check`,`last_Used_Time`) VALUES
  (730000031,6,0,3,0,86,0,0),
  (730000031,7,0,3,0,126,0,0),
  (730000031,14,0,3,0,50,0,0),
  (730000031,15,0,3,0,76,0,0),
  (730000031,20,0,3,0,50,0,0),
  (730000031,31,0,3,0,24,0,0),
  (730000031,33,0,3,0,24,0,0),
  (730000031,34,0,3,0,24,0,0),
  (730000031,44,0,3,0,90,0,0),
  (730000031,45,0,3,0,90,0,0),
  (730000031,46,0,3,0,90,0,0),
  (730000031,47,0,3,0,100,0,0),
  (730000031,48,0,3,0,90,0,0);
INSERT INTO `weenie_properties_body_part` (`object_Id`,`key`,`d_Type`,`d_Val`,`d_Var`,`base_Armor`,`armor_Vs_Slash`,`armor_Vs_Pierce`,`armor_Vs_Bludgeon`,`armor_Vs_Cold`,`armor_Vs_Fire`,`armor_Vs_Acid`,`armor_Vs_Electric`,`armor_Vs_Nether`,`b_h`,`h_l_f`,`m_l_f`,`l_l_f`,`h_r_f`,`m_r_f`,`l_r_f`,`h_l_b`,`m_l_b`,`l_l_b`,`h_r_b`,`m_r_b`,`l_r_b`) VALUES
  (730000031,0,4,0,0,70,56,21,39,13,35,39,47,0,1,0.33000001311302185,0,0,0.33000001311302185,0,0,0.33000001311302185,0,0,0.33000001311302185,0,0),
  (730000031,1,4,0,0,80,64,24,44,14,40,44,54,0,2,0.4399999976158142,0.17000000178813934,0,0.4399999976158142,0.17000000178813934,0,0.4399999976158142,0.17000000178813934,0,0.4399999976158142,0.17000000178813934,0),
  (730000031,2,4,0,0,80,64,24,44,14,40,44,54,0,3,0,0.17000000178813934,0,0,0.17000000178813934,0,0,0.17000000178813934,0,0,0.17000000178813934,0),
  (730000031,3,4,0,0,70,56,21,39,13,35,39,47,0,1,0.23000000417232513,0.029999999329447746,0,0.23000000417232513,0.029999999329447746,0,0.23000000417232513,0.029999999329447746,0,0.23000000417232513,0.029999999329447746,0),
  (730000031,4,4,0,0,80,64,24,44,14,40,44,54,0,2,0,0.30000001192092896,0,0,0.30000001192092896,0,0,0.30000001192092896,0,0,0.30000001192092896,0),
  (730000031,5,4,2,0.75,80,64,24,44,14,40,44,54,0,2,0,0.20000000298023224,0,0,0.20000000298023224,0,0,0.20000000298023224,0,0,0.20000000298023224,0),
  (730000031,6,4,0,0,90,72,27,50,16,45,50,60,0,3,0,0.12999999523162842,0.18000000715255737,0,0.12999999523162842,0.18000000715255737,0,0.12999999523162842,0.18000000715255737,0,0.12999999523162842,0.18000000715255737),
  (730000031,7,4,0,0,90,72,27,50,16,45,50,60,0,3,0,0,0.6000000238418579,0,0,0.6000000238418579,0,0,0.6000000238418579,0,0,0.6000000238418579),
  (730000031,8,4,3,0.75,90,72,27,50,16,45,50,60,0,3,0,0,0.2199999988079071,0,0,0.2199999988079071,0,0,0.2199999988079071,0,0,0.2199999988079071);
INSERT INTO `weenie_properties_spell_book` (`object_Id`,`spell`,`probability`) VALUES
  (730000031,59,2.0290000438690186),
  (730000031,65,2.0290000438690186),
  (730000031,70,2.0290000438690186),
  (730000031,76,2.0290000438690186),
  (730000031,81,2.0290000438690186),
  (730000031,87,2.0290000438690186),
  (730000031,93,2.0290000438690186),
  (730000031,172,2.009000062942505),
  (730000031,1238,2.0199999809265137),
  (730000031,1250,2.0199999809265137),
  (730000031,1261,2.0199999809265137),
  (730000031,1339,2.009000062942505),
  (730000031,1368,2.009000062942505),
  (730000031,1392,2.009000062942505),
  (730000031,1416,2.009000062942505),
  (730000031,1440,2.009000062942505),
  (730000031,1464,2.009000062942505);
INSERT INTO `weenie_properties_create_list` (`object_Id`,`destination_Type`,`weenie_Class_Id`,`stack_Size`,`palette`,`shade`,`try_To_Bond`) VALUES
  (730000031,2,90000039,0,0,-1,0),
  (730000031,2,90000040,0,0,-1,0),
  (730000031,2,90000037,0,0,1,0),
  (730000031,2,90000036,0,0,1,0);

INSERT INTO `weenie` (`class_Id`,`class_Name`,`type`,`last_Modified`) VALUES (730000032,'t11_tou_plunderer_c',10,NOW());
INSERT INTO `weenie_properties_string` (`object_Id`,`type`,`value`) VALUES
  (730000032,1,'Plunderers of the Bloodstone');
INSERT INTO `weenie_properties_int` (`object_Id`,`type`,`value`) VALUES
  (730000032,1,16),
  (730000032,2,14),
  (730000032,3,39),
  (730000032,6,-1),
  (730000032,7,-1),
  (730000032,16,1),
  (730000032,25,610),
  (730000032,27,0),
  (730000032,40,2),
  (730000032,68,5),
  (730000032,72,30),
  (730000032,81,1),
  (730000032,82,0),
  (730000032,93,1032),
  (730000032,133,4),
  (730000032,146,90000000),
  (730000032,307,250),
  (730000032,332,700);
INSERT INTO `weenie_properties_float` (`object_Id`,`type`,`value`) VALUES
  (730000032,1,5),
  (730000032,2,0),
  (730000032,3,25),
  (730000032,4,25),
  (730000032,5,2),
  (730000032,12,0.5),
  (730000032,13,1),
  (730000032,14,1.2),
  (730000032,15,1),
  (730000032,16,0.9),
  (730000032,17,1),
  (730000032,18,1),
  (730000032,19,0.9),
  (730000032,31,16),
  (730000032,34,1),
  (730000032,36,1),
  (730000032,39,1),
  (730000032,43,3),
  (730000032,64,0.8),
  (730000032,65,0.6),
  (730000032,66,1),
  (730000032,67,0.6),
  (730000032,68,0.9),
  (730000032,69,0.6),
  (730000032,70,0.9),
  (730000032,71,1),
  (730000032,72,1),
  (730000032,73,1),
  (730000032,74,1),
  (730000032,75,1),
  (730000032,104,10),
  (730000032,125,1);
INSERT INTO `weenie_properties_bool` (`object_Id`,`type`,`value`) VALUES
  (730000032,1,1),
  (730000032,11,0),
  (730000032,12,1),
  (730000032,13,0),
  (730000032,50,1),
  (730000032,65,1);
INSERT INTO `weenie_properties_d_i_d` (`object_Id`,`type`,`value`) VALUES
  (730000032,1,33554433),
  (730000032,2,150994967),
  (730000032,3,536870934),
  (730000032,4,805306368),
  (730000032,6,67110722),
  (730000032,7,268436626),
  (730000032,8,100667942),
  (730000032,22,872415272),
  (730000032,35,32);
INSERT INTO `weenie_properties_attribute` (`object_Id`,`type`,`init_Level`,`level_From_C_P`,`c_P_Spent`) VALUES
  (730000032,1,50,0,0),
  (730000032,2,60,0,0),
  (730000032,3,30,0,0),
  (730000032,4,80,0,0),
  (730000032,5,125,0,0),
  (730000032,6,115,0,0);
INSERT INTO `weenie_properties_attribute_2nd` (`object_Id`,`type`,`init_Level`,`level_From_C_P`,`c_P_Spent`,`current_Level`) VALUES
  (730000032,1,60,0,0,90),
  (730000032,3,70,0,0,130),
  (730000032,5,40,0,0,155);
INSERT INTO `weenie_properties_skill` (`object_Id`,`type`,`level_From_P_P`,`s_a_c`,`p_p`,`init_Level`,`resistance_At_Last_Check`,`last_Used_Time`) VALUES
  (730000032,6,0,3,0,86,0,0),
  (730000032,7,0,3,0,126,0,0),
  (730000032,14,0,3,0,50,0,0),
  (730000032,15,0,3,0,76,0,0),
  (730000032,20,0,3,0,50,0,0),
  (730000032,31,0,3,0,24,0,0),
  (730000032,33,0,3,0,24,0,0),
  (730000032,34,0,3,0,24,0,0),
  (730000032,44,0,3,0,90,0,0),
  (730000032,45,0,3,0,90,0,0),
  (730000032,46,0,3,0,90,0,0),
  (730000032,47,0,3,0,100,0,0),
  (730000032,48,0,3,0,90,0,0);
INSERT INTO `weenie_properties_body_part` (`object_Id`,`key`,`d_Type`,`d_Val`,`d_Var`,`base_Armor`,`armor_Vs_Slash`,`armor_Vs_Pierce`,`armor_Vs_Bludgeon`,`armor_Vs_Cold`,`armor_Vs_Fire`,`armor_Vs_Acid`,`armor_Vs_Electric`,`armor_Vs_Nether`,`b_h`,`h_l_f`,`m_l_f`,`l_l_f`,`h_r_f`,`m_r_f`,`l_r_f`,`h_l_b`,`m_l_b`,`l_l_b`,`h_r_b`,`m_r_b`,`l_r_b`) VALUES
  (730000032,0,4,0,0,70,56,21,39,13,35,39,47,0,1,0.33000001311302185,0,0,0.33000001311302185,0,0,0.33000001311302185,0,0,0.33000001311302185,0,0),
  (730000032,1,4,0,0,80,64,24,44,14,40,44,54,0,2,0.4399999976158142,0.17000000178813934,0,0.4399999976158142,0.17000000178813934,0,0.4399999976158142,0.17000000178813934,0,0.4399999976158142,0.17000000178813934,0),
  (730000032,2,4,0,0,80,64,24,44,14,40,44,54,0,3,0,0.17000000178813934,0,0,0.17000000178813934,0,0,0.17000000178813934,0,0,0.17000000178813934,0),
  (730000032,3,4,0,0,70,56,21,39,13,35,39,47,0,1,0.23000000417232513,0.029999999329447746,0,0.23000000417232513,0.029999999329447746,0,0.23000000417232513,0.029999999329447746,0,0.23000000417232513,0.029999999329447746,0),
  (730000032,4,4,0,0,80,64,24,44,14,40,44,54,0,2,0,0.30000001192092896,0,0,0.30000001192092896,0,0,0.30000001192092896,0,0,0.30000001192092896,0),
  (730000032,5,4,2,0.75,80,64,24,44,14,40,44,54,0,2,0,0.20000000298023224,0,0,0.20000000298023224,0,0,0.20000000298023224,0,0,0.20000000298023224,0),
  (730000032,6,4,0,0,90,72,27,50,16,45,50,60,0,3,0,0.12999999523162842,0.18000000715255737,0,0.12999999523162842,0.18000000715255737,0,0.12999999523162842,0.18000000715255737,0,0.12999999523162842,0.18000000715255737),
  (730000032,7,4,0,0,90,72,27,50,16,45,50,60,0,3,0,0,0.6000000238418579,0,0,0.6000000238418579,0,0,0.6000000238418579,0,0,0.6000000238418579),
  (730000032,8,4,3,0.75,90,72,27,50,16,45,50,60,0,3,0,0,0.2199999988079071,0,0,0.2199999988079071,0,0,0.2199999988079071,0,0,0.2199999988079071);
INSERT INTO `weenie_properties_spell_book` (`object_Id`,`spell`,`probability`) VALUES
  (730000032,59,2.0290000438690186),
  (730000032,65,2.0290000438690186),
  (730000032,70,2.0290000438690186),
  (730000032,76,2.0290000438690186),
  (730000032,81,2.0290000438690186),
  (730000032,87,2.0290000438690186),
  (730000032,93,2.0290000438690186),
  (730000032,172,2.009000062942505),
  (730000032,1238,2.0199999809265137),
  (730000032,1250,2.0199999809265137),
  (730000032,1261,2.0199999809265137),
  (730000032,1339,2.009000062942505),
  (730000032,1368,2.009000062942505),
  (730000032,1392,2.009000062942505),
  (730000032,1416,2.009000062942505),
  (730000032,1440,2.009000062942505),
  (730000032,1464,2.009000062942505);
INSERT INTO `weenie_properties_create_list` (`object_Id`,`destination_Type`,`weenie_Class_Id`,`stack_Size`,`palette`,`shade`,`try_To_Bond`) VALUES
  (730000032,2,90000031,0,0,-1,0),
  (730000032,2,36353,0,0,-1,0);

INSERT INTO `weenie` (`class_Id`,`class_Name`,`type`,`last_Modified`) VALUES (730000033,'t11_tou_plunderer_d',10,NOW());
INSERT INTO `weenie_properties_string` (`object_Id`,`type`,`value`) VALUES
  (730000033,1,'Plunderers of the Bloodstone');
INSERT INTO `weenie_properties_int` (`object_Id`,`type`,`value`) VALUES
  (730000033,1,16),
  (730000033,2,30),
  (730000033,3,39),
  (730000033,6,-1),
  (730000033,7,-1),
  (730000033,16,1),
  (730000033,25,610),
  (730000033,27,0),
  (730000033,40,2),
  (730000033,68,5),
  (730000033,72,14),
  (730000033,81,1),
  (730000033,82,0),
  (730000033,93,1032),
  (730000033,133,4),
  (730000033,146,90000000),
  (730000033,307,250),
  (730000033,332,700);
INSERT INTO `weenie_properties_float` (`object_Id`,`type`,`value`) VALUES
  (730000033,1,5),
  (730000033,2,0),
  (730000033,3,25),
  (730000033,4,25),
  (730000033,5,2),
  (730000033,12,0.5),
  (730000033,13,1),
  (730000033,14,1.2),
  (730000033,15,1),
  (730000033,16,0.9),
  (730000033,17,1),
  (730000033,18,1),
  (730000033,19,0.9),
  (730000033,31,16),
  (730000033,34,1),
  (730000033,36,1),
  (730000033,39,1),
  (730000033,43,3),
  (730000033,64,0.8),
  (730000033,65,0.6),
  (730000033,66,1),
  (730000033,67,0.6),
  (730000033,68,0.9),
  (730000033,69,0.6),
  (730000033,70,0.9),
  (730000033,71,1),
  (730000033,72,1),
  (730000033,73,1),
  (730000033,74,1),
  (730000033,75,1),
  (730000033,104,10),
  (730000033,125,1);
INSERT INTO `weenie_properties_bool` (`object_Id`,`type`,`value`) VALUES
  (730000033,1,1),
  (730000033,11,0),
  (730000033,12,1),
  (730000033,13,0),
  (730000033,50,1),
  (730000033,65,1);
INSERT INTO `weenie_properties_d_i_d` (`object_Id`,`type`,`value`) VALUES
  (730000033,1,33559522),
  (730000033,2,150994967),
  (730000033,3,536870934),
  (730000033,4,805306368),
  (730000033,6,67110722),
  (730000033,7,268436626),
  (730000033,8,100667942),
  (730000033,22,872415272),
  (730000033,35,32);
INSERT INTO `weenie_properties_attribute` (`object_Id`,`type`,`init_Level`,`level_From_C_P`,`c_P_Spent`) VALUES
  (730000033,1,50,0,0),
  (730000033,2,60,0,0),
  (730000033,3,30,0,0),
  (730000033,4,80,0,0),
  (730000033,5,125,0,0),
  (730000033,6,115,0,0);
INSERT INTO `weenie_properties_attribute_2nd` (`object_Id`,`type`,`init_Level`,`level_From_C_P`,`c_P_Spent`,`current_Level`) VALUES
  (730000033,1,60,0,0,90),
  (730000033,3,70,0,0,130),
  (730000033,5,40,0,0,155);
INSERT INTO `weenie_properties_skill` (`object_Id`,`type`,`level_From_P_P`,`s_a_c`,`p_p`,`init_Level`,`resistance_At_Last_Check`,`last_Used_Time`) VALUES
  (730000033,6,0,3,0,86,0,0),
  (730000033,7,0,3,0,126,0,0),
  (730000033,14,0,3,0,50,0,0),
  (730000033,15,0,3,0,76,0,0),
  (730000033,20,0,3,0,50,0,0),
  (730000033,31,0,3,0,24,0,0),
  (730000033,33,0,3,0,24,0,0),
  (730000033,34,0,3,0,24,0,0),
  (730000033,44,0,3,0,90,0,0),
  (730000033,45,0,3,0,90,0,0),
  (730000033,46,0,3,0,90,0,0),
  (730000033,47,0,3,0,100,0,0),
  (730000033,48,0,3,0,90,0,0);
INSERT INTO `weenie_properties_body_part` (`object_Id`,`key`,`d_Type`,`d_Val`,`d_Var`,`base_Armor`,`armor_Vs_Slash`,`armor_Vs_Pierce`,`armor_Vs_Bludgeon`,`armor_Vs_Cold`,`armor_Vs_Fire`,`armor_Vs_Acid`,`armor_Vs_Electric`,`armor_Vs_Nether`,`b_h`,`h_l_f`,`m_l_f`,`l_l_f`,`h_r_f`,`m_r_f`,`l_r_f`,`h_l_b`,`m_l_b`,`l_l_b`,`h_r_b`,`m_r_b`,`l_r_b`) VALUES
  (730000033,0,4,0,0,70,56,21,39,13,35,39,47,0,1,0.33000001311302185,0,0,0.33000001311302185,0,0,0.33000001311302185,0,0,0.33000001311302185,0,0),
  (730000033,1,4,0,0,80,64,24,44,14,40,44,54,0,2,0.4399999976158142,0.17000000178813934,0,0.4399999976158142,0.17000000178813934,0,0.4399999976158142,0.17000000178813934,0,0.4399999976158142,0.17000000178813934,0),
  (730000033,2,4,0,0,80,64,24,44,14,40,44,54,0,3,0,0.17000000178813934,0,0,0.17000000178813934,0,0,0.17000000178813934,0,0,0.17000000178813934,0),
  (730000033,3,4,0,0,70,56,21,39,13,35,39,47,0,1,0.23000000417232513,0.029999999329447746,0,0.23000000417232513,0.029999999329447746,0,0.23000000417232513,0.029999999329447746,0,0.23000000417232513,0.029999999329447746,0),
  (730000033,4,4,0,0,80,64,24,44,14,40,44,54,0,2,0,0.30000001192092896,0,0,0.30000001192092896,0,0,0.30000001192092896,0,0,0.30000001192092896,0),
  (730000033,5,4,2,0.75,80,64,24,44,14,40,44,54,0,2,0,0.20000000298023224,0,0,0.20000000298023224,0,0,0.20000000298023224,0,0,0.20000000298023224,0),
  (730000033,6,4,0,0,90,72,27,50,16,45,50,60,0,3,0,0.12999999523162842,0.18000000715255737,0,0.12999999523162842,0.18000000715255737,0,0.12999999523162842,0.18000000715255737,0,0.12999999523162842,0.18000000715255737),
  (730000033,7,4,0,0,90,72,27,50,16,45,50,60,0,3,0,0,0.6000000238418579,0,0,0.6000000238418579,0,0,0.6000000238418579,0,0,0.6000000238418579),
  (730000033,8,4,3,0.75,90,72,27,50,16,45,50,60,0,3,0,0,0.2199999988079071,0,0,0.2199999988079071,0,0,0.2199999988079071,0,0,0.2199999988079071);
INSERT INTO `weenie_properties_spell_book` (`object_Id`,`spell`,`probability`) VALUES
  (730000033,59,2.0290000438690186),
  (730000033,65,2.0290000438690186),
  (730000033,70,2.0290000438690186),
  (730000033,76,2.0290000438690186),
  (730000033,81,2.0290000438690186),
  (730000033,87,2.0290000438690186),
  (730000033,93,2.0290000438690186),
  (730000033,172,2.009000062942505),
  (730000033,1238,2.0199999809265137),
  (730000033,1250,2.0199999809265137),
  (730000033,1261,2.0199999809265137),
  (730000033,1339,2.009000062942505),
  (730000033,1368,2.009000062942505),
  (730000033,1392,2.009000062942505),
  (730000033,1416,2.009000062942505),
  (730000033,1440,2.009000062942505),
  (730000033,1464,2.009000062942505);
INSERT INTO `weenie_properties_create_list` (`object_Id`,`destination_Type`,`weenie_Class_Id`,`stack_Size`,`palette`,`shade`,`try_To_Bond`) VALUES
  (730000033,2,90000039,0,0,-1,0),
  (730000033,2,90000040,0,0,-1,0),
  (730000033,2,90000037,0,0,1,0),
  (730000033,2,90000036,0,0,1,0);

INSERT INTO `weenie` (`class_Id`,`class_Name`,`type`,`last_Modified`) VALUES (730000034,'t11_tou_plunderer_e',10,NOW());
INSERT INTO `weenie_properties_string` (`object_Id`,`type`,`value`) VALUES
  (730000034,1,'Plunderers of the Bloodstone');
INSERT INTO `weenie_properties_int` (`object_Id`,`type`,`value`) VALUES
  (730000034,1,16),
  (730000034,2,14),
  (730000034,3,39),
  (730000034,6,-1),
  (730000034,7,-1),
  (730000034,16,1),
  (730000034,25,610),
  (730000034,27,0),
  (730000034,40,2),
  (730000034,68,5),
  (730000034,72,30),
  (730000034,93,1032),
  (730000034,103,1),
  (730000034,133,4),
  (730000034,146,90000000),
  (730000034,307,500),
  (730000034,332,700);
INSERT INTO `weenie_properties_float` (`object_Id`,`type`,`value`) VALUES
  (730000034,1,5),
  (730000034,2,0),
  (730000034,3,25),
  (730000034,4,25),
  (730000034,5,2),
  (730000034,12,0.5),
  (730000034,13,1),
  (730000034,14,1.2),
  (730000034,15,1),
  (730000034,16,0.9),
  (730000034,17,1),
  (730000034,18,1),
  (730000034,19,0.9),
  (730000034,31,16),
  (730000034,34,1),
  (730000034,36,1),
  (730000034,39,1),
  (730000034,43,5),
  (730000034,64,0.8),
  (730000034,65,0.6),
  (730000034,66,1),
  (730000034,67,0.6),
  (730000034,68,0.9),
  (730000034,69,0.6),
  (730000034,70,0.9),
  (730000034,71,1),
  (730000034,72,1),
  (730000034,73,1),
  (730000034,74,1),
  (730000034,75,1),
  (730000034,104,20),
  (730000034,125,1);
INSERT INTO `weenie_properties_bool` (`object_Id`,`type`,`value`) VALUES
  (730000034,1,1),
  (730000034,11,0),
  (730000034,12,1),
  (730000034,13,0),
  (730000034,50,1),
  (730000034,65,1);
INSERT INTO `weenie_properties_d_i_d` (`object_Id`,`type`,`value`) VALUES
  (730000034,1,33554433),
  (730000034,2,150994967),
  (730000034,3,536870934),
  (730000034,4,805306368),
  (730000034,6,67110722),
  (730000034,7,268436626),
  (730000034,8,100667942),
  (730000034,22,872415272),
  (730000034,35,32);
INSERT INTO `weenie_properties_attribute` (`object_Id`,`type`,`init_Level`,`level_From_C_P`,`c_P_Spent`) VALUES
  (730000034,1,50,0,0),
  (730000034,2,60,0,0),
  (730000034,3,30,0,0),
  (730000034,4,80,0,0),
  (730000034,5,125,0,0),
  (730000034,6,115,0,0);
INSERT INTO `weenie_properties_attribute_2nd` (`object_Id`,`type`,`init_Level`,`level_From_C_P`,`c_P_Spent`,`current_Level`) VALUES
  (730000034,1,60,0,0,90),
  (730000034,3,70,0,0,130),
  (730000034,5,40,0,0,155);
INSERT INTO `weenie_properties_skill` (`object_Id`,`type`,`level_From_P_P`,`s_a_c`,`p_p`,`init_Level`,`resistance_At_Last_Check`,`last_Used_Time`) VALUES
  (730000034,6,0,3,0,86,0,0),
  (730000034,7,0,3,0,126,0,0),
  (730000034,14,0,3,0,50,0,0),
  (730000034,15,0,3,0,76,0,0),
  (730000034,20,0,3,0,50,0,0),
  (730000034,31,0,3,0,24,0,0),
  (730000034,33,0,3,0,24,0,0),
  (730000034,34,0,3,0,24,0,0),
  (730000034,44,0,3,0,90,0,0),
  (730000034,45,0,3,0,90,0,0),
  (730000034,46,0,3,0,90,0,0),
  (730000034,47,0,3,0,100,0,0),
  (730000034,48,0,3,0,90,0,0);
INSERT INTO `weenie_properties_body_part` (`object_Id`,`key`,`d_Type`,`d_Val`,`d_Var`,`base_Armor`,`armor_Vs_Slash`,`armor_Vs_Pierce`,`armor_Vs_Bludgeon`,`armor_Vs_Cold`,`armor_Vs_Fire`,`armor_Vs_Acid`,`armor_Vs_Electric`,`armor_Vs_Nether`,`b_h`,`h_l_f`,`m_l_f`,`l_l_f`,`h_r_f`,`m_r_f`,`l_r_f`,`h_l_b`,`m_l_b`,`l_l_b`,`h_r_b`,`m_r_b`,`l_r_b`) VALUES
  (730000034,0,4,0,0,70,56,21,39,13,35,39,47,0,1,0.33000001311302185,0,0,0.33000001311302185,0,0,0.33000001311302185,0,0,0.33000001311302185,0,0),
  (730000034,1,4,0,0,80,64,24,44,14,40,44,54,0,2,0.4399999976158142,0.17000000178813934,0,0.4399999976158142,0.17000000178813934,0,0.4399999976158142,0.17000000178813934,0,0.4399999976158142,0.17000000178813934,0),
  (730000034,2,4,0,0,80,64,24,44,14,40,44,54,0,3,0,0.17000000178813934,0,0,0.17000000178813934,0,0,0.17000000178813934,0,0,0.17000000178813934,0),
  (730000034,3,4,0,0,70,56,21,39,13,35,39,47,0,1,0.23000000417232513,0.029999999329447746,0,0.23000000417232513,0.029999999329447746,0,0.23000000417232513,0.029999999329447746,0,0.23000000417232513,0.029999999329447746,0),
  (730000034,4,4,0,0,80,64,24,44,14,40,44,54,0,2,0,0.30000001192092896,0,0,0.30000001192092896,0,0,0.30000001192092896,0,0,0.30000001192092896,0),
  (730000034,5,4,2,0.75,80,64,24,44,14,40,44,54,0,2,0,0.20000000298023224,0,0,0.20000000298023224,0,0,0.20000000298023224,0,0,0.20000000298023224,0),
  (730000034,6,4,0,0,90,72,27,50,16,45,50,60,0,3,0,0.12999999523162842,0.18000000715255737,0,0.12999999523162842,0.18000000715255737,0,0.12999999523162842,0.18000000715255737,0,0.12999999523162842,0.18000000715255737),
  (730000034,7,4,0,0,90,72,27,50,16,45,50,60,0,3,0,0,0.6000000238418579,0,0,0.6000000238418579,0,0,0.6000000238418579,0,0,0.6000000238418579),
  (730000034,8,4,3,0.75,90,72,27,50,16,45,50,60,0,3,0,0,0.2199999988079071,0,0,0.2199999988079071,0,0,0.2199999988079071,0,0,0.2199999988079071);
INSERT INTO `weenie_properties_spell_book` (`object_Id`,`spell`,`probability`) VALUES
  (730000034,59,2.0290000438690186),
  (730000034,65,2.0290000438690186),
  (730000034,70,2.0290000438690186),
  (730000034,76,2.0290000438690186),
  (730000034,81,2.0290000438690186),
  (730000034,87,2.0290000438690186),
  (730000034,93,2.0290000438690186),
  (730000034,172,2.009000062942505),
  (730000034,1238,2.0199999809265137),
  (730000034,1250,2.0199999809265137),
  (730000034,1261,2.0199999809265137),
  (730000034,1339,2.009000062942505),
  (730000034,1368,2.009000062942505),
  (730000034,1392,2.009000062942505),
  (730000034,1416,2.009000062942505),
  (730000034,1440,2.009000062942505),
  (730000034,1464,2.009000062942505);
INSERT INTO `weenie_properties_create_list` (`object_Id`,`destination_Type`,`weenie_Class_Id`,`stack_Size`,`palette`,`shade`,`try_To_Bond`) VALUES
  (730000034,2,90000031,0,0,-1,0),
  (730000034,2,36353,0,0,-1,0);

INSERT INTO `weenie` (`class_Id`,`class_Name`,`type`,`last_Modified`) VALUES (730000035,'t11_tou_old_gregg',10,NOW());
INSERT INTO `weenie_properties_string` (`object_Id`,`type`,`value`) VALUES
  (730000035,1,'Old Gregg');
INSERT INTO `weenie_properties_int` (`object_Id`,`type`,`value`) VALUES
  (730000035,1,16),
  (730000035,2,14),
  (730000035,3,8),
  (730000035,6,-1),
  (730000035,7,-1),
  (730000035,16,1),
  (730000035,25,715),
  (730000035,27,0),
  (730000035,40,1),
  (730000035,68,5),
  (730000035,72,55),
  (730000035,93,1032),
  (730000035,133,4),
  (730000035,146,90000000),
  (730000035,307,300),
  (730000035,332,70000);
INSERT INTO `weenie_properties_float` (`object_Id`,`type`,`value`) VALUES
  (730000035,1,5),
  (730000035,2,0),
  (730000035,3,25),
  (730000035,4,25),
  (730000035,5,2),
  (730000035,12,0.5),
  (730000035,13,1),
  (730000035,14,1.2),
  (730000035,15,1),
  (730000035,16,0.9),
  (730000035,17,1),
  (730000035,18,1),
  (730000035,19,0.9),
  (730000035,31,16),
  (730000035,34,1),
  (730000035,36,1),
  (730000035,39,1.5),
  (730000035,64,0.8),
  (730000035,65,0.6),
  (730000035,66,1),
  (730000035,67,0.6),
  (730000035,68,0.9),
  (730000035,69,0.6),
  (730000035,70,0.9),
  (730000035,71,1),
  (730000035,72,1),
  (730000035,73,1),
  (730000035,74,1),
  (730000035,75,1),
  (730000035,104,10),
  (730000035,125,1);
INSERT INTO `weenie_properties_bool` (`object_Id`,`type`,`value`) VALUES
  (730000035,1,1),
  (730000035,6,1),
  (730000035,11,0),
  (730000035,12,1),
  (730000035,13,0),
  (730000035,19,1),
  (730000035,50,1),
  (730000035,65,1);
INSERT INTO `weenie_properties_d_i_d` (`object_Id`,`type`,`value`) VALUES
  (730000035,1,33554433),
  (730000035,2,150994967),
  (730000035,3,536870934),
  (730000035,4,805306368),
  (730000035,6,67110722),
  (730000035,7,268436626),
  (730000035,8,100667942),
  (730000035,22,872415272),
  (730000035,35,32);
INSERT INTO `weenie_properties_attribute` (`object_Id`,`type`,`init_Level`,`level_From_C_P`,`c_P_Spent`) VALUES
  (730000035,1,50,0,0),
  (730000035,2,60,0,0),
  (730000035,3,30,0,0),
  (730000035,4,80,0,0),
  (730000035,5,125,0,0),
  (730000035,6,115,0,0);
INSERT INTO `weenie_properties_attribute_2nd` (`object_Id`,`type`,`init_Level`,`level_From_C_P`,`c_P_Spent`,`current_Level`) VALUES
  (730000035,1,60,0,0,90),
  (730000035,3,70,0,0,130),
  (730000035,5,40,0,0,155);
INSERT INTO `weenie_properties_skill` (`object_Id`,`type`,`level_From_P_P`,`s_a_c`,`p_p`,`init_Level`,`resistance_At_Last_Check`,`last_Used_Time`) VALUES
  (730000035,6,0,3,0,86,0,0),
  (730000035,7,0,3,0,126,0,0),
  (730000035,14,0,3,0,50,0,0),
  (730000035,15,0,3,0,76,0,0),
  (730000035,20,0,3,0,50,0,0),
  (730000035,31,0,3,0,24,0,0),
  (730000035,33,0,3,0,24,0,0),
  (730000035,34,0,3,0,24,0,0),
  (730000035,44,0,3,0,90,0,0),
  (730000035,45,0,3,0,90,0,0),
  (730000035,46,0,3,0,90,0,0),
  (730000035,47,0,3,0,100,0,0),
  (730000035,48,0,3,0,90,0,0);
INSERT INTO `weenie_properties_body_part` (`object_Id`,`key`,`d_Type`,`d_Val`,`d_Var`,`base_Armor`,`armor_Vs_Slash`,`armor_Vs_Pierce`,`armor_Vs_Bludgeon`,`armor_Vs_Cold`,`armor_Vs_Fire`,`armor_Vs_Acid`,`armor_Vs_Electric`,`armor_Vs_Nether`,`b_h`,`h_l_f`,`m_l_f`,`l_l_f`,`h_r_f`,`m_r_f`,`l_r_f`,`h_l_b`,`m_l_b`,`l_l_b`,`h_r_b`,`m_r_b`,`l_r_b`) VALUES
  (730000035,0,4,0,0,70,56,21,39,13,35,39,47,0,1,0.33000001311302185,0,0,0.33000001311302185,0,0,0.33000001311302185,0,0,0.33000001311302185,0,0),
  (730000035,1,4,0,0,80,64,24,44,14,40,44,54,0,2,0.4399999976158142,0.17000000178813934,0,0.4399999976158142,0.17000000178813934,0,0.4399999976158142,0.17000000178813934,0,0.4399999976158142,0.17000000178813934,0),
  (730000035,2,4,0,0,80,64,24,44,14,40,44,54,0,3,0,0.17000000178813934,0,0,0.17000000178813934,0,0,0.17000000178813934,0,0,0.17000000178813934,0),
  (730000035,3,4,0,0,70,56,21,39,13,35,39,47,0,1,0.23000000417232513,0.029999999329447746,0,0.23000000417232513,0.029999999329447746,0,0.23000000417232513,0.029999999329447746,0,0.23000000417232513,0.029999999329447746,0),
  (730000035,4,4,0,0,80,64,24,44,14,40,44,54,0,2,0,0.30000001192092896,0,0,0.30000001192092896,0,0,0.30000001192092896,0,0,0.30000001192092896,0),
  (730000035,5,4,2,0.75,80,64,24,44,14,40,44,54,0,2,0,0.20000000298023224,0,0,0.20000000298023224,0,0,0.20000000298023224,0,0,0.20000000298023224,0),
  (730000035,6,4,0,0,90,72,27,50,16,45,50,60,0,3,0,0.12999999523162842,0.18000000715255737,0,0.12999999523162842,0.18000000715255737,0,0.12999999523162842,0.18000000715255737,0,0.12999999523162842,0.18000000715255737),
  (730000035,7,4,0,0,90,72,27,50,16,45,50,60,0,3,0,0,0.6000000238418579,0,0,0.6000000238418579,0,0,0.6000000238418579,0,0,0.6000000238418579),
  (730000035,8,4,3,0.75,90,72,27,50,16,45,50,60,0,3,0,0,0.2199999988079071,0,0,0.2199999988079071,0,0,0.2199999988079071,0,0,0.2199999988079071);
INSERT INTO `weenie_properties_spell_book` (`object_Id`,`spell`,`probability`) VALUES
  (730000035,59,2.0290000438690186),
  (730000035,65,2.0290000438690186),
  (730000035,70,2.0290000438690186),
  (730000035,76,2.0290000438690186),
  (730000035,81,2.0290000438690186),
  (730000035,87,2.0290000438690186),
  (730000035,93,2.0290000438690186),
  (730000035,172,2.009000062942505),
  (730000035,1238,2.0199999809265137),
  (730000035,1250,2.0199999809265137),
  (730000035,1261,2.0199999809265137),
  (730000035,1339,2.009000062942505),
  (730000035,1368,2.009000062942505),
  (730000035,1392,2.009000062942505),
  (730000035,1416,2.009000062942505),
  (730000035,1440,2.009000062942505),
  (730000035,1464,2.009000062942505);
INSERT INTO `weenie_properties_create_list` (`object_Id`,`destination_Type`,`weenie_Class_Id`,`stack_Size`,`palette`,`shade`,`try_To_Bond`) VALUES
  (730000035,2,90000029,0,0,-1,0),
  (730000035,2,90000030,0,0,-1,0),
  (730000035,2,90000031,0,0,-1,0),
  (730000035,2,90000052,0,0,-1,0),
  (730000035,9,90000021,0,0,1,0),
  (730000035,9,90000021,0,0,1,0),
  (730000035,9,90000021,0,0,1,0),
  (730000035,9,90000021,0,0,1,0),
  (730000035,9,90000021,0,0,1,0),
  (730000035,9,90000021,0,0,1,0),
  (730000035,9,90000021,0,0,1,0),
  (730000035,9,90000021,0,0,1,0),
  (730000035,9,90000021,0,0,1,0),
  (730000035,9,90000021,0,0,1,0),
  (730000035,9,90000021,0,0,1,0),
  (730000035,9,90000021,0,0,1,0);

INSERT INTO `weenie` (`class_Id`,`class_Name`,`type`,`last_Modified`) VALUES (730000036,'t11_tou_chief_engineer_sanjo',10,NOW());
INSERT INTO `weenie_properties_string` (`object_Id`,`type`,`value`) VALUES
  (730000036,1,'Chief Engineer Sanjo');
INSERT INTO `weenie_properties_int` (`object_Id`,`type`,`value`) VALUES
  (730000036,1,16),
  (730000036,2,14),
  (730000036,3,8),
  (730000036,6,-1),
  (730000036,7,-1),
  (730000036,16,1),
  (730000036,25,715),
  (730000036,27,0),
  (730000036,40,1),
  (730000036,68,5),
  (730000036,72,55),
  (730000036,93,1032),
  (730000036,133,4),
  (730000036,146,90000000),
  (730000036,307,300),
  (730000036,332,70000);
INSERT INTO `weenie_properties_float` (`object_Id`,`type`,`value`) VALUES
  (730000036,1,5),
  (730000036,2,0),
  (730000036,3,0.8),
  (730000036,4,0.5),
  (730000036,5,2),
  (730000036,12,0.5),
  (730000036,13,1.05),
  (730000036,14,1.3),
  (730000036,15,1),
  (730000036,16,1.3),
  (730000036,17,1),
  (730000036,18,1.05),
  (730000036,19,1.2),
  (730000036,31,18),
  (730000036,34,1),
  (730000036,36,1),
  (730000036,39,1.3),
  (730000036,64,0.6),
  (730000036,65,0.55),
  (730000036,66,0.85),
  (730000036,67,0.9),
  (730000036,68,0.75),
  (730000036,69,0.85),
  (730000036,70,0.8),
  (730000036,71,1),
  (730000036,72,1),
  (730000036,73,1),
  (730000036,74,1),
  (730000036,75,1),
  (730000036,80,3),
  (730000036,104,10),
  (730000036,125,1),
  (730000036,166,0.01);
INSERT INTO `weenie_properties_bool` (`object_Id`,`type`,`value`) VALUES
  (730000036,1,1),
  (730000036,6,1),
  (730000036,11,0),
  (730000036,12,1),
  (730000036,13,0),
  (730000036,19,1),
  (730000036,50,1),
  (730000036,65,1);
INSERT INTO `weenie_properties_d_i_d` (`object_Id`,`type`,`value`) VALUES
  (730000036,1,33554839),
  (730000036,2,150994945),
  (730000036,3,536870914),
  (730000036,4,805306368),
  (730000036,6,67108990),
  (730000036,7,268436018),
  (730000036,8,100667942),
  (730000036,22,872415272),
  (730000036,35,32);
INSERT INTO `weenie_properties_attribute` (`object_Id`,`type`,`init_Level`,`level_From_C_P`,`c_P_Spent`) VALUES
  (730000036,1,50,0,0),
  (730000036,2,60,0,0),
  (730000036,3,30,0,0),
  (730000036,4,80,0,0),
  (730000036,5,125,0,0),
  (730000036,6,115,0,0);
INSERT INTO `weenie_properties_attribute_2nd` (`object_Id`,`type`,`init_Level`,`level_From_C_P`,`c_P_Spent`,`current_Level`) VALUES
  (730000036,1,60,0,0,90),
  (730000036,3,70,0,0,130),
  (730000036,5,40,0,0,155);
INSERT INTO `weenie_properties_skill` (`object_Id`,`type`,`level_From_P_P`,`s_a_c`,`p_p`,`init_Level`,`resistance_At_Last_Check`,`last_Used_Time`) VALUES
  (730000036,6,0,3,0,86,0,0),
  (730000036,7,0,3,0,126,0,0),
  (730000036,14,0,3,0,50,0,0),
  (730000036,15,0,3,0,76,0,0),
  (730000036,20,0,3,0,50,0,0),
  (730000036,31,0,3,0,24,0,0),
  (730000036,33,0,3,0,24,0,0),
  (730000036,34,0,3,0,24,0,0),
  (730000036,44,0,3,0,90,0,0),
  (730000036,45,0,3,0,90,0,0),
  (730000036,46,0,3,0,90,0,0),
  (730000036,47,0,3,0,100,0,0),
  (730000036,48,0,3,0,90,0,0);
INSERT INTO `weenie_properties_body_part` (`object_Id`,`key`,`d_Type`,`d_Val`,`d_Var`,`base_Armor`,`armor_Vs_Slash`,`armor_Vs_Pierce`,`armor_Vs_Bludgeon`,`armor_Vs_Cold`,`armor_Vs_Fire`,`armor_Vs_Acid`,`armor_Vs_Electric`,`armor_Vs_Nether`,`b_h`,`h_l_f`,`m_l_f`,`l_l_f`,`h_r_f`,`m_r_f`,`l_r_f`,`h_l_b`,`m_l_b`,`l_l_b`,`h_r_b`,`m_r_b`,`l_r_b`) VALUES
  (730000036,0,4,0,0,70,56,21,39,13,35,39,47,0,1,0.33000001311302185,0,0,0.33000001311302185,0,0,0.33000001311302185,0,0,0.33000001311302185,0,0),
  (730000036,1,4,0,0,80,64,24,44,14,40,44,54,0,2,0.4399999976158142,0.17000000178813934,0,0.4399999976158142,0.17000000178813934,0,0.4399999976158142,0.17000000178813934,0,0.4399999976158142,0.17000000178813934,0),
  (730000036,2,4,0,0,80,64,24,44,14,40,44,54,0,3,0,0.17000000178813934,0,0,0.17000000178813934,0,0,0.17000000178813934,0,0,0.17000000178813934,0),
  (730000036,3,4,0,0,70,56,21,39,13,35,39,47,0,1,0.23000000417232513,0.029999999329447746,0,0.23000000417232513,0.029999999329447746,0,0.23000000417232513,0.029999999329447746,0,0.23000000417232513,0.029999999329447746,0),
  (730000036,4,4,0,0,80,64,24,44,14,40,44,54,0,2,0,0.30000001192092896,0,0,0.30000001192092896,0,0,0.30000001192092896,0,0,0.30000001192092896,0),
  (730000036,5,4,2,0.75,80,64,24,44,14,40,44,54,0,2,0,0.20000000298023224,0,0,0.20000000298023224,0,0,0.20000000298023224,0,0,0.20000000298023224,0),
  (730000036,6,4,0,0,90,72,27,50,16,45,50,60,0,3,0,0.12999999523162842,0.18000000715255737,0,0.12999999523162842,0.18000000715255737,0,0.12999999523162842,0.18000000715255737,0,0.12999999523162842,0.18000000715255737),
  (730000036,7,4,0,0,90,72,27,50,16,45,50,60,0,3,0,0,0.6000000238418579,0,0,0.6000000238418579,0,0,0.6000000238418579,0,0,0.6000000238418579),
  (730000036,8,4,3,0.75,90,72,27,50,16,45,50,60,0,3,0,0,0.2199999988079071,0,0,0.2199999988079071,0,0,0.2199999988079071,0,0,0.2199999988079071);
INSERT INTO `weenie_properties_spell_book` (`object_Id`,`spell`,`probability`) VALUES
  (730000036,59,2.0290000438690186),
  (730000036,65,2.0290000438690186),
  (730000036,70,2.0290000438690186),
  (730000036,76,2.0290000438690186),
  (730000036,81,2.0290000438690186),
  (730000036,87,2.0290000438690186),
  (730000036,93,2.0290000438690186),
  (730000036,172,2.009000062942505),
  (730000036,1238,2.0199999809265137),
  (730000036,1250,2.0199999809265137),
  (730000036,1261,2.0199999809265137),
  (730000036,1339,2.009000062942505),
  (730000036,1368,2.009000062942505),
  (730000036,1392,2.009000062942505),
  (730000036,1416,2.009000062942505),
  (730000036,1440,2.009000062942505),
  (730000036,1464,2.009000062942505);
INSERT INTO `weenie_properties_create_list` (`object_Id`,`destination_Type`,`weenie_Class_Id`,`stack_Size`,`palette`,`shade`,`try_To_Bond`) VALUES
  (730000036,2,36356,0,0,-1,0),
  (730000036,2,28868,0,0,-1,0),
  (730000036,2,22021,0,0,-1,0),
  (730000036,2,90000053,0,0,-1,0),
  (730000036,9,90000054,0,0,1,0),
  (730000036,9,90000054,0,0,1,0),
  (730000036,9,90000054,0,0,1,0),
  (730000036,9,90000054,0,0,1,0),
  (730000036,9,90000054,0,0,1,0),
  (730000036,9,90000054,0,0,1,0),
  (730000036,9,90000054,0,0,1,0),
  (730000036,9,90000054,0,0,1,0),
  (730000036,9,90000054,0,0,1,0),
  (730000036,9,90000054,0,0,1,0),
  (730000036,9,90000054,0,0,1,0),
  (730000036,9,90000054,0,0,1,0);

INSERT INTO `weenie` (`class_Id`,`class_Name`,`type`,`last_Modified`) VALUES (730000037,'t11_tou_foreman_skippy',10,NOW());
INSERT INTO `weenie_properties_string` (`object_Id`,`type`,`value`) VALUES
  (730000037,1,'Foreman Skippy');
INSERT INTO `weenie_properties_int` (`object_Id`,`type`,`value`) VALUES
  (730000037,1,16),
  (730000037,2,14),
  (730000037,3,39),
  (730000037,6,-1),
  (730000037,7,-1),
  (730000037,16,1),
  (730000037,25,610),
  (730000037,27,0),
  (730000037,40,2),
  (730000037,68,5),
  (730000037,72,30),
  (730000037,93,1032),
  (730000037,133,4),
  (730000037,146,90000000),
  (730000037,307,250),
  (730000037,332,1100);
INSERT INTO `weenie_properties_float` (`object_Id`,`type`,`value`) VALUES
  (730000037,1,5),
  (730000037,2,0),
  (730000037,3,25),
  (730000037,4,25),
  (730000037,5,2),
  (730000037,12,0.5),
  (730000037,13,1),
  (730000037,14,1.2),
  (730000037,15,1),
  (730000037,16,0.9),
  (730000037,17,1),
  (730000037,18,1),
  (730000037,19,0.9),
  (730000037,31,16),
  (730000037,34,1),
  (730000037,36,1),
  (730000037,39,1.25),
  (730000037,64,0.8),
  (730000037,65,0.6),
  (730000037,66,1),
  (730000037,67,0.6),
  (730000037,68,0.9),
  (730000037,69,0.6),
  (730000037,70,0.9),
  (730000037,71,1),
  (730000037,72,1),
  (730000037,73,1),
  (730000037,74,1),
  (730000037,75,1),
  (730000037,104,10),
  (730000037,125,1);
INSERT INTO `weenie_properties_bool` (`object_Id`,`type`,`value`) VALUES
  (730000037,1,1),
  (730000037,11,0),
  (730000037,12,1),
  (730000037,13,0),
  (730000037,50,1),
  (730000037,65,1);
INSERT INTO `weenie_properties_d_i_d` (`object_Id`,`type`,`value`) VALUES
  (730000037,1,33555464),
  (730000037,2,150994981),
  (730000037,3,536870942),
  (730000037,4,805306368),
  (730000037,6,67110722),
  (730000037,7,268436626),
  (730000037,8,100667942),
  (730000037,22,872415272),
  (730000037,35,32);
INSERT INTO `weenie_properties_attribute` (`object_Id`,`type`,`init_Level`,`level_From_C_P`,`c_P_Spent`) VALUES
  (730000037,1,50,0,0),
  (730000037,2,60,0,0),
  (730000037,3,30,0,0),
  (730000037,4,80,0,0),
  (730000037,5,125,0,0),
  (730000037,6,115,0,0);
INSERT INTO `weenie_properties_attribute_2nd` (`object_Id`,`type`,`init_Level`,`level_From_C_P`,`c_P_Spent`,`current_Level`) VALUES
  (730000037,1,60,0,0,90),
  (730000037,3,70,0,0,130),
  (730000037,5,40,0,0,155);
INSERT INTO `weenie_properties_skill` (`object_Id`,`type`,`level_From_P_P`,`s_a_c`,`p_p`,`init_Level`,`resistance_At_Last_Check`,`last_Used_Time`) VALUES
  (730000037,6,0,3,0,86,0,0),
  (730000037,7,0,3,0,126,0,0),
  (730000037,14,0,3,0,50,0,0),
  (730000037,15,0,3,0,76,0,0),
  (730000037,20,0,3,0,50,0,0),
  (730000037,31,0,3,0,24,0,0),
  (730000037,33,0,3,0,24,0,0),
  (730000037,34,0,3,0,24,0,0),
  (730000037,44,0,3,0,90,0,0),
  (730000037,45,0,3,0,90,0,0),
  (730000037,46,0,3,0,90,0,0),
  (730000037,47,0,3,0,100,0,0),
  (730000037,48,0,3,0,90,0,0);
INSERT INTO `weenie_properties_body_part` (`object_Id`,`key`,`d_Type`,`d_Val`,`d_Var`,`base_Armor`,`armor_Vs_Slash`,`armor_Vs_Pierce`,`armor_Vs_Bludgeon`,`armor_Vs_Cold`,`armor_Vs_Fire`,`armor_Vs_Acid`,`armor_Vs_Electric`,`armor_Vs_Nether`,`b_h`,`h_l_f`,`m_l_f`,`l_l_f`,`h_r_f`,`m_r_f`,`l_r_f`,`h_l_b`,`m_l_b`,`l_l_b`,`h_r_b`,`m_r_b`,`l_r_b`) VALUES
  (730000037,0,4,0,0,70,56,21,39,13,35,39,47,0,1,0.33000001311302185,0,0,0.33000001311302185,0,0,0.33000001311302185,0,0,0.33000001311302185,0,0),
  (730000037,1,4,0,0,80,64,24,44,14,40,44,54,0,2,0.4399999976158142,0.17000000178813934,0,0.4399999976158142,0.17000000178813934,0,0.4399999976158142,0.17000000178813934,0,0.4399999976158142,0.17000000178813934,0),
  (730000037,2,4,0,0,80,64,24,44,14,40,44,54,0,3,0,0.17000000178813934,0,0,0.17000000178813934,0,0,0.17000000178813934,0,0,0.17000000178813934,0),
  (730000037,3,4,0,0,70,56,21,39,13,35,39,47,0,1,0.23000000417232513,0.029999999329447746,0,0.23000000417232513,0.029999999329447746,0,0.23000000417232513,0.029999999329447746,0,0.23000000417232513,0.029999999329447746,0),
  (730000037,4,4,0,0,80,64,24,44,14,40,44,54,0,2,0,0.30000001192092896,0,0,0.30000001192092896,0,0,0.30000001192092896,0,0,0.30000001192092896,0),
  (730000037,5,4,2,0.75,80,64,24,44,14,40,44,54,0,2,0,0.20000000298023224,0,0,0.20000000298023224,0,0,0.20000000298023224,0,0,0.20000000298023224,0),
  (730000037,6,4,0,0,90,72,27,50,16,45,50,60,0,3,0,0.12999999523162842,0.18000000715255737,0,0.12999999523162842,0.18000000715255737,0,0.12999999523162842,0.18000000715255737,0,0.12999999523162842,0.18000000715255737),
  (730000037,7,4,0,0,90,72,27,50,16,45,50,60,0,3,0,0,0.6000000238418579,0,0,0.6000000238418579,0,0,0.6000000238418579,0,0,0.6000000238418579),
  (730000037,8,4,3,0.75,90,72,27,50,16,45,50,60,0,3,0,0,0.2199999988079071,0,0,0.2199999988079071,0,0,0.2199999988079071,0,0,0.2199999988079071);
INSERT INTO `weenie_properties_spell_book` (`object_Id`,`spell`,`probability`) VALUES
  (730000037,59,2.0290000438690186),
  (730000037,65,2.0290000438690186),
  (730000037,70,2.0290000438690186),
  (730000037,76,2.0290000438690186),
  (730000037,81,2.0290000438690186),
  (730000037,87,2.0290000438690186),
  (730000037,93,2.0290000438690186),
  (730000037,172,2.009000062942505),
  (730000037,1238,2.0199999809265137),
  (730000037,1250,2.0199999809265137),
  (730000037,1261,2.0199999809265137),
  (730000037,1339,2.009000062942505),
  (730000037,1368,2.009000062942505),
  (730000037,1392,2.009000062942505),
  (730000037,1416,2.009000062942505),
  (730000037,1440,2.009000062942505),
  (730000037,1464,2.009000062942505);
INSERT INTO `weenie_properties_create_list` (`object_Id`,`destination_Type`,`weenie_Class_Id`,`stack_Size`,`palette`,`shade`,`try_To_Bond`) VALUES
  (730000037,2,90000042,0,0,-1,0),
  (730000037,2,90000065,0,0,-1,0),
  (730000037,9,90000073,1,0,1,0),
  (730000037,9,90000073,1,0,1,0),
  (730000037,9,90000073,1,0,1,0),
  (730000037,9,90000073,1,0,1,0),
  (730000037,9,90000073,1,0,1,0),
  (730000037,9,90000073,1,0,1,0),
  (730000037,9,90000073,1,0,1,0),
  (730000037,9,90000073,1,0,1,0),
  (730000037,9,90000073,1,0,1,0),
  (730000037,9,90000073,1,0,1,0),
  (730000037,9,90000073,1,0,1,0),
  (730000037,9,90000073,1,0,1,0);

INSERT INTO `weenie` (`class_Id`,`class_Name`,`type`,`last_Modified`) VALUES (730000038,'t11_tou_bloodstone_miner_a',10,NOW());
INSERT INTO `weenie_properties_string` (`object_Id`,`type`,`value`) VALUES
  (730000038,1,'Bloodstone Miner');
INSERT INTO `weenie_properties_int` (`object_Id`,`type`,`value`) VALUES
  (730000038,1,16),
  (730000038,2,14),
  (730000038,3,39),
  (730000038,6,-1),
  (730000038,7,-1),
  (730000038,16,1),
  (730000038,25,610),
  (730000038,27,0),
  (730000038,40,2),
  (730000038,68,5),
  (730000038,72,30),
  (730000038,81,1),
  (730000038,82,0),
  (730000038,93,1032),
  (730000038,133,4),
  (730000038,146,90000000),
  (730000038,307,250),
  (730000038,332,70);
INSERT INTO `weenie_properties_float` (`object_Id`,`type`,`value`) VALUES
  (730000038,1,5),
  (730000038,2,0),
  (730000038,3,25),
  (730000038,4,25),
  (730000038,5,2),
  (730000038,12,0.5),
  (730000038,13,1),
  (730000038,14,1.2),
  (730000038,15,1),
  (730000038,16,0.9),
  (730000038,17,1),
  (730000038,18,1),
  (730000038,19,0.9),
  (730000038,31,16),
  (730000038,34,1),
  (730000038,36,1),
  (730000038,39,1),
  (730000038,43,5),
  (730000038,64,0.8),
  (730000038,65,0.6),
  (730000038,66,1),
  (730000038,67,0.6),
  (730000038,68,0.9),
  (730000038,69,0.6),
  (730000038,70,0.9),
  (730000038,71,1),
  (730000038,72,1),
  (730000038,73,1),
  (730000038,74,1),
  (730000038,75,1),
  (730000038,104,20),
  (730000038,125,1);
INSERT INTO `weenie_properties_bool` (`object_Id`,`type`,`value`) VALUES
  (730000038,1,1),
  (730000038,11,0),
  (730000038,12,1),
  (730000038,13,0),
  (730000038,50,1),
  (730000038,65,1);
INSERT INTO `weenie_properties_d_i_d` (`object_Id`,`type`,`value`) VALUES
  (730000038,1,33554433),
  (730000038,2,150994967),
  (730000038,3,536870934),
  (730000038,4,805306368),
  (730000038,6,67110722),
  (730000038,7,268436626),
  (730000038,8,100667942),
  (730000038,22,872415272),
  (730000038,35,32);
INSERT INTO `weenie_properties_attribute` (`object_Id`,`type`,`init_Level`,`level_From_C_P`,`c_P_Spent`) VALUES
  (730000038,1,50,0,0),
  (730000038,2,60,0,0),
  (730000038,3,30,0,0),
  (730000038,4,80,0,0),
  (730000038,5,125,0,0),
  (730000038,6,115,0,0);
INSERT INTO `weenie_properties_attribute_2nd` (`object_Id`,`type`,`init_Level`,`level_From_C_P`,`c_P_Spent`,`current_Level`) VALUES
  (730000038,1,60,0,0,90),
  (730000038,3,70,0,0,130),
  (730000038,5,40,0,0,155);
INSERT INTO `weenie_properties_skill` (`object_Id`,`type`,`level_From_P_P`,`s_a_c`,`p_p`,`init_Level`,`resistance_At_Last_Check`,`last_Used_Time`) VALUES
  (730000038,6,0,3,0,86,0,0),
  (730000038,7,0,3,0,126,0,0),
  (730000038,14,0,3,0,50,0,0),
  (730000038,15,0,3,0,76,0,0),
  (730000038,20,0,3,0,50,0,0),
  (730000038,31,0,3,0,24,0,0),
  (730000038,33,0,3,0,24,0,0),
  (730000038,34,0,3,0,24,0,0),
  (730000038,44,0,3,0,90,0,0),
  (730000038,45,0,3,0,90,0,0),
  (730000038,46,0,3,0,90,0,0),
  (730000038,47,0,3,0,100,0,0),
  (730000038,48,0,3,0,90,0,0);
INSERT INTO `weenie_properties_body_part` (`object_Id`,`key`,`d_Type`,`d_Val`,`d_Var`,`base_Armor`,`armor_Vs_Slash`,`armor_Vs_Pierce`,`armor_Vs_Bludgeon`,`armor_Vs_Cold`,`armor_Vs_Fire`,`armor_Vs_Acid`,`armor_Vs_Electric`,`armor_Vs_Nether`,`b_h`,`h_l_f`,`m_l_f`,`l_l_f`,`h_r_f`,`m_r_f`,`l_r_f`,`h_l_b`,`m_l_b`,`l_l_b`,`h_r_b`,`m_r_b`,`l_r_b`) VALUES
  (730000038,0,4,0,0,70,56,21,39,13,35,39,47,0,1,0.33000001311302185,0,0,0.33000001311302185,0,0,0.33000001311302185,0,0,0.33000001311302185,0,0),
  (730000038,1,4,0,0,80,64,24,44,14,40,44,54,0,2,0.4399999976158142,0.17000000178813934,0,0.4399999976158142,0.17000000178813934,0,0.4399999976158142,0.17000000178813934,0,0.4399999976158142,0.17000000178813934,0),
  (730000038,2,4,0,0,80,64,24,44,14,40,44,54,0,3,0,0.17000000178813934,0,0,0.17000000178813934,0,0,0.17000000178813934,0,0,0.17000000178813934,0),
  (730000038,3,4,0,0,70,56,21,39,13,35,39,47,0,1,0.23000000417232513,0.029999999329447746,0,0.23000000417232513,0.029999999329447746,0,0.23000000417232513,0.029999999329447746,0,0.23000000417232513,0.029999999329447746,0),
  (730000038,4,4,0,0,80,64,24,44,14,40,44,54,0,2,0,0.30000001192092896,0,0,0.30000001192092896,0,0,0.30000001192092896,0,0,0.30000001192092896,0),
  (730000038,5,4,2,0.75,80,64,24,44,14,40,44,54,0,2,0,0.20000000298023224,0,0,0.20000000298023224,0,0,0.20000000298023224,0,0,0.20000000298023224,0),
  (730000038,6,4,0,0,90,72,27,50,16,45,50,60,0,3,0,0.12999999523162842,0.18000000715255737,0,0.12999999523162842,0.18000000715255737,0,0.12999999523162842,0.18000000715255737,0,0.12999999523162842,0.18000000715255737),
  (730000038,7,4,0,0,90,72,27,50,16,45,50,60,0,3,0,0,0.6000000238418579,0,0,0.6000000238418579,0,0,0.6000000238418579,0,0,0.6000000238418579),
  (730000038,8,4,3,0.75,90,72,27,50,16,45,50,60,0,3,0,0,0.2199999988079071,0,0,0.2199999988079071,0,0,0.2199999988079071,0,0,0.2199999988079071);
INSERT INTO `weenie_properties_spell_book` (`object_Id`,`spell`,`probability`) VALUES
  (730000038,59,2.0290000438690186),
  (730000038,65,2.0290000438690186),
  (730000038,70,2.0290000438690186),
  (730000038,76,2.0290000438690186),
  (730000038,81,2.0290000438690186),
  (730000038,87,2.0290000438690186),
  (730000038,93,2.0290000438690186),
  (730000038,172,2.009000062942505),
  (730000038,1238,2.0199999809265137),
  (730000038,1250,2.0199999809265137),
  (730000038,1261,2.0199999809265137),
  (730000038,1339,2.009000062942505),
  (730000038,1368,2.009000062942505),
  (730000038,1392,2.009000062942505),
  (730000038,1416,2.009000062942505),
  (730000038,1440,2.009000062942505),
  (730000038,1464,2.009000062942505);
INSERT INTO `weenie_properties_create_list` (`object_Id`,`destination_Type`,`weenie_Class_Id`,`stack_Size`,`palette`,`shade`,`try_To_Bond`) VALUES
  (730000038,2,90000031,0,0,-1,0),
  (730000038,2,36353,0,0,-1,0),
  (730000038,9,90000058,0,0,1,0);

INSERT INTO `weenie` (`class_Id`,`class_Name`,`type`,`last_Modified`) VALUES (730000039,'t11_tou_bloodstone_miner_b',10,NOW());
INSERT INTO `weenie_properties_string` (`object_Id`,`type`,`value`) VALUES
  (730000039,1,'Bloodstone Miner');
INSERT INTO `weenie_properties_int` (`object_Id`,`type`,`value`) VALUES
  (730000039,1,16),
  (730000039,2,30),
  (730000039,3,39),
  (730000039,6,-1),
  (730000039,7,-1),
  (730000039,16,1),
  (730000039,25,610),
  (730000039,27,0),
  (730000039,40,2),
  (730000039,68,5),
  (730000039,72,14),
  (730000039,81,1),
  (730000039,82,0),
  (730000039,93,1032),
  (730000039,133,4),
  (730000039,146,90000000),
  (730000039,307,250),
  (730000039,332,70);
INSERT INTO `weenie_properties_float` (`object_Id`,`type`,`value`) VALUES
  (730000039,1,5),
  (730000039,2,0),
  (730000039,3,25),
  (730000039,4,25),
  (730000039,5,2),
  (730000039,12,0.5),
  (730000039,13,1),
  (730000039,14,1.2),
  (730000039,15,1),
  (730000039,16,0.9),
  (730000039,17,1),
  (730000039,18,1),
  (730000039,19,0.9),
  (730000039,31,16),
  (730000039,34,1),
  (730000039,36,1),
  (730000039,39,1),
  (730000039,43,3),
  (730000039,64,0.8),
  (730000039,65,0.6),
  (730000039,66,1),
  (730000039,67,0.6),
  (730000039,68,0.9),
  (730000039,69,0.6),
  (730000039,70,0.9),
  (730000039,71,1),
  (730000039,72,1),
  (730000039,73,1),
  (730000039,74,1),
  (730000039,75,1),
  (730000039,104,10),
  (730000039,125,1);
INSERT INTO `weenie_properties_bool` (`object_Id`,`type`,`value`) VALUES
  (730000039,1,1),
  (730000039,11,0),
  (730000039,12,1),
  (730000039,13,0),
  (730000039,50,1),
  (730000039,65,1);
INSERT INTO `weenie_properties_d_i_d` (`object_Id`,`type`,`value`) VALUES
  (730000039,1,33559522),
  (730000039,2,150994967),
  (730000039,3,536870934),
  (730000039,4,805306368),
  (730000039,6,67110722),
  (730000039,7,268436626),
  (730000039,8,100667942),
  (730000039,22,872415272),
  (730000039,35,32);
INSERT INTO `weenie_properties_attribute` (`object_Id`,`type`,`init_Level`,`level_From_C_P`,`c_P_Spent`) VALUES
  (730000039,1,50,0,0),
  (730000039,2,60,0,0),
  (730000039,3,30,0,0),
  (730000039,4,80,0,0),
  (730000039,5,125,0,0),
  (730000039,6,115,0,0);
INSERT INTO `weenie_properties_attribute_2nd` (`object_Id`,`type`,`init_Level`,`level_From_C_P`,`c_P_Spent`,`current_Level`) VALUES
  (730000039,1,60,0,0,90),
  (730000039,3,70,0,0,130),
  (730000039,5,40,0,0,155);
INSERT INTO `weenie_properties_skill` (`object_Id`,`type`,`level_From_P_P`,`s_a_c`,`p_p`,`init_Level`,`resistance_At_Last_Check`,`last_Used_Time`) VALUES
  (730000039,6,0,3,0,86,0,0),
  (730000039,7,0,3,0,126,0,0),
  (730000039,14,0,3,0,50,0,0),
  (730000039,15,0,3,0,76,0,0),
  (730000039,20,0,3,0,50,0,0),
  (730000039,31,0,3,0,24,0,0),
  (730000039,33,0,3,0,24,0,0),
  (730000039,34,0,3,0,24,0,0),
  (730000039,44,0,3,0,90,0,0),
  (730000039,45,0,3,0,90,0,0),
  (730000039,46,0,3,0,90,0,0),
  (730000039,47,0,3,0,100,0,0),
  (730000039,48,0,3,0,90,0,0);
INSERT INTO `weenie_properties_body_part` (`object_Id`,`key`,`d_Type`,`d_Val`,`d_Var`,`base_Armor`,`armor_Vs_Slash`,`armor_Vs_Pierce`,`armor_Vs_Bludgeon`,`armor_Vs_Cold`,`armor_Vs_Fire`,`armor_Vs_Acid`,`armor_Vs_Electric`,`armor_Vs_Nether`,`b_h`,`h_l_f`,`m_l_f`,`l_l_f`,`h_r_f`,`m_r_f`,`l_r_f`,`h_l_b`,`m_l_b`,`l_l_b`,`h_r_b`,`m_r_b`,`l_r_b`) VALUES
  (730000039,0,4,0,0,70,56,21,39,13,35,39,47,0,1,0.33000001311302185,0,0,0.33000001311302185,0,0,0.33000001311302185,0,0,0.33000001311302185,0,0),
  (730000039,1,4,0,0,80,64,24,44,14,40,44,54,0,2,0.4399999976158142,0.17000000178813934,0,0.4399999976158142,0.17000000178813934,0,0.4399999976158142,0.17000000178813934,0,0.4399999976158142,0.17000000178813934,0),
  (730000039,2,4,0,0,80,64,24,44,14,40,44,54,0,3,0,0.17000000178813934,0,0,0.17000000178813934,0,0,0.17000000178813934,0,0,0.17000000178813934,0),
  (730000039,3,4,0,0,70,56,21,39,13,35,39,47,0,1,0.23000000417232513,0.029999999329447746,0,0.23000000417232513,0.029999999329447746,0,0.23000000417232513,0.029999999329447746,0,0.23000000417232513,0.029999999329447746,0),
  (730000039,4,4,0,0,80,64,24,44,14,40,44,54,0,2,0,0.30000001192092896,0,0,0.30000001192092896,0,0,0.30000001192092896,0,0,0.30000001192092896,0),
  (730000039,5,4,2,0.75,80,64,24,44,14,40,44,54,0,2,0,0.20000000298023224,0,0,0.20000000298023224,0,0,0.20000000298023224,0,0,0.20000000298023224,0),
  (730000039,6,4,0,0,90,72,27,50,16,45,50,60,0,3,0,0.12999999523162842,0.18000000715255737,0,0.12999999523162842,0.18000000715255737,0,0.12999999523162842,0.18000000715255737,0,0.12999999523162842,0.18000000715255737),
  (730000039,7,4,0,0,90,72,27,50,16,45,50,60,0,3,0,0,0.6000000238418579,0,0,0.6000000238418579,0,0,0.6000000238418579,0,0,0.6000000238418579),
  (730000039,8,4,3,0.75,90,72,27,50,16,45,50,60,0,3,0,0,0.2199999988079071,0,0,0.2199999988079071,0,0,0.2199999988079071,0,0,0.2199999988079071);
INSERT INTO `weenie_properties_spell_book` (`object_Id`,`spell`,`probability`) VALUES
  (730000039,59,2.0290000438690186),
  (730000039,65,2.0290000438690186),
  (730000039,70,2.0290000438690186),
  (730000039,76,2.0290000438690186),
  (730000039,81,2.0290000438690186),
  (730000039,87,2.0290000438690186),
  (730000039,93,2.0290000438690186),
  (730000039,172,2.009000062942505),
  (730000039,1238,2.0199999809265137),
  (730000039,1250,2.0199999809265137),
  (730000039,1261,2.0199999809265137),
  (730000039,1339,2.009000062942505),
  (730000039,1368,2.009000062942505),
  (730000039,1392,2.009000062942505),
  (730000039,1416,2.009000062942505),
  (730000039,1440,2.009000062942505),
  (730000039,1464,2.009000062942505);
INSERT INTO `weenie_properties_create_list` (`object_Id`,`destination_Type`,`weenie_Class_Id`,`stack_Size`,`palette`,`shade`,`try_To_Bond`) VALUES
  (730000039,2,90000076,0,0,-1,0),
  (730000039,2,90000037,0,0,1,0),
  (730000039,2,90000036,0,0,1,0),
  (730000039,9,90000058,0,0,1,0);

INSERT INTO `weenie` (`class_Id`,`class_Name`,`type`,`last_Modified`) VALUES (730000040,'t11_tou_bloodstone_protector_a',10,NOW());
INSERT INTO `weenie_properties_string` (`object_Id`,`type`,`value`) VALUES
  (730000040,1,'Bloodstone Protector');
INSERT INTO `weenie_properties_int` (`object_Id`,`type`,`value`) VALUES
  (730000040,1,16),
  (730000040,2,14),
  (730000040,3,39),
  (730000040,6,-1),
  (730000040,7,-1),
  (730000040,16,1),
  (730000040,25,610),
  (730000040,27,0),
  (730000040,40,2),
  (730000040,68,5),
  (730000040,72,30),
  (730000040,81,1),
  (730000040,82,0),
  (730000040,93,1032),
  (730000040,133,4),
  (730000040,146,90000000),
  (730000040,307,250),
  (730000040,332,70);
INSERT INTO `weenie_properties_float` (`object_Id`,`type`,`value`) VALUES
  (730000040,1,5),
  (730000040,2,0),
  (730000040,3,25),
  (730000040,4,25),
  (730000040,5,2),
  (730000040,12,0.5),
  (730000040,13,1),
  (730000040,14,1.2),
  (730000040,15,1),
  (730000040,16,0.9),
  (730000040,17,1),
  (730000040,18,1),
  (730000040,19,0.9),
  (730000040,31,16),
  (730000040,34,1),
  (730000040,36,1),
  (730000040,39,1),
  (730000040,43,5),
  (730000040,64,0.8),
  (730000040,65,0.6),
  (730000040,66,1),
  (730000040,67,0.6),
  (730000040,68,0.9),
  (730000040,69,0.6),
  (730000040,70,0.9),
  (730000040,71,1),
  (730000040,72,1),
  (730000040,73,1),
  (730000040,74,1),
  (730000040,75,1),
  (730000040,104,20),
  (730000040,125,1);
INSERT INTO `weenie_properties_bool` (`object_Id`,`type`,`value`) VALUES
  (730000040,1,1),
  (730000040,11,0),
  (730000040,12,1),
  (730000040,13,0),
  (730000040,50,1),
  (730000040,65,1);
INSERT INTO `weenie_properties_d_i_d` (`object_Id`,`type`,`value`) VALUES
  (730000040,1,33554433),
  (730000040,2,150994967),
  (730000040,3,536870934),
  (730000040,4,805306368),
  (730000040,6,67110722),
  (730000040,7,268436626),
  (730000040,8,100667942),
  (730000040,22,872415272),
  (730000040,35,32);
INSERT INTO `weenie_properties_attribute` (`object_Id`,`type`,`init_Level`,`level_From_C_P`,`c_P_Spent`) VALUES
  (730000040,1,50,0,0),
  (730000040,2,60,0,0),
  (730000040,3,30,0,0),
  (730000040,4,80,0,0),
  (730000040,5,125,0,0),
  (730000040,6,115,0,0);
INSERT INTO `weenie_properties_attribute_2nd` (`object_Id`,`type`,`init_Level`,`level_From_C_P`,`c_P_Spent`,`current_Level`) VALUES
  (730000040,1,60,0,0,90),
  (730000040,3,70,0,0,130),
  (730000040,5,40,0,0,155);
INSERT INTO `weenie_properties_skill` (`object_Id`,`type`,`level_From_P_P`,`s_a_c`,`p_p`,`init_Level`,`resistance_At_Last_Check`,`last_Used_Time`) VALUES
  (730000040,6,0,3,0,86,0,0),
  (730000040,7,0,3,0,126,0,0),
  (730000040,14,0,3,0,50,0,0),
  (730000040,15,0,3,0,76,0,0),
  (730000040,20,0,3,0,50,0,0),
  (730000040,31,0,3,0,24,0,0),
  (730000040,33,0,3,0,24,0,0),
  (730000040,34,0,3,0,24,0,0),
  (730000040,44,0,3,0,90,0,0),
  (730000040,45,0,3,0,90,0,0),
  (730000040,46,0,3,0,90,0,0),
  (730000040,47,0,3,0,100,0,0),
  (730000040,48,0,3,0,90,0,0);
INSERT INTO `weenie_properties_body_part` (`object_Id`,`key`,`d_Type`,`d_Val`,`d_Var`,`base_Armor`,`armor_Vs_Slash`,`armor_Vs_Pierce`,`armor_Vs_Bludgeon`,`armor_Vs_Cold`,`armor_Vs_Fire`,`armor_Vs_Acid`,`armor_Vs_Electric`,`armor_Vs_Nether`,`b_h`,`h_l_f`,`m_l_f`,`l_l_f`,`h_r_f`,`m_r_f`,`l_r_f`,`h_l_b`,`m_l_b`,`l_l_b`,`h_r_b`,`m_r_b`,`l_r_b`) VALUES
  (730000040,0,4,0,0,70,56,21,39,13,35,39,47,0,1,0.33000001311302185,0,0,0.33000001311302185,0,0,0.33000001311302185,0,0,0.33000001311302185,0,0),
  (730000040,1,4,0,0,80,64,24,44,14,40,44,54,0,2,0.4399999976158142,0.17000000178813934,0,0.4399999976158142,0.17000000178813934,0,0.4399999976158142,0.17000000178813934,0,0.4399999976158142,0.17000000178813934,0),
  (730000040,2,4,0,0,80,64,24,44,14,40,44,54,0,3,0,0.17000000178813934,0,0,0.17000000178813934,0,0,0.17000000178813934,0,0,0.17000000178813934,0),
  (730000040,3,4,0,0,70,56,21,39,13,35,39,47,0,1,0.23000000417232513,0.029999999329447746,0,0.23000000417232513,0.029999999329447746,0,0.23000000417232513,0.029999999329447746,0,0.23000000417232513,0.029999999329447746,0),
  (730000040,4,4,0,0,80,64,24,44,14,40,44,54,0,2,0,0.30000001192092896,0,0,0.30000001192092896,0,0,0.30000001192092896,0,0,0.30000001192092896,0),
  (730000040,5,4,2,0.75,80,64,24,44,14,40,44,54,0,2,0,0.20000000298023224,0,0,0.20000000298023224,0,0,0.20000000298023224,0,0,0.20000000298023224,0),
  (730000040,6,4,0,0,90,72,27,50,16,45,50,60,0,3,0,0.12999999523162842,0.18000000715255737,0,0.12999999523162842,0.18000000715255737,0,0.12999999523162842,0.18000000715255737,0,0.12999999523162842,0.18000000715255737),
  (730000040,7,4,0,0,90,72,27,50,16,45,50,60,0,3,0,0,0.6000000238418579,0,0,0.6000000238418579,0,0,0.6000000238418579,0,0,0.6000000238418579),
  (730000040,8,4,3,0.75,90,72,27,50,16,45,50,60,0,3,0,0,0.2199999988079071,0,0,0.2199999988079071,0,0,0.2199999988079071,0,0,0.2199999988079071);
INSERT INTO `weenie_properties_spell_book` (`object_Id`,`spell`,`probability`) VALUES
  (730000040,59,2.0290000438690186),
  (730000040,65,2.0290000438690186),
  (730000040,70,2.0290000438690186),
  (730000040,76,2.0290000438690186),
  (730000040,81,2.0290000438690186),
  (730000040,87,2.0290000438690186),
  (730000040,93,2.0290000438690186),
  (730000040,172,2.009000062942505),
  (730000040,1238,2.0199999809265137),
  (730000040,1250,2.0199999809265137),
  (730000040,1261,2.0199999809265137),
  (730000040,1339,2.009000062942505),
  (730000040,1368,2.009000062942505),
  (730000040,1392,2.009000062942505),
  (730000040,1416,2.009000062942505),
  (730000040,1440,2.009000062942505),
  (730000040,1464,2.009000062942505);
INSERT INTO `weenie_properties_create_list` (`object_Id`,`destination_Type`,`weenie_Class_Id`,`stack_Size`,`palette`,`shade`,`try_To_Bond`) VALUES
  (730000040,2,90000031,0,0,-1,0),
  (730000040,2,36353,0,0,-1,0);

INSERT INTO `weenie` (`class_Id`,`class_Name`,`type`,`last_Modified`) VALUES (730000041,'t11_tou_bloodstone_protector_b',10,NOW());
INSERT INTO `weenie_properties_string` (`object_Id`,`type`,`value`) VALUES
  (730000041,1,'Bloodstone Protector');
INSERT INTO `weenie_properties_int` (`object_Id`,`type`,`value`) VALUES
  (730000041,1,16),
  (730000041,2,30),
  (730000041,3,39),
  (730000041,6,-1),
  (730000041,7,-1),
  (730000041,16,1),
  (730000041,25,610),
  (730000041,27,0),
  (730000041,40,2),
  (730000041,68,5),
  (730000041,72,14),
  (730000041,81,1),
  (730000041,82,0),
  (730000041,93,1032),
  (730000041,133,4),
  (730000041,146,90000000),
  (730000041,307,250),
  (730000041,332,70);
INSERT INTO `weenie_properties_float` (`object_Id`,`type`,`value`) VALUES
  (730000041,1,5),
  (730000041,2,0),
  (730000041,3,25),
  (730000041,4,25),
  (730000041,5,2),
  (730000041,12,0.5),
  (730000041,13,1),
  (730000041,14,1.2),
  (730000041,15,1),
  (730000041,16,0.9),
  (730000041,17,1),
  (730000041,18,1),
  (730000041,19,0.9),
  (730000041,31,16),
  (730000041,34,1),
  (730000041,36,1),
  (730000041,39,1),
  (730000041,43,3),
  (730000041,64,0.8),
  (730000041,65,0.6),
  (730000041,66,1),
  (730000041,67,0.6),
  (730000041,68,0.9),
  (730000041,69,0.6),
  (730000041,70,0.9),
  (730000041,71,1),
  (730000041,72,1),
  (730000041,73,1),
  (730000041,74,1),
  (730000041,75,1),
  (730000041,104,10),
  (730000041,125,1);
INSERT INTO `weenie_properties_bool` (`object_Id`,`type`,`value`) VALUES
  (730000041,1,1),
  (730000041,11,0),
  (730000041,12,1),
  (730000041,13,0),
  (730000041,50,1),
  (730000041,65,1);
INSERT INTO `weenie_properties_d_i_d` (`object_Id`,`type`,`value`) VALUES
  (730000041,1,33559522),
  (730000041,2,150994967),
  (730000041,3,536870934),
  (730000041,4,805306368),
  (730000041,6,67110722),
  (730000041,7,268436626),
  (730000041,8,100667942),
  (730000041,22,872415272),
  (730000041,35,32);
INSERT INTO `weenie_properties_attribute` (`object_Id`,`type`,`init_Level`,`level_From_C_P`,`c_P_Spent`) VALUES
  (730000041,1,50,0,0),
  (730000041,2,60,0,0),
  (730000041,3,30,0,0),
  (730000041,4,80,0,0),
  (730000041,5,125,0,0),
  (730000041,6,115,0,0);
INSERT INTO `weenie_properties_attribute_2nd` (`object_Id`,`type`,`init_Level`,`level_From_C_P`,`c_P_Spent`,`current_Level`) VALUES
  (730000041,1,60,0,0,90),
  (730000041,3,70,0,0,130),
  (730000041,5,40,0,0,155);
INSERT INTO `weenie_properties_skill` (`object_Id`,`type`,`level_From_P_P`,`s_a_c`,`p_p`,`init_Level`,`resistance_At_Last_Check`,`last_Used_Time`) VALUES
  (730000041,6,0,3,0,86,0,0),
  (730000041,7,0,3,0,126,0,0),
  (730000041,14,0,3,0,50,0,0),
  (730000041,15,0,3,0,76,0,0),
  (730000041,20,0,3,0,50,0,0),
  (730000041,31,0,3,0,24,0,0),
  (730000041,33,0,3,0,24,0,0),
  (730000041,34,0,3,0,24,0,0),
  (730000041,44,0,3,0,90,0,0),
  (730000041,45,0,3,0,90,0,0),
  (730000041,46,0,3,0,90,0,0),
  (730000041,47,0,3,0,100,0,0),
  (730000041,48,0,3,0,90,0,0);
INSERT INTO `weenie_properties_body_part` (`object_Id`,`key`,`d_Type`,`d_Val`,`d_Var`,`base_Armor`,`armor_Vs_Slash`,`armor_Vs_Pierce`,`armor_Vs_Bludgeon`,`armor_Vs_Cold`,`armor_Vs_Fire`,`armor_Vs_Acid`,`armor_Vs_Electric`,`armor_Vs_Nether`,`b_h`,`h_l_f`,`m_l_f`,`l_l_f`,`h_r_f`,`m_r_f`,`l_r_f`,`h_l_b`,`m_l_b`,`l_l_b`,`h_r_b`,`m_r_b`,`l_r_b`) VALUES
  (730000041,0,4,0,0,70,56,21,39,13,35,39,47,0,1,0.33000001311302185,0,0,0.33000001311302185,0,0,0.33000001311302185,0,0,0.33000001311302185,0,0),
  (730000041,1,4,0,0,80,64,24,44,14,40,44,54,0,2,0.4399999976158142,0.17000000178813934,0,0.4399999976158142,0.17000000178813934,0,0.4399999976158142,0.17000000178813934,0,0.4399999976158142,0.17000000178813934,0),
  (730000041,2,4,0,0,80,64,24,44,14,40,44,54,0,3,0,0.17000000178813934,0,0,0.17000000178813934,0,0,0.17000000178813934,0,0,0.17000000178813934,0),
  (730000041,3,4,0,0,70,56,21,39,13,35,39,47,0,1,0.23000000417232513,0.029999999329447746,0,0.23000000417232513,0.029999999329447746,0,0.23000000417232513,0.029999999329447746,0,0.23000000417232513,0.029999999329447746,0),
  (730000041,4,4,0,0,80,64,24,44,14,40,44,54,0,2,0,0.30000001192092896,0,0,0.30000001192092896,0,0,0.30000001192092896,0,0,0.30000001192092896,0),
  (730000041,5,4,2,0.75,80,64,24,44,14,40,44,54,0,2,0,0.20000000298023224,0,0,0.20000000298023224,0,0,0.20000000298023224,0,0,0.20000000298023224,0),
  (730000041,6,4,0,0,90,72,27,50,16,45,50,60,0,3,0,0.12999999523162842,0.18000000715255737,0,0.12999999523162842,0.18000000715255737,0,0.12999999523162842,0.18000000715255737,0,0.12999999523162842,0.18000000715255737),
  (730000041,7,4,0,0,90,72,27,50,16,45,50,60,0,3,0,0,0.6000000238418579,0,0,0.6000000238418579,0,0,0.6000000238418579,0,0,0.6000000238418579),
  (730000041,8,4,3,0.75,90,72,27,50,16,45,50,60,0,3,0,0,0.2199999988079071,0,0,0.2199999988079071,0,0,0.2199999988079071,0,0,0.2199999988079071);
INSERT INTO `weenie_properties_spell_book` (`object_Id`,`spell`,`probability`) VALUES
  (730000041,59,2.0290000438690186),
  (730000041,65,2.0290000438690186),
  (730000041,70,2.0290000438690186),
  (730000041,76,2.0290000438690186),
  (730000041,81,2.0290000438690186),
  (730000041,87,2.0290000438690186),
  (730000041,93,2.0290000438690186),
  (730000041,172,2.009000062942505),
  (730000041,1238,2.0199999809265137),
  (730000041,1250,2.0199999809265137),
  (730000041,1261,2.0199999809265137),
  (730000041,1339,2.009000062942505),
  (730000041,1368,2.009000062942505),
  (730000041,1392,2.009000062942505),
  (730000041,1416,2.009000062942505),
  (730000041,1440,2.009000062942505),
  (730000041,1464,2.009000062942505);
INSERT INTO `weenie_properties_create_list` (`object_Id`,`destination_Type`,`weenie_Class_Id`,`stack_Size`,`palette`,`shade`,`try_To_Bond`) VALUES
  (730000041,2,90000076,0,0,-1,0),
  (730000041,2,90000037,0,0,1,0),
  (730000041,2,90000036,0,0,1,0);

INSERT INTO `weenie` (`class_Id`,`class_Name`,`type`,`last_Modified`) VALUES (730000042,'t11_tou_undead_sailor_a',10,NOW());
INSERT INTO `weenie_properties_string` (`object_Id`,`type`,`value`) VALUES
  (730000042,1,'Undead Sailor');
INSERT INTO `weenie_properties_int` (`object_Id`,`type`,`value`) VALUES
  (730000042,1,16),
  (730000042,2,14),
  (730000042,3,8),
  (730000042,6,-1),
  (730000042,7,-1),
  (730000042,16,1),
  (730000042,25,115),
  (730000042,27,0),
  (730000042,40,1),
  (730000042,68,3),
  (730000042,93,1032),
  (730000042,101,183),
  (730000042,133,2),
  (730000042,140,1),
  (730000042,146,125000);
INSERT INTO `weenie_properties_float` (`object_Id`,`type`,`value`) VALUES
  (730000042,1,5),
  (730000042,2,0),
  (730000042,3,0.8),
  (730000042,4,0.5),
  (730000042,5,2),
  (730000042,12,0.5),
  (730000042,13,1),
  (730000042,14,1),
  (730000042,15,1),
  (730000042,16,1),
  (730000042,17,1),
  (730000042,18,1),
  (730000042,19,1),
  (730000042,31,18),
  (730000042,34,1),
  (730000042,36,1),
  (730000042,39,1.1),
  (730000042,64,0.85),
  (730000042,65,0.52),
  (730000042,66,0.75),
  (730000042,67,0.85),
  (730000042,68,0.1),
  (730000042,69,0.75),
  (730000042,70,0.86),
  (730000042,71,1),
  (730000042,72,1),
  (730000042,73,1),
  (730000042,74,1),
  (730000042,75,1),
  (730000042,80,3),
  (730000042,104,10),
  (730000042,125,1);
INSERT INTO `weenie_properties_bool` (`object_Id`,`type`,`value`) VALUES
  (730000042,1,1),
  (730000042,6,1),
  (730000042,11,0),
  (730000042,12,1),
  (730000042,13,0),
  (730000042,14,1),
  (730000042,19,1),
  (730000042,50,1);
INSERT INTO `weenie_properties_d_i_d` (`object_Id`,`type`,`value`) VALUES
  (730000042,1,33554839),
  (730000042,2,150994967),
  (730000042,3,536870934),
  (730000042,4,805306368),
  (730000042,6,67110722),
  (730000042,7,268436626),
  (730000042,8,100667942),
  (730000042,22,872415272),
  (730000042,32,203),
  (730000042,35,452);
INSERT INTO `weenie_properties_attribute` (`object_Id`,`type`,`init_Level`,`level_From_C_P`,`c_P_Spent`) VALUES
  (730000042,1,50,0,0),
  (730000042,2,60,0,0),
  (730000042,3,30,0,0),
  (730000042,4,80,0,0),
  (730000042,5,125,0,0),
  (730000042,6,115,0,0);
INSERT INTO `weenie_properties_attribute_2nd` (`object_Id`,`type`,`init_Level`,`level_From_C_P`,`c_P_Spent`,`current_Level`) VALUES
  (730000042,1,60,0,0,90),
  (730000042,3,70,0,0,130),
  (730000042,5,40,0,0,155);
INSERT INTO `weenie_properties_skill` (`object_Id`,`type`,`level_From_P_P`,`s_a_c`,`p_p`,`init_Level`,`resistance_At_Last_Check`,`last_Used_Time`) VALUES
  (730000042,6,0,3,0,86,0,0),
  (730000042,7,0,3,0,126,0,0),
  (730000042,14,0,3,0,50,0,0),
  (730000042,15,0,3,0,76,0,0),
  (730000042,20,0,3,0,50,0,0),
  (730000042,31,0,3,0,24,0,0),
  (730000042,33,0,3,0,24,0,0),
  (730000042,34,0,3,0,24,0,0),
  (730000042,44,0,3,0,90,0,0),
  (730000042,45,0,3,0,90,0,0),
  (730000042,46,0,3,0,90,0,0),
  (730000042,47,0,3,0,100,0,0),
  (730000042,48,0,3,0,90,0,0);
INSERT INTO `weenie_properties_body_part` (`object_Id`,`key`,`d_Type`,`d_Val`,`d_Var`,`base_Armor`,`armor_Vs_Slash`,`armor_Vs_Pierce`,`armor_Vs_Bludgeon`,`armor_Vs_Cold`,`armor_Vs_Fire`,`armor_Vs_Acid`,`armor_Vs_Electric`,`armor_Vs_Nether`,`b_h`,`h_l_f`,`m_l_f`,`l_l_f`,`h_r_f`,`m_r_f`,`l_r_f`,`h_l_b`,`m_l_b`,`l_l_b`,`h_r_b`,`m_r_b`,`l_r_b`) VALUES
  (730000042,0,4,0,0,70,56,21,39,13,35,39,47,0,1,0.33000001311302185,0,0,0.33000001311302185,0,0,0.33000001311302185,0,0,0.33000001311302185,0,0),
  (730000042,1,4,0,0,80,64,24,44,14,40,44,54,0,2,0.4399999976158142,0.17000000178813934,0,0.4399999976158142,0.17000000178813934,0,0.4399999976158142,0.17000000178813934,0,0.4399999976158142,0.17000000178813934,0),
  (730000042,2,4,0,0,80,64,24,44,14,40,44,54,0,3,0,0.17000000178813934,0,0,0.17000000178813934,0,0,0.17000000178813934,0,0,0.17000000178813934,0),
  (730000042,3,4,0,0,70,56,21,39,13,35,39,47,0,1,0.23000000417232513,0.029999999329447746,0,0.23000000417232513,0.029999999329447746,0,0.23000000417232513,0.029999999329447746,0,0.23000000417232513,0.029999999329447746,0),
  (730000042,4,4,0,0,80,64,24,44,14,40,44,54,0,2,0,0.30000001192092896,0,0,0.30000001192092896,0,0,0.30000001192092896,0,0,0.30000001192092896,0),
  (730000042,5,4,2,0.75,80,64,24,44,14,40,44,54,0,2,0,0.20000000298023224,0,0,0.20000000298023224,0,0,0.20000000298023224,0,0,0.20000000298023224,0),
  (730000042,6,4,0,0,90,72,27,50,16,45,50,60,0,3,0,0.12999999523162842,0.18000000715255737,0,0.12999999523162842,0.18000000715255737,0,0.12999999523162842,0.18000000715255737,0,0.12999999523162842,0.18000000715255737),
  (730000042,7,4,0,0,90,72,27,50,16,45,50,60,0,3,0,0,0.6000000238418579,0,0,0.6000000238418579,0,0,0.6000000238418579,0,0,0.6000000238418579),
  (730000042,8,4,3,0.75,90,72,27,50,16,45,50,60,0,3,0,0,0.2199999988079071,0,0,0.2199999988079071,0,0,0.2199999988079071,0,0,0.2199999988079071);
INSERT INTO `weenie_properties_spell_book` (`object_Id`,`spell`,`probability`) VALUES
  (730000042,59,2.0290000438690186),
  (730000042,65,2.0290000438690186),
  (730000042,70,2.0290000438690186),
  (730000042,76,2.0290000438690186),
  (730000042,81,2.0290000438690186),
  (730000042,87,2.0290000438690186),
  (730000042,93,2.0290000438690186),
  (730000042,172,2.009000062942505),
  (730000042,1238,2.0199999809265137),
  (730000042,1250,2.0199999809265137),
  (730000042,1261,2.0199999809265137),
  (730000042,1339,2.009000062942505),
  (730000042,1368,2.009000062942505),
  (730000042,1392,2.009000062942505),
  (730000042,1416,2.009000062942505),
  (730000042,1440,2.009000062942505),
  (730000042,1464,2.009000062942505);
INSERT INTO `weenie_properties_create_list` (`object_Id`,`destination_Type`,`weenie_Class_Id`,`stack_Size`,`palette`,`shade`,`try_To_Bond`) VALUES
  (730000042,9,6876,0,0,0.019999999552965164,0),
  (730000042,9,0,0,0,0.9800000190734863,0),
  (730000042,9,9310,0,0,0.07000000029802322,0),
  (730000042,9,0,0,0,0.9300000071525574,0),
  (730000042,9,36361,0,0,0.10000000149011612,0),
  (730000042,9,0,0,0,0.8999999761581421,0);

INSERT INTO `weenie` (`class_Id`,`class_Name`,`type`,`last_Modified`) VALUES (730000043,'t11_tou_undead_sailor_b',10,NOW());
INSERT INTO `weenie_properties_string` (`object_Id`,`type`,`value`) VALUES
  (730000043,1,'Undead Sailor');
INSERT INTO `weenie_properties_int` (`object_Id`,`type`,`value`) VALUES
  (730000043,1,16),
  (730000043,2,14),
  (730000043,3,8),
  (730000043,6,-1),
  (730000043,7,-1),
  (730000043,16,1),
  (730000043,25,100),
  (730000043,27,0),
  (730000043,40,1),
  (730000043,68,3),
  (730000043,93,1032),
  (730000043,101,183),
  (730000043,133,2),
  (730000043,140,1),
  (730000043,146,80000);
INSERT INTO `weenie_properties_float` (`object_Id`,`type`,`value`) VALUES
  (730000043,1,5),
  (730000043,2,0),
  (730000043,3,0.8),
  (730000043,4,0.5),
  (730000043,5,2),
  (730000043,12,0.5),
  (730000043,13,1),
  (730000043,14,1),
  (730000043,15,1),
  (730000043,16,1),
  (730000043,17,1),
  (730000043,18,1),
  (730000043,19,1),
  (730000043,31,18),
  (730000043,34,1),
  (730000043,36,1),
  (730000043,39,1.1),
  (730000043,64,1),
  (730000043,65,0.52),
  (730000043,66,0.75),
  (730000043,67,1),
  (730000043,68,0.1),
  (730000043,69,0.75),
  (730000043,70,0.86),
  (730000043,71,1),
  (730000043,72,1),
  (730000043,73,1),
  (730000043,74,1),
  (730000043,75,1),
  (730000043,80,3),
  (730000043,104,10),
  (730000043,125,1);
INSERT INTO `weenie_properties_bool` (`object_Id`,`type`,`value`) VALUES
  (730000043,1,1),
  (730000043,6,1),
  (730000043,11,0),
  (730000043,12,1),
  (730000043,13,0),
  (730000043,14,1),
  (730000043,19,1),
  (730000043,50,1);
INSERT INTO `weenie_properties_d_i_d` (`object_Id`,`type`,`value`) VALUES
  (730000043,1,33554839),
  (730000043,2,150994967),
  (730000043,3,536870934),
  (730000043,4,805306368),
  (730000043,6,67110722),
  (730000043,7,268436626),
  (730000043,8,100667942),
  (730000043,22,872415272),
  (730000043,32,203),
  (730000043,35,448);
INSERT INTO `weenie_properties_attribute` (`object_Id`,`type`,`init_Level`,`level_From_C_P`,`c_P_Spent`) VALUES
  (730000043,1,50,0,0),
  (730000043,2,60,0,0),
  (730000043,3,30,0,0),
  (730000043,4,80,0,0),
  (730000043,5,125,0,0),
  (730000043,6,115,0,0);
INSERT INTO `weenie_properties_attribute_2nd` (`object_Id`,`type`,`init_Level`,`level_From_C_P`,`c_P_Spent`,`current_Level`) VALUES
  (730000043,1,60,0,0,90),
  (730000043,3,70,0,0,130),
  (730000043,5,40,0,0,155);
INSERT INTO `weenie_properties_skill` (`object_Id`,`type`,`level_From_P_P`,`s_a_c`,`p_p`,`init_Level`,`resistance_At_Last_Check`,`last_Used_Time`) VALUES
  (730000043,6,0,3,0,86,0,0),
  (730000043,7,0,3,0,126,0,0),
  (730000043,14,0,3,0,50,0,0),
  (730000043,15,0,3,0,76,0,0),
  (730000043,20,0,3,0,50,0,0),
  (730000043,31,0,3,0,24,0,0),
  (730000043,33,0,3,0,24,0,0),
  (730000043,34,0,3,0,24,0,0),
  (730000043,44,0,3,0,90,0,0),
  (730000043,45,0,3,0,90,0,0),
  (730000043,46,0,3,0,90,0,0),
  (730000043,47,0,3,0,100,0,0),
  (730000043,48,0,3,0,90,0,0);
INSERT INTO `weenie_properties_body_part` (`object_Id`,`key`,`d_Type`,`d_Val`,`d_Var`,`base_Armor`,`armor_Vs_Slash`,`armor_Vs_Pierce`,`armor_Vs_Bludgeon`,`armor_Vs_Cold`,`armor_Vs_Fire`,`armor_Vs_Acid`,`armor_Vs_Electric`,`armor_Vs_Nether`,`b_h`,`h_l_f`,`m_l_f`,`l_l_f`,`h_r_f`,`m_r_f`,`l_r_f`,`h_l_b`,`m_l_b`,`l_l_b`,`h_r_b`,`m_r_b`,`l_r_b`) VALUES
  (730000043,0,4,0,0,70,56,21,39,13,35,39,47,0,1,0.33000001311302185,0,0,0.33000001311302185,0,0,0.33000001311302185,0,0,0.33000001311302185,0,0),
  (730000043,1,4,0,0,80,64,24,44,14,40,44,54,0,2,0.4399999976158142,0.17000000178813934,0,0.4399999976158142,0.17000000178813934,0,0.4399999976158142,0.17000000178813934,0,0.4399999976158142,0.17000000178813934,0),
  (730000043,2,4,0,0,80,64,24,44,14,40,44,54,0,3,0,0.17000000178813934,0,0,0.17000000178813934,0,0,0.17000000178813934,0,0,0.17000000178813934,0),
  (730000043,3,4,0,0,70,56,21,39,13,35,39,47,0,1,0.23000000417232513,0.029999999329447746,0,0.23000000417232513,0.029999999329447746,0,0.23000000417232513,0.029999999329447746,0,0.23000000417232513,0.029999999329447746,0),
  (730000043,4,4,0,0,80,64,24,44,14,40,44,54,0,2,0,0.30000001192092896,0,0,0.30000001192092896,0,0,0.30000001192092896,0,0,0.30000001192092896,0),
  (730000043,5,4,2,0.75,80,64,24,44,14,40,44,54,0,2,0,0.20000000298023224,0,0,0.20000000298023224,0,0,0.20000000298023224,0,0,0.20000000298023224,0),
  (730000043,6,4,0,0,90,72,27,50,16,45,50,60,0,3,0,0.12999999523162842,0.18000000715255737,0,0.12999999523162842,0.18000000715255737,0,0.12999999523162842,0.18000000715255737,0,0.12999999523162842,0.18000000715255737),
  (730000043,7,4,0,0,90,72,27,50,16,45,50,60,0,3,0,0,0.6000000238418579,0,0,0.6000000238418579,0,0,0.6000000238418579,0,0,0.6000000238418579),
  (730000043,8,4,3,0.75,90,72,27,50,16,45,50,60,0,3,0,0,0.2199999988079071,0,0,0.2199999988079071,0,0,0.2199999988079071,0,0,0.2199999988079071);
INSERT INTO `weenie_properties_spell_book` (`object_Id`,`spell`,`probability`) VALUES
  (730000043,59,2.0290000438690186),
  (730000043,65,2.0290000438690186),
  (730000043,70,2.0290000438690186),
  (730000043,76,2.0290000438690186),
  (730000043,81,2.0290000438690186),
  (730000043,87,2.0290000438690186),
  (730000043,93,2.0290000438690186),
  (730000043,172,2.009000062942505),
  (730000043,1238,2.0199999809265137),
  (730000043,1250,2.0199999809265137),
  (730000043,1261,2.0199999809265137),
  (730000043,1339,2.009000062942505),
  (730000043,1368,2.009000062942505),
  (730000043,1392,2.009000062942505),
  (730000043,1416,2.009000062942505),
  (730000043,1440,2.009000062942505),
  (730000043,1464,2.009000062942505);
INSERT INTO `weenie_properties_create_list` (`object_Id`,`destination_Type`,`weenie_Class_Id`,`stack_Size`,`palette`,`shade`,`try_To_Bond`) VALUES
  (730000043,9,6876,0,0,0.019999999552965164,0),
  (730000043,9,0,0,0,0.9800000190734863,0),
  (730000043,9,9310,0,0,0.07000000029802322,0),
  (730000043,9,0,0,0,0.9300000071525574,0);

INSERT INTO `weenie` (`class_Id`,`class_Name`,`type`,`last_Modified`) VALUES (730000044,'t11_tou_undead_lieutenant',10,NOW());
INSERT INTO `weenie_properties_string` (`object_Id`,`type`,`value`) VALUES
  (730000044,1,'Undead Lieutenant');
INSERT INTO `weenie_properties_int` (`object_Id`,`type`,`value`) VALUES
  (730000044,1,16),
  (730000044,2,14),
  (730000044,3,1),
  (730000044,6,-1),
  (730000044,7,-1),
  (730000044,16,1),
  (730000044,25,100),
  (730000044,27,0),
  (730000044,40,1),
  (730000044,68,3),
  (730000044,93,4195336),
  (730000044,101,183),
  (730000044,133,2),
  (730000044,140,1),
  (730000044,146,80000);
INSERT INTO `weenie_properties_float` (`object_Id`,`type`,`value`) VALUES
  (730000044,1,5),
  (730000044,2,0),
  (730000044,3,0.8),
  (730000044,4,0.5),
  (730000044,5,2),
  (730000044,12,0.5),
  (730000044,13,1),
  (730000044,14,1),
  (730000044,15,1),
  (730000044,16,1),
  (730000044,17,1),
  (730000044,18,1),
  (730000044,19,1),
  (730000044,31,18),
  (730000044,34,1),
  (730000044,36,1),
  (730000044,39,1.1),
  (730000044,64,1),
  (730000044,65,0.52),
  (730000044,66,0.75),
  (730000044,67,1),
  (730000044,68,0.1),
  (730000044,69,0.75),
  (730000044,70,0.86),
  (730000044,71,1),
  (730000044,72,1),
  (730000044,73,1),
  (730000044,74,1),
  (730000044,75,1),
  (730000044,80,3),
  (730000044,104,10),
  (730000044,125,1);
INSERT INTO `weenie_properties_bool` (`object_Id`,`type`,`value`) VALUES
  (730000044,1,1),
  (730000044,6,1),
  (730000044,11,0),
  (730000044,12,1),
  (730000044,13,0),
  (730000044,14,1),
  (730000044,19,1),
  (730000044,42,1);
INSERT INTO `weenie_properties_d_i_d` (`object_Id`,`type`,`value`) VALUES
  (730000044,1,33554839),
  (730000044,2,150994967),
  (730000044,3,536870934),
  (730000044,4,805306368),
  (730000044,6,67110722),
  (730000044,7,268436626),
  (730000044,8,100667942),
  (730000044,22,872415272),
  (730000044,32,203),
  (730000044,35,448);
INSERT INTO `weenie_properties_attribute` (`object_Id`,`type`,`init_Level`,`level_From_C_P`,`c_P_Spent`) VALUES
  (730000044,1,50,0,0),
  (730000044,2,60,0,0),
  (730000044,3,30,0,0),
  (730000044,4,80,0,0),
  (730000044,5,125,0,0),
  (730000044,6,115,0,0);
INSERT INTO `weenie_properties_attribute_2nd` (`object_Id`,`type`,`init_Level`,`level_From_C_P`,`c_P_Spent`,`current_Level`) VALUES
  (730000044,1,60,0,0,90),
  (730000044,3,70,0,0,130),
  (730000044,5,40,0,0,155);
INSERT INTO `weenie_properties_skill` (`object_Id`,`type`,`level_From_P_P`,`s_a_c`,`p_p`,`init_Level`,`resistance_At_Last_Check`,`last_Used_Time`) VALUES
  (730000044,6,0,3,0,86,0,0),
  (730000044,7,0,3,0,126,0,0),
  (730000044,14,0,3,0,50,0,0),
  (730000044,15,0,3,0,76,0,0),
  (730000044,20,0,3,0,50,0,0),
  (730000044,31,0,3,0,24,0,0),
  (730000044,33,0,3,0,24,0,0),
  (730000044,34,0,3,0,24,0,0),
  (730000044,44,0,3,0,90,0,0),
  (730000044,45,0,3,0,90,0,0),
  (730000044,46,0,3,0,90,0,0),
  (730000044,47,0,3,0,100,0,0),
  (730000044,48,0,3,0,90,0,0);
INSERT INTO `weenie_properties_body_part` (`object_Id`,`key`,`d_Type`,`d_Val`,`d_Var`,`base_Armor`,`armor_Vs_Slash`,`armor_Vs_Pierce`,`armor_Vs_Bludgeon`,`armor_Vs_Cold`,`armor_Vs_Fire`,`armor_Vs_Acid`,`armor_Vs_Electric`,`armor_Vs_Nether`,`b_h`,`h_l_f`,`m_l_f`,`l_l_f`,`h_r_f`,`m_r_f`,`l_r_f`,`h_l_b`,`m_l_b`,`l_l_b`,`h_r_b`,`m_r_b`,`l_r_b`) VALUES
  (730000044,0,4,0,0,70,56,21,39,13,35,39,47,0,1,0.33000001311302185,0,0,0.33000001311302185,0,0,0.33000001311302185,0,0,0.33000001311302185,0,0),
  (730000044,1,4,0,0,80,64,24,44,14,40,44,54,0,2,0.4399999976158142,0.17000000178813934,0,0.4399999976158142,0.17000000178813934,0,0.4399999976158142,0.17000000178813934,0,0.4399999976158142,0.17000000178813934,0),
  (730000044,2,4,0,0,80,64,24,44,14,40,44,54,0,3,0,0.17000000178813934,0,0,0.17000000178813934,0,0,0.17000000178813934,0,0,0.17000000178813934,0),
  (730000044,3,4,0,0,70,56,21,39,13,35,39,47,0,1,0.23000000417232513,0.029999999329447746,0,0.23000000417232513,0.029999999329447746,0,0.23000000417232513,0.029999999329447746,0,0.23000000417232513,0.029999999329447746,0),
  (730000044,4,4,0,0,80,64,24,44,14,40,44,54,0,2,0,0.30000001192092896,0,0,0.30000001192092896,0,0,0.30000001192092896,0,0,0.30000001192092896,0),
  (730000044,5,4,2,0.75,80,64,24,44,14,40,44,54,0,2,0,0.20000000298023224,0,0,0.20000000298023224,0,0,0.20000000298023224,0,0,0.20000000298023224,0),
  (730000044,6,4,0,0,90,72,27,50,16,45,50,60,0,3,0,0.12999999523162842,0.18000000715255737,0,0.12999999523162842,0.18000000715255737,0,0.12999999523162842,0.18000000715255737,0,0.12999999523162842,0.18000000715255737),
  (730000044,7,4,0,0,90,72,27,50,16,45,50,60,0,3,0,0,0.6000000238418579,0,0,0.6000000238418579,0,0,0.6000000238418579,0,0,0.6000000238418579),
  (730000044,8,4,3,0.75,90,72,27,50,16,45,50,60,0,3,0,0,0.2199999988079071,0,0,0.2199999988079071,0,0,0.2199999988079071,0,0,0.2199999988079071);
INSERT INTO `weenie_properties_spell_book` (`object_Id`,`spell`,`probability`) VALUES
  (730000044,59,2.0290000438690186),
  (730000044,65,2.0290000438690186),
  (730000044,70,2.0290000438690186),
  (730000044,76,2.0290000438690186),
  (730000044,81,2.0290000438690186),
  (730000044,87,2.0290000438690186),
  (730000044,93,2.0290000438690186),
  (730000044,172,2.009000062942505),
  (730000044,1238,2.0199999809265137),
  (730000044,1250,2.0199999809265137),
  (730000044,1261,2.0199999809265137),
  (730000044,1339,2.009000062942505),
  (730000044,1368,2.009000062942505),
  (730000044,1392,2.009000062942505),
  (730000044,1416,2.009000062942505),
  (730000044,1440,2.009000062942505),
  (730000044,1464,2.009000062942505);
INSERT INTO `weenie_properties_create_list` (`object_Id`,`destination_Type`,`weenie_Class_Id`,`stack_Size`,`palette`,`shade`,`try_To_Bond`) VALUES
  (730000044,9,6876,0,0,0.019999999552965164,0),
  (730000044,9,0,0,0,0.9800000190734863,0);

INSERT INTO `weenie` (`class_Id`,`class_Name`,`type`,`last_Modified`) VALUES (730000045,'t11_tou_undead_captain',10,NOW());
INSERT INTO `weenie_properties_string` (`object_Id`,`type`,`value`) VALUES
  (730000045,1,'Undead Captain');
INSERT INTO `weenie_properties_int` (`object_Id`,`type`,`value`) VALUES
  (730000045,1,16),
  (730000045,2,14),
  (730000045,3,1),
  (730000045,6,-1),
  (730000045,7,-1),
  (730000045,16,1),
  (730000045,25,135),
  (730000045,27,0),
  (730000045,40,1),
  (730000045,68,3),
  (730000045,93,4195336),
  (730000045,101,183),
  (730000045,133,2),
  (730000045,140,1),
  (730000045,146,250000);
INSERT INTO `weenie_properties_float` (`object_Id`,`type`,`value`) VALUES
  (730000045,1,5),
  (730000045,2,0),
  (730000045,3,0.8),
  (730000045,4,0.5),
  (730000045,5,2),
  (730000045,12,0.5),
  (730000045,13,1),
  (730000045,14,1),
  (730000045,15,1),
  (730000045,16,1),
  (730000045,17,1),
  (730000045,18,1),
  (730000045,19,1),
  (730000045,31,18),
  (730000045,34,1),
  (730000045,36,1),
  (730000045,39,1.1),
  (730000045,64,0.55),
  (730000045,65,0.52),
  (730000045,66,0.75),
  (730000045,67,0.75),
  (730000045,68,0.1),
  (730000045,69,0.75),
  (730000045,70,0.55),
  (730000045,71,1),
  (730000045,72,1),
  (730000045,73,1),
  (730000045,74,1),
  (730000045,75,1),
  (730000045,80,3),
  (730000045,104,10),
  (730000045,125,1);
INSERT INTO `weenie_properties_bool` (`object_Id`,`type`,`value`) VALUES
  (730000045,1,1),
  (730000045,6,1),
  (730000045,11,0),
  (730000045,12,1),
  (730000045,13,0),
  (730000045,14,1),
  (730000045,19,1),
  (730000045,42,1);
INSERT INTO `weenie_properties_d_i_d` (`object_Id`,`type`,`value`) VALUES
  (730000045,1,33554839),
  (730000045,2,150994967),
  (730000045,3,536870934),
  (730000045,4,805306368),
  (730000045,6,67110722),
  (730000045,7,268436626),
  (730000045,8,100667942),
  (730000045,22,872415272),
  (730000045,32,199),
  (730000045,35,452);
INSERT INTO `weenie_properties_attribute` (`object_Id`,`type`,`init_Level`,`level_From_C_P`,`c_P_Spent`) VALUES
  (730000045,1,50,0,0),
  (730000045,2,60,0,0),
  (730000045,3,30,0,0),
  (730000045,4,80,0,0),
  (730000045,5,125,0,0),
  (730000045,6,115,0,0);
INSERT INTO `weenie_properties_attribute_2nd` (`object_Id`,`type`,`init_Level`,`level_From_C_P`,`c_P_Spent`,`current_Level`) VALUES
  (730000045,1,60,0,0,90),
  (730000045,3,70,0,0,130),
  (730000045,5,40,0,0,155);
INSERT INTO `weenie_properties_skill` (`object_Id`,`type`,`level_From_P_P`,`s_a_c`,`p_p`,`init_Level`,`resistance_At_Last_Check`,`last_Used_Time`) VALUES
  (730000045,6,0,3,0,86,0,0),
  (730000045,7,0,3,0,126,0,0),
  (730000045,14,0,3,0,50,0,0),
  (730000045,15,0,3,0,76,0,0),
  (730000045,20,0,3,0,50,0,0),
  (730000045,31,0,3,0,24,0,0),
  (730000045,33,0,3,0,24,0,0),
  (730000045,34,0,3,0,24,0,0),
  (730000045,44,0,3,0,90,0,0),
  (730000045,45,0,3,0,90,0,0),
  (730000045,46,0,3,0,90,0,0),
  (730000045,47,0,3,0,100,0,0),
  (730000045,48,0,3,0,90,0,0);
INSERT INTO `weenie_properties_body_part` (`object_Id`,`key`,`d_Type`,`d_Val`,`d_Var`,`base_Armor`,`armor_Vs_Slash`,`armor_Vs_Pierce`,`armor_Vs_Bludgeon`,`armor_Vs_Cold`,`armor_Vs_Fire`,`armor_Vs_Acid`,`armor_Vs_Electric`,`armor_Vs_Nether`,`b_h`,`h_l_f`,`m_l_f`,`l_l_f`,`h_r_f`,`m_r_f`,`l_r_f`,`h_l_b`,`m_l_b`,`l_l_b`,`h_r_b`,`m_r_b`,`l_r_b`) VALUES
  (730000045,0,4,0,0,70,56,21,39,13,35,39,47,0,1,0.33000001311302185,0,0,0.33000001311302185,0,0,0.33000001311302185,0,0,0.33000001311302185,0,0),
  (730000045,1,4,0,0,80,64,24,44,14,40,44,54,0,2,0.4399999976158142,0.17000000178813934,0,0.4399999976158142,0.17000000178813934,0,0.4399999976158142,0.17000000178813934,0,0.4399999976158142,0.17000000178813934,0),
  (730000045,2,4,0,0,80,64,24,44,14,40,44,54,0,3,0,0.17000000178813934,0,0,0.17000000178813934,0,0,0.17000000178813934,0,0,0.17000000178813934,0),
  (730000045,3,4,0,0,70,56,21,39,13,35,39,47,0,1,0.23000000417232513,0.029999999329447746,0,0.23000000417232513,0.029999999329447746,0,0.23000000417232513,0.029999999329447746,0,0.23000000417232513,0.029999999329447746,0),
  (730000045,4,4,0,0,80,64,24,44,14,40,44,54,0,2,0,0.30000001192092896,0,0,0.30000001192092896,0,0,0.30000001192092896,0,0,0.30000001192092896,0),
  (730000045,5,4,2,0.75,80,64,24,44,14,40,44,54,0,2,0,0.20000000298023224,0,0,0.20000000298023224,0,0,0.20000000298023224,0,0,0.20000000298023224,0),
  (730000045,6,4,0,0,90,72,27,50,16,45,50,60,0,3,0,0.12999999523162842,0.18000000715255737,0,0.12999999523162842,0.18000000715255737,0,0.12999999523162842,0.18000000715255737,0,0.12999999523162842,0.18000000715255737),
  (730000045,7,4,0,0,90,72,27,50,16,45,50,60,0,3,0,0,0.6000000238418579,0,0,0.6000000238418579,0,0,0.6000000238418579,0,0,0.6000000238418579),
  (730000045,8,4,3,0.75,90,72,27,50,16,45,50,60,0,3,0,0,0.2199999988079071,0,0,0.2199999988079071,0,0,0.2199999988079071,0,0,0.2199999988079071);
INSERT INTO `weenie_properties_spell_book` (`object_Id`,`spell`,`probability`) VALUES
  (730000045,59,2.0290000438690186),
  (730000045,65,2.0290000438690186),
  (730000045,70,2.0290000438690186),
  (730000045,76,2.0290000438690186),
  (730000045,81,2.0290000438690186),
  (730000045,87,2.0290000438690186),
  (730000045,93,2.0290000438690186),
  (730000045,172,2.009000062942505),
  (730000045,1238,2.0199999809265137),
  (730000045,1250,2.0199999809265137),
  (730000045,1261,2.0199999809265137),
  (730000045,1339,2.009000062942505),
  (730000045,1368,2.009000062942505),
  (730000045,1392,2.009000062942505),
  (730000045,1416,2.009000062942505),
  (730000045,1440,2.009000062942505),
  (730000045,1464,2.009000062942505);
INSERT INTO `weenie_properties_create_list` (`object_Id`,`destination_Type`,`weenie_Class_Id`,`stack_Size`,`palette`,`shade`,`try_To_Bond`) VALUES
  (730000045,9,6876,0,0,0.019999999552965164,0),
  (730000045,9,0,0,0,0.9800000190734863,0),
  (730000045,9,70324,0,0,0.10000000149011612,0),
  (730000045,9,0,0,0,0.8999999761581421,0);

INSERT INTO `weenie` (`class_Id`,`class_Name`,`type`,`last_Modified`) VALUES (730000046,'t11_tou_shallows_shark',10,NOW());
INSERT INTO `weenie_properties_string` (`object_Id`,`type`,`value`) VALUES
  (730000046,1,'Shallows Shark');
INSERT INTO `weenie_properties_int` (`object_Id`,`type`,`value`) VALUES
  (730000046,1,16),
  (730000046,2,27),
  (730000046,3,4),
  (730000046,6,-1),
  (730000046,7,-1),
  (730000046,16,1),
  (730000046,25,8),
  (730000046,40,2),
  (730000046,68,3),
  (730000046,93,1032),
  (730000046,133,2),
  (730000046,146,1000);
INSERT INTO `weenie_properties_float` (`object_Id`,`type`,`value`) VALUES
  (730000046,1,5),
  (730000046,2,0),
  (730000046,3,0.067),
  (730000046,4,5),
  (730000046,5,2),
  (730000046,12,0.5),
  (730000046,13,0.62),
  (730000046,14,0.9),
  (730000046,15,0.62),
  (730000046,16,0.02),
  (730000046,17,1),
  (730000046,18,0.04),
  (730000046,19,0.62),
  (730000046,31,16),
  (730000046,34,1),
  (730000046,36,1),
  (730000046,39,1.1),
  (730000046,64,0.85),
  (730000046,65,1),
  (730000046,66,0.85),
  (730000046,67,1),
  (730000046,68,0.52),
  (730000046,69,0.45),
  (730000046,70,0.85),
  (730000046,71,1),
  (730000046,72,1),
  (730000046,73,1),
  (730000046,74,1),
  (730000046,75,1),
  (730000046,104,10),
  (730000046,125,1);
INSERT INTO `weenie_properties_bool` (`object_Id`,`type`,`value`) VALUES
  (730000046,1,1),
  (730000046,11,0),
  (730000046,12,1),
  (730000046,13,0),
  (730000046,14,1),
  (730000046,19,1);
INSERT INTO `weenie_properties_d_i_d` (`object_Id`,`type`,`value`) VALUES
  (730000046,1,33559680),
  (730000046,2,150994970),
  (730000046,3,536870928),
  (730000046,4,805306378),
  (730000046,6,67116712),
  (730000046,7,268437041),
  (730000046,8,100667939),
  (730000046,22,872415268),
  (730000046,35,459);
INSERT INTO `weenie_properties_attribute` (`object_Id`,`type`,`init_Level`,`level_From_C_P`,`c_P_Spent`) VALUES
  (730000046,1,50,0,0),
  (730000046,2,60,0,0),
  (730000046,3,30,0,0),
  (730000046,4,80,0,0),
  (730000046,5,125,0,0),
  (730000046,6,115,0,0);
INSERT INTO `weenie_properties_attribute_2nd` (`object_Id`,`type`,`init_Level`,`level_From_C_P`,`c_P_Spent`,`current_Level`) VALUES
  (730000046,1,60,0,0,90),
  (730000046,3,70,0,0,130),
  (730000046,5,40,0,0,155);
INSERT INTO `weenie_properties_skill` (`object_Id`,`type`,`level_From_P_P`,`s_a_c`,`p_p`,`init_Level`,`resistance_At_Last_Check`,`last_Used_Time`) VALUES
  (730000046,6,0,3,0,86,0,0),
  (730000046,7,0,3,0,126,0,0),
  (730000046,14,0,3,0,50,0,0),
  (730000046,15,0,3,0,76,0,0),
  (730000046,20,0,3,0,50,0,0),
  (730000046,31,0,3,0,24,0,0),
  (730000046,33,0,3,0,24,0,0),
  (730000046,34,0,3,0,24,0,0),
  (730000046,44,0,3,0,90,0,0),
  (730000046,45,0,3,0,90,0,0),
  (730000046,46,0,3,0,90,0,0),
  (730000046,47,0,3,0,100,0,0),
  (730000046,48,0,3,0,90,0,0);
INSERT INTO `weenie_properties_body_part` (`object_Id`,`key`,`d_Type`,`d_Val`,`d_Var`,`base_Armor`,`armor_Vs_Slash`,`armor_Vs_Pierce`,`armor_Vs_Bludgeon`,`armor_Vs_Cold`,`armor_Vs_Fire`,`armor_Vs_Acid`,`armor_Vs_Electric`,`armor_Vs_Nether`,`b_h`,`h_l_f`,`m_l_f`,`l_l_f`,`h_r_f`,`m_r_f`,`l_r_f`,`h_l_b`,`m_l_b`,`l_l_b`,`h_r_b`,`m_r_b`,`l_r_b`) VALUES
  (730000046,0,4,0,0,70,56,21,39,13,35,39,47,0,1,0.33000001311302185,0,0,0.33000001311302185,0,0,0.33000001311302185,0,0,0.33000001311302185,0,0),
  (730000046,1,4,0,0,80,64,24,44,14,40,44,54,0,2,0.4399999976158142,0.17000000178813934,0,0.4399999976158142,0.17000000178813934,0,0.4399999976158142,0.17000000178813934,0,0.4399999976158142,0.17000000178813934,0),
  (730000046,2,4,0,0,80,64,24,44,14,40,44,54,0,3,0,0.17000000178813934,0,0,0.17000000178813934,0,0,0.17000000178813934,0,0,0.17000000178813934,0),
  (730000046,3,4,0,0,70,56,21,39,13,35,39,47,0,1,0.23000000417232513,0.029999999329447746,0,0.23000000417232513,0.029999999329447746,0,0.23000000417232513,0.029999999329447746,0,0.23000000417232513,0.029999999329447746,0),
  (730000046,4,4,0,0,80,64,24,44,14,40,44,54,0,2,0,0.30000001192092896,0,0,0.30000001192092896,0,0,0.30000001192092896,0,0,0.30000001192092896,0),
  (730000046,5,4,2,0.75,80,64,24,44,14,40,44,54,0,2,0,0.20000000298023224,0,0,0.20000000298023224,0,0,0.20000000298023224,0,0,0.20000000298023224,0),
  (730000046,6,4,0,0,90,72,27,50,16,45,50,60,0,3,0,0.12999999523162842,0.18000000715255737,0,0.12999999523162842,0.18000000715255737,0,0.12999999523162842,0.18000000715255737,0,0.12999999523162842,0.18000000715255737),
  (730000046,7,4,0,0,90,72,27,50,16,45,50,60,0,3,0,0,0.6000000238418579,0,0,0.6000000238418579,0,0,0.6000000238418579,0,0,0.6000000238418579),
  (730000046,8,4,3,0.75,90,72,27,50,16,45,50,60,0,3,0,0,0.2199999988079071,0,0,0.2199999988079071,0,0,0.2199999988079071,0,0,0.2199999988079071);
INSERT INTO `weenie_properties_spell_book` (`object_Id`,`spell`,`probability`) VALUES
  (730000046,59,2.0290000438690186),
  (730000046,65,2.0290000438690186),
  (730000046,70,2.0290000438690186),
  (730000046,76,2.0290000438690186),
  (730000046,81,2.0290000438690186),
  (730000046,87,2.0290000438690186),
  (730000046,93,2.0290000438690186),
  (730000046,172,2.009000062942505),
  (730000046,1238,2.0199999809265137),
  (730000046,1250,2.0199999809265137),
  (730000046,1261,2.0199999809265137),
  (730000046,1339,2.009000062942505),
  (730000046,1368,2.009000062942505),
  (730000046,1392,2.009000062942505),
  (730000046,1416,2.009000062942505),
  (730000046,1440,2.009000062942505),
  (730000046,1464,2.009000062942505);

INSERT INTO `weenie` (`class_Id`,`class_Name`,`type`,`last_Modified`) VALUES (730000047,'t11_tou_reedshark_pup',10,NOW());
INSERT INTO `weenie_properties_string` (`object_Id`,`type`,`value`) VALUES
  (730000047,1,'Reedshark Pup');
INSERT INTO `weenie_properties_int` (`object_Id`,`type`,`value`) VALUES
  (730000047,1,16),
  (730000047,2,16),
  (730000047,3,64),
  (730000047,6,-1),
  (730000047,7,-1),
  (730000047,16,1),
  (730000047,25,8),
  (730000047,40,2),
  (730000047,68,13),
  (730000047,93,1032),
  (730000047,133,2),
  (730000047,146,1000);
INSERT INTO `weenie_properties_float` (`object_Id`,`type`,`value`) VALUES
  (730000047,1,5),
  (730000047,2,0),
  (730000047,3,0.067),
  (730000047,4,5),
  (730000047,5,2),
  (730000047,12,0.5),
  (730000047,13,0.13),
  (730000047,14,0.3),
  (730000047,15,0.7),
  (730000047,16,0.12),
  (730000047,17,0.7),
  (730000047,18,0.6),
  (730000047,19,0.3),
  (730000047,31,22),
  (730000047,34,1),
  (730000047,36,1),
  (730000047,39,1),
  (730000047,64,0.6),
  (730000047,65,0.75),
  (730000047,66,1),
  (730000047,67,1),
  (730000047,68,0.66),
  (730000047,69,1),
  (730000047,70,0.75),
  (730000047,71,1),
  (730000047,72,1),
  (730000047,73,1),
  (730000047,74,1),
  (730000047,75,1),
  (730000047,104,10),
  (730000047,125,1);
INSERT INTO `weenie_properties_bool` (`object_Id`,`type`,`value`) VALUES
  (730000047,1,1),
  (730000047,11,0),
  (730000047,12,1),
  (730000047,13,0),
  (730000047,14,1),
  (730000047,19,1);
INSERT INTO `weenie_properties_d_i_d` (`object_Id`,`type`,`value`) VALUES
  (730000047,1,33554489),
  (730000047,2,150994970),
  (730000047,3,536870928),
  (730000047,4,805306378),
  (730000047,6,67109313),
  (730000047,7,268435556),
  (730000047,8,100667939),
  (730000047,22,872415268),
  (730000047,35,459);
INSERT INTO `weenie_properties_attribute` (`object_Id`,`type`,`init_Level`,`level_From_C_P`,`c_P_Spent`) VALUES
  (730000047,1,50,0,0),
  (730000047,2,60,0,0),
  (730000047,3,30,0,0),
  (730000047,4,80,0,0),
  (730000047,5,125,0,0),
  (730000047,6,115,0,0);
INSERT INTO `weenie_properties_attribute_2nd` (`object_Id`,`type`,`init_Level`,`level_From_C_P`,`c_P_Spent`,`current_Level`) VALUES
  (730000047,1,60,0,0,90),
  (730000047,3,70,0,0,130),
  (730000047,5,40,0,0,155);
INSERT INTO `weenie_properties_skill` (`object_Id`,`type`,`level_From_P_P`,`s_a_c`,`p_p`,`init_Level`,`resistance_At_Last_Check`,`last_Used_Time`) VALUES
  (730000047,6,0,3,0,86,0,0),
  (730000047,7,0,3,0,126,0,0),
  (730000047,14,0,3,0,50,0,0),
  (730000047,15,0,3,0,76,0,0),
  (730000047,20,0,3,0,50,0,0),
  (730000047,31,0,3,0,24,0,0),
  (730000047,33,0,3,0,24,0,0),
  (730000047,34,0,3,0,24,0,0),
  (730000047,44,0,3,0,90,0,0),
  (730000047,45,0,3,0,90,0,0),
  (730000047,46,0,3,0,90,0,0),
  (730000047,47,0,3,0,100,0,0),
  (730000047,48,0,3,0,90,0,0);
INSERT INTO `weenie_properties_body_part` (`object_Id`,`key`,`d_Type`,`d_Val`,`d_Var`,`base_Armor`,`armor_Vs_Slash`,`armor_Vs_Pierce`,`armor_Vs_Bludgeon`,`armor_Vs_Cold`,`armor_Vs_Fire`,`armor_Vs_Acid`,`armor_Vs_Electric`,`armor_Vs_Nether`,`b_h`,`h_l_f`,`m_l_f`,`l_l_f`,`h_r_f`,`m_r_f`,`l_r_f`,`h_l_b`,`m_l_b`,`l_l_b`,`h_r_b`,`m_r_b`,`l_r_b`) VALUES
  (730000047,0,4,0,0,70,56,21,39,13,35,39,47,0,1,0.33000001311302185,0,0,0.33000001311302185,0,0,0.33000001311302185,0,0,0.33000001311302185,0,0),
  (730000047,1,4,0,0,80,64,24,44,14,40,44,54,0,2,0.4399999976158142,0.17000000178813934,0,0.4399999976158142,0.17000000178813934,0,0.4399999976158142,0.17000000178813934,0,0.4399999976158142,0.17000000178813934,0),
  (730000047,2,4,0,0,80,64,24,44,14,40,44,54,0,3,0,0.17000000178813934,0,0,0.17000000178813934,0,0,0.17000000178813934,0,0,0.17000000178813934,0),
  (730000047,3,4,0,0,70,56,21,39,13,35,39,47,0,1,0.23000000417232513,0.029999999329447746,0,0.23000000417232513,0.029999999329447746,0,0.23000000417232513,0.029999999329447746,0,0.23000000417232513,0.029999999329447746,0),
  (730000047,4,4,0,0,80,64,24,44,14,40,44,54,0,2,0,0.30000001192092896,0,0,0.30000001192092896,0,0,0.30000001192092896,0,0,0.30000001192092896,0),
  (730000047,5,4,2,0.75,80,64,24,44,14,40,44,54,0,2,0,0.20000000298023224,0,0,0.20000000298023224,0,0,0.20000000298023224,0,0,0.20000000298023224,0),
  (730000047,6,4,0,0,90,72,27,50,16,45,50,60,0,3,0,0.12999999523162842,0.18000000715255737,0,0.12999999523162842,0.18000000715255737,0,0.12999999523162842,0.18000000715255737,0,0.12999999523162842,0.18000000715255737),
  (730000047,7,4,0,0,90,72,27,50,16,45,50,60,0,3,0,0,0.6000000238418579,0,0,0.6000000238418579,0,0,0.6000000238418579,0,0,0.6000000238418579),
  (730000047,8,4,3,0.75,90,72,27,50,16,45,50,60,0,3,0,0,0.2199999988079071,0,0,0.2199999988079071,0,0,0.2199999988079071,0,0,0.2199999988079071);
INSERT INTO `weenie_properties_spell_book` (`object_Id`,`spell`,`probability`) VALUES
  (730000047,59,2.0290000438690186),
  (730000047,65,2.0290000438690186),
  (730000047,70,2.0290000438690186),
  (730000047,76,2.0290000438690186),
  (730000047,81,2.0290000438690186),
  (730000047,87,2.0290000438690186),
  (730000047,93,2.0290000438690186),
  (730000047,172,2.009000062942505),
  (730000047,1238,2.0199999809265137),
  (730000047,1250,2.0199999809265137),
  (730000047,1261,2.0199999809265137),
  (730000047,1339,2.009000062942505),
  (730000047,1368,2.009000062942505),
  (730000047,1392,2.009000062942505),
  (730000047,1416,2.009000062942505),
  (730000047,1440,2.009000062942505),
  (730000047,1464,2.009000062942505);
INSERT INTO `weenie_properties_create_list` (`object_Id`,`destination_Type`,`weenie_Class_Id`,`stack_Size`,`palette`,`shade`,`try_To_Bond`) VALUES
  (730000047,9,4238,0,0,0.07999999821186066,0),
  (730000047,9,0,0,0,0.9200000166893005,0);

INSERT INTO `weenie` (`class_Id`,`class_Name`,`type`,`last_Modified`) VALUES (730000048,'t11_tou_adult_reedshark',10,NOW());
INSERT INTO `weenie_properties_string` (`object_Id`,`type`,`value`) VALUES
  (730000048,1,'Adult Reedshark');
INSERT INTO `weenie_properties_int` (`object_Id`,`type`,`value`) VALUES
  (730000048,1,16),
  (730000048,2,16),
  (730000048,3,62),
  (730000048,6,-1),
  (730000048,7,-1),
  (730000048,16,1),
  (730000048,25,15),
  (730000048,40,2),
  (730000048,68,13),
  (730000048,93,1032),
  (730000048,133,2),
  (730000048,146,2000);
INSERT INTO `weenie_properties_float` (`object_Id`,`type`,`value`) VALUES
  (730000048,1,5),
  (730000048,2,0),
  (730000048,3,0.067),
  (730000048,4,5),
  (730000048,5,2),
  (730000048,12,0.5),
  (730000048,13,0.28),
  (730000048,14,0.4),
  (730000048,15,0.7),
  (730000048,16,0.25),
  (730000048,17,0.7),
  (730000048,18,0.6),
  (730000048,19,0.4),
  (730000048,31,22),
  (730000048,34,1),
  (730000048,36,1),
  (730000048,39,1.4),
  (730000048,64,0.6),
  (730000048,65,0.75),
  (730000048,66,1),
  (730000048,67,1),
  (730000048,68,0.66),
  (730000048,69,1),
  (730000048,70,0.75),
  (730000048,71,1),
  (730000048,72,1),
  (730000048,73,1),
  (730000048,74,1),
  (730000048,75,1),
  (730000048,104,10),
  (730000048,125,1);
INSERT INTO `weenie_properties_bool` (`object_Id`,`type`,`value`) VALUES
  (730000048,1,1),
  (730000048,11,0),
  (730000048,12,1),
  (730000048,13,0),
  (730000048,14,1),
  (730000048,19,1);
INSERT INTO `weenie_properties_d_i_d` (`object_Id`,`type`,`value`) VALUES
  (730000048,1,33554489),
  (730000048,2,150994970),
  (730000048,3,536870928),
  (730000048,4,805306378),
  (730000048,6,67109313),
  (730000048,7,268435556),
  (730000048,8,100667939),
  (730000048,22,872415268),
  (730000048,35,459);
INSERT INTO `weenie_properties_attribute` (`object_Id`,`type`,`init_Level`,`level_From_C_P`,`c_P_Spent`) VALUES
  (730000048,1,50,0,0),
  (730000048,2,60,0,0),
  (730000048,3,30,0,0),
  (730000048,4,80,0,0),
  (730000048,5,125,0,0),
  (730000048,6,115,0,0);
INSERT INTO `weenie_properties_attribute_2nd` (`object_Id`,`type`,`init_Level`,`level_From_C_P`,`c_P_Spent`,`current_Level`) VALUES
  (730000048,1,60,0,0,90),
  (730000048,3,70,0,0,130),
  (730000048,5,40,0,0,155);
INSERT INTO `weenie_properties_skill` (`object_Id`,`type`,`level_From_P_P`,`s_a_c`,`p_p`,`init_Level`,`resistance_At_Last_Check`,`last_Used_Time`) VALUES
  (730000048,6,0,3,0,86,0,0),
  (730000048,7,0,3,0,126,0,0),
  (730000048,14,0,3,0,50,0,0),
  (730000048,15,0,3,0,76,0,0),
  (730000048,20,0,3,0,50,0,0),
  (730000048,31,0,3,0,24,0,0),
  (730000048,33,0,3,0,24,0,0),
  (730000048,34,0,3,0,24,0,0),
  (730000048,44,0,3,0,90,0,0),
  (730000048,45,0,3,0,90,0,0),
  (730000048,46,0,3,0,90,0,0),
  (730000048,47,0,3,0,100,0,0),
  (730000048,48,0,3,0,90,0,0);
INSERT INTO `weenie_properties_body_part` (`object_Id`,`key`,`d_Type`,`d_Val`,`d_Var`,`base_Armor`,`armor_Vs_Slash`,`armor_Vs_Pierce`,`armor_Vs_Bludgeon`,`armor_Vs_Cold`,`armor_Vs_Fire`,`armor_Vs_Acid`,`armor_Vs_Electric`,`armor_Vs_Nether`,`b_h`,`h_l_f`,`m_l_f`,`l_l_f`,`h_r_f`,`m_r_f`,`l_r_f`,`h_l_b`,`m_l_b`,`l_l_b`,`h_r_b`,`m_r_b`,`l_r_b`) VALUES
  (730000048,0,4,0,0,70,56,21,39,13,35,39,47,0,1,0.33000001311302185,0,0,0.33000001311302185,0,0,0.33000001311302185,0,0,0.33000001311302185,0,0),
  (730000048,1,4,0,0,80,64,24,44,14,40,44,54,0,2,0.4399999976158142,0.17000000178813934,0,0.4399999976158142,0.17000000178813934,0,0.4399999976158142,0.17000000178813934,0,0.4399999976158142,0.17000000178813934,0),
  (730000048,2,4,0,0,80,64,24,44,14,40,44,54,0,3,0,0.17000000178813934,0,0,0.17000000178813934,0,0,0.17000000178813934,0,0,0.17000000178813934,0),
  (730000048,3,4,0,0,70,56,21,39,13,35,39,47,0,1,0.23000000417232513,0.029999999329447746,0,0.23000000417232513,0.029999999329447746,0,0.23000000417232513,0.029999999329447746,0,0.23000000417232513,0.029999999329447746,0),
  (730000048,4,4,0,0,80,64,24,44,14,40,44,54,0,2,0,0.30000001192092896,0,0,0.30000001192092896,0,0,0.30000001192092896,0,0,0.30000001192092896,0),
  (730000048,5,4,2,0.75,80,64,24,44,14,40,44,54,0,2,0,0.20000000298023224,0,0,0.20000000298023224,0,0,0.20000000298023224,0,0,0.20000000298023224,0),
  (730000048,6,4,0,0,90,72,27,50,16,45,50,60,0,3,0,0.12999999523162842,0.18000000715255737,0,0.12999999523162842,0.18000000715255737,0,0.12999999523162842,0.18000000715255737,0,0.12999999523162842,0.18000000715255737),
  (730000048,7,4,0,0,90,72,27,50,16,45,50,60,0,3,0,0,0.6000000238418579,0,0,0.6000000238418579,0,0,0.6000000238418579,0,0,0.6000000238418579),
  (730000048,8,4,3,0.75,90,72,27,50,16,45,50,60,0,3,0,0,0.2199999988079071,0,0,0.2199999988079071,0,0,0.2199999988079071,0,0,0.2199999988079071);
INSERT INTO `weenie_properties_spell_book` (`object_Id`,`spell`,`probability`) VALUES
  (730000048,59,2.0290000438690186),
  (730000048,65,2.0290000438690186),
  (730000048,70,2.0290000438690186),
  (730000048,76,2.0290000438690186),
  (730000048,81,2.0290000438690186),
  (730000048,87,2.0290000438690186),
  (730000048,93,2.0290000438690186),
  (730000048,172,2.009000062942505),
  (730000048,1238,2.0199999809265137),
  (730000048,1250,2.0199999809265137),
  (730000048,1261,2.0199999809265137),
  (730000048,1339,2.009000062942505),
  (730000048,1368,2.009000062942505),
  (730000048,1392,2.009000062942505),
  (730000048,1416,2.009000062942505),
  (730000048,1440,2.009000062942505),
  (730000048,1464,2.009000062942505);
INSERT INTO `weenie_properties_create_list` (`object_Id`,`destination_Type`,`weenie_Class_Id`,`stack_Size`,`palette`,`shade`,`try_To_Bond`) VALUES
  (730000048,9,4239,0,0,0.029999999329447746,0),
  (730000048,9,0,0,0,0.9700000286102295,0);

INSERT INTO `weenie` (`class_Id`,`class_Name`,`type`,`last_Modified`) VALUES (730000049,'t11_tou_veteran_reedshark',10,NOW());
INSERT INTO `weenie_properties_string` (`object_Id`,`type`,`value`) VALUES
  (730000049,1,'Veteran Reedshark');
INSERT INTO `weenie_properties_int` (`object_Id`,`type`,`value`) VALUES
  (730000049,1,16),
  (730000049,2,16),
  (730000049,6,-1),
  (730000049,7,-1),
  (730000049,16,1),
  (730000049,25,15),
  (730000049,40,2),
  (730000049,68,13),
  (730000049,93,1032),
  (730000049,133,2),
  (730000049,146,2000);
INSERT INTO `weenie_properties_float` (`object_Id`,`type`,`value`) VALUES
  (730000049,1,5),
  (730000049,2,0),
  (730000049,3,0.067),
  (730000049,4,5),
  (730000049,5,2),
  (730000049,13,0.42),
  (730000049,14,0.49),
  (730000049,15,0.7),
  (730000049,16,0.37),
  (730000049,17,0.7),
  (730000049,18,0.6),
  (730000049,19,0.49),
  (730000049,31,24),
  (730000049,34,1),
  (730000049,36,1),
  (730000049,39,1.4),
  (730000049,64,0.6),
  (730000049,65,0.75),
  (730000049,66,1),
  (730000049,67,1),
  (730000049,68,0.66),
  (730000049,69,1),
  (730000049,70,0.75),
  (730000049,71,1),
  (730000049,72,1),
  (730000049,73,1),
  (730000049,74,1),
  (730000049,75,1),
  (730000049,104,10),
  (730000049,125,1);
INSERT INTO `weenie_properties_bool` (`object_Id`,`type`,`value`) VALUES
  (730000049,1,1),
  (730000049,11,0),
  (730000049,12,1),
  (730000049,13,0),
  (730000049,14,1),
  (730000049,19,1);
INSERT INTO `weenie_properties_d_i_d` (`object_Id`,`type`,`value`) VALUES
  (730000049,1,33554489),
  (730000049,2,150994970),
  (730000049,3,536870928),
  (730000049,4,805306378),
  (730000049,8,100667939),
  (730000049,22,872415268),
  (730000049,35,459);
INSERT INTO `weenie_properties_attribute` (`object_Id`,`type`,`init_Level`,`level_From_C_P`,`c_P_Spent`) VALUES
  (730000049,1,50,0,0),
  (730000049,2,60,0,0),
  (730000049,3,30,0,0),
  (730000049,4,80,0,0),
  (730000049,5,125,0,0),
  (730000049,6,115,0,0);
INSERT INTO `weenie_properties_attribute_2nd` (`object_Id`,`type`,`init_Level`,`level_From_C_P`,`c_P_Spent`,`current_Level`) VALUES
  (730000049,1,60,0,0,90),
  (730000049,3,70,0,0,130),
  (730000049,5,40,0,0,155);
INSERT INTO `weenie_properties_skill` (`object_Id`,`type`,`level_From_P_P`,`s_a_c`,`p_p`,`init_Level`,`resistance_At_Last_Check`,`last_Used_Time`) VALUES
  (730000049,6,0,3,0,86,0,0),
  (730000049,7,0,3,0,126,0,0),
  (730000049,14,0,3,0,50,0,0),
  (730000049,15,0,3,0,76,0,0),
  (730000049,20,0,3,0,50,0,0),
  (730000049,31,0,3,0,24,0,0),
  (730000049,33,0,3,0,24,0,0),
  (730000049,34,0,3,0,24,0,0),
  (730000049,44,0,3,0,90,0,0),
  (730000049,45,0,3,0,90,0,0),
  (730000049,46,0,3,0,90,0,0),
  (730000049,47,0,3,0,100,0,0),
  (730000049,48,0,3,0,90,0,0);
INSERT INTO `weenie_properties_body_part` (`object_Id`,`key`,`d_Type`,`d_Val`,`d_Var`,`base_Armor`,`armor_Vs_Slash`,`armor_Vs_Pierce`,`armor_Vs_Bludgeon`,`armor_Vs_Cold`,`armor_Vs_Fire`,`armor_Vs_Acid`,`armor_Vs_Electric`,`armor_Vs_Nether`,`b_h`,`h_l_f`,`m_l_f`,`l_l_f`,`h_r_f`,`m_r_f`,`l_r_f`,`h_l_b`,`m_l_b`,`l_l_b`,`h_r_b`,`m_r_b`,`l_r_b`) VALUES
  (730000049,0,4,0,0,70,56,21,39,13,35,39,47,0,1,0.33000001311302185,0,0,0.33000001311302185,0,0,0.33000001311302185,0,0,0.33000001311302185,0,0),
  (730000049,1,4,0,0,80,64,24,44,14,40,44,54,0,2,0.4399999976158142,0.17000000178813934,0,0.4399999976158142,0.17000000178813934,0,0.4399999976158142,0.17000000178813934,0,0.4399999976158142,0.17000000178813934,0),
  (730000049,2,4,0,0,80,64,24,44,14,40,44,54,0,3,0,0.17000000178813934,0,0,0.17000000178813934,0,0,0.17000000178813934,0,0,0.17000000178813934,0),
  (730000049,3,4,0,0,70,56,21,39,13,35,39,47,0,1,0.23000000417232513,0.029999999329447746,0,0.23000000417232513,0.029999999329447746,0,0.23000000417232513,0.029999999329447746,0,0.23000000417232513,0.029999999329447746,0),
  (730000049,4,4,0,0,80,64,24,44,14,40,44,54,0,2,0,0.30000001192092896,0,0,0.30000001192092896,0,0,0.30000001192092896,0,0,0.30000001192092896,0),
  (730000049,5,4,2,0.75,80,64,24,44,14,40,44,54,0,2,0,0.20000000298023224,0,0,0.20000000298023224,0,0,0.20000000298023224,0,0,0.20000000298023224,0),
  (730000049,6,4,0,0,90,72,27,50,16,45,50,60,0,3,0,0.12999999523162842,0.18000000715255737,0,0.12999999523162842,0.18000000715255737,0,0.12999999523162842,0.18000000715255737,0,0.12999999523162842,0.18000000715255737),
  (730000049,7,4,0,0,90,72,27,50,16,45,50,60,0,3,0,0,0.6000000238418579,0,0,0.6000000238418579,0,0,0.6000000238418579,0,0,0.6000000238418579),
  (730000049,8,4,3,0.75,90,72,27,50,16,45,50,60,0,3,0,0,0.2199999988079071,0,0,0.2199999988079071,0,0,0.2199999988079071,0,0,0.2199999988079071);
INSERT INTO `weenie_properties_spell_book` (`object_Id`,`spell`,`probability`) VALUES
  (730000049,59,2.0290000438690186),
  (730000049,65,2.0290000438690186),
  (730000049,70,2.0290000438690186),
  (730000049,76,2.0290000438690186),
  (730000049,81,2.0290000438690186),
  (730000049,87,2.0290000438690186),
  (730000049,93,2.0290000438690186),
  (730000049,172,2.009000062942505),
  (730000049,1238,2.0199999809265137),
  (730000049,1250,2.0199999809265137),
  (730000049,1261,2.0199999809265137),
  (730000049,1339,2.009000062942505),
  (730000049,1368,2.009000062942505),
  (730000049,1392,2.009000062942505),
  (730000049,1416,2.009000062942505),
  (730000049,1440,2.009000062942505),
  (730000049,1464,2.009000062942505);
INSERT INTO `weenie_properties_create_list` (`object_Id`,`destination_Type`,`weenie_Class_Id`,`stack_Size`,`palette`,`shade`,`try_To_Bond`) VALUES
  (730000049,9,4239,0,0,0.05000000074505806,0),
  (730000049,9,0,0,0,0.949999988079071,0);

INSERT INTO `weenie` (`class_Id`,`class_Name`,`type`,`last_Modified`) VALUES (730000050,'t11_tou_water_golem',10,NOW());
INSERT INTO `weenie_properties_string` (`object_Id`,`type`,`value`) VALUES
  (730000050,1,'Water Golem');
INSERT INTO `weenie_properties_int` (`object_Id`,`type`,`value`) VALUES
  (730000050,1,16),
  (730000050,2,13),
  (730000050,6,-1),
  (730000050,7,-1),
  (730000050,16,1),
  (730000050,25,8),
  (730000050,27,0),
  (730000050,40,2),
  (730000050,68,5),
  (730000050,93,1032),
  (730000050,133,2),
  (730000050,146,1000);
INSERT INTO `weenie_properties_float` (`object_Id`,`type`,`value`) VALUES
  (730000050,1,5),
  (730000050,2,0),
  (730000050,3,0.25),
  (730000050,4,5),
  (730000050,5,2),
  (730000050,13,0.17),
  (730000050,14,0.38),
  (730000050,15,0.17),
  (730000050,16,1),
  (730000050,17,0.5),
  (730000050,18,0.79),
  (730000050,19,0.3),
  (730000050,31,13),
  (730000050,34,2.4),
  (730000050,36,1),
  (730000050,39,1.1),
  (730000050,64,0.33),
  (730000050,65,0.5),
  (730000050,66,0.33),
  (730000050,67,1),
  (730000050,68,1),
  (730000050,69,0.83),
  (730000050,70,1),
  (730000050,71,1),
  (730000050,72,1),
  (730000050,73,1),
  (730000050,74,1),
  (730000050,75,1),
  (730000050,76,0.2),
  (730000050,80,3),
  (730000050,104,10),
  (730000050,125,1);
INSERT INTO `weenie_properties_bool` (`object_Id`,`type`,`value`) VALUES
  (730000050,1,1),
  (730000050,6,1),
  (730000050,11,0),
  (730000050,12,1),
  (730000050,13,0),
  (730000050,14,1),
  (730000050,19,1);
INSERT INTO `weenie_properties_d_i_d` (`object_Id`,`type`,`value`) VALUES
  (730000050,1,33556454),
  (730000050,2,150995073),
  (730000050,3,536871067),
  (730000050,4,805306376),
  (730000050,8,100667940),
  (730000050,22,872415330),
  (730000050,35,465);
INSERT INTO `weenie_properties_attribute` (`object_Id`,`type`,`init_Level`,`level_From_C_P`,`c_P_Spent`) VALUES
  (730000050,1,50,0,0),
  (730000050,2,60,0,0),
  (730000050,3,30,0,0),
  (730000050,4,80,0,0),
  (730000050,5,125,0,0),
  (730000050,6,115,0,0);
INSERT INTO `weenie_properties_attribute_2nd` (`object_Id`,`type`,`init_Level`,`level_From_C_P`,`c_P_Spent`,`current_Level`) VALUES
  (730000050,1,60,0,0,90),
  (730000050,3,70,0,0,130),
  (730000050,5,40,0,0,155);
INSERT INTO `weenie_properties_skill` (`object_Id`,`type`,`level_From_P_P`,`s_a_c`,`p_p`,`init_Level`,`resistance_At_Last_Check`,`last_Used_Time`) VALUES
  (730000050,6,0,3,0,86,0,0),
  (730000050,7,0,3,0,126,0,0),
  (730000050,14,0,3,0,50,0,0),
  (730000050,15,0,3,0,76,0,0),
  (730000050,20,0,3,0,50,0,0),
  (730000050,31,0,3,0,24,0,0),
  (730000050,33,0,3,0,24,0,0),
  (730000050,34,0,3,0,24,0,0),
  (730000050,44,0,3,0,90,0,0),
  (730000050,45,0,3,0,90,0,0),
  (730000050,46,0,3,0,90,0,0),
  (730000050,47,0,3,0,100,0,0),
  (730000050,48,0,3,0,90,0,0);
INSERT INTO `weenie_properties_body_part` (`object_Id`,`key`,`d_Type`,`d_Val`,`d_Var`,`base_Armor`,`armor_Vs_Slash`,`armor_Vs_Pierce`,`armor_Vs_Bludgeon`,`armor_Vs_Cold`,`armor_Vs_Fire`,`armor_Vs_Acid`,`armor_Vs_Electric`,`armor_Vs_Nether`,`b_h`,`h_l_f`,`m_l_f`,`l_l_f`,`h_r_f`,`m_r_f`,`l_r_f`,`h_l_b`,`m_l_b`,`l_l_b`,`h_r_b`,`m_r_b`,`l_r_b`) VALUES
  (730000050,0,4,0,0,70,56,21,39,13,35,39,47,0,1,0.33000001311302185,0,0,0.33000001311302185,0,0,0.33000001311302185,0,0,0.33000001311302185,0,0),
  (730000050,1,4,0,0,80,64,24,44,14,40,44,54,0,2,0.4399999976158142,0.17000000178813934,0,0.4399999976158142,0.17000000178813934,0,0.4399999976158142,0.17000000178813934,0,0.4399999976158142,0.17000000178813934,0),
  (730000050,2,4,0,0,80,64,24,44,14,40,44,54,0,3,0,0.17000000178813934,0,0,0.17000000178813934,0,0,0.17000000178813934,0,0,0.17000000178813934,0),
  (730000050,3,4,0,0,70,56,21,39,13,35,39,47,0,1,0.23000000417232513,0.029999999329447746,0,0.23000000417232513,0.029999999329447746,0,0.23000000417232513,0.029999999329447746,0,0.23000000417232513,0.029999999329447746,0),
  (730000050,4,4,0,0,80,64,24,44,14,40,44,54,0,2,0,0.30000001192092896,0,0,0.30000001192092896,0,0,0.30000001192092896,0,0,0.30000001192092896,0),
  (730000050,5,4,2,0.75,80,64,24,44,14,40,44,54,0,2,0,0.20000000298023224,0,0,0.20000000298023224,0,0,0.20000000298023224,0,0,0.20000000298023224,0),
  (730000050,6,4,0,0,90,72,27,50,16,45,50,60,0,3,0,0.12999999523162842,0.18000000715255737,0,0.12999999523162842,0.18000000715255737,0,0.12999999523162842,0.18000000715255737,0,0.12999999523162842,0.18000000715255737),
  (730000050,7,4,0,0,90,72,27,50,16,45,50,60,0,3,0,0,0.6000000238418579,0,0,0.6000000238418579,0,0,0.6000000238418579,0,0,0.6000000238418579),
  (730000050,8,4,3,0.75,90,72,27,50,16,45,50,60,0,3,0,0,0.2199999988079071,0,0,0.2199999988079071,0,0,0.2199999988079071,0,0,0.2199999988079071);
INSERT INTO `weenie_properties_spell_book` (`object_Id`,`spell`,`probability`) VALUES
  (730000050,59,2.0290000438690186),
  (730000050,65,2.0290000438690186),
  (730000050,70,2.0290000438690186),
  (730000050,76,2.0290000438690186),
  (730000050,81,2.0290000438690186),
  (730000050,87,2.0290000438690186),
  (730000050,93,2.0290000438690186),
  (730000050,172,2.009000062942505),
  (730000050,1238,2.0199999809265137),
  (730000050,1250,2.0199999809265137),
  (730000050,1261,2.0199999809265137),
  (730000050,1339,2.009000062942505),
  (730000050,1368,2.009000062942505),
  (730000050,1392,2.009000062942505),
  (730000050,1416,2.009000062942505),
  (730000050,1440,2.009000062942505),
  (730000050,1464,2.009000062942505);
INSERT INTO `weenie_properties_create_list` (`object_Id`,`destination_Type`,`weenie_Class_Id`,`stack_Size`,`palette`,`shade`,`try_To_Bond`) VALUES
  (730000050,9,6353,0,0,0.009999999776482582,0),
  (730000050,9,0,0,0,0.9900000095367432,0),
  (730000050,9,10760,0,0,0.029999999329447746,0),
  (730000050,9,0,0,0,0.9700000286102295,0),
  (730000050,9,11354,0,0,0.05000000074505806,0),
  (730000050,9,0,0,0,0.949999988079071,0);

INSERT INTO `weenie` (`class_Id`,`class_Name`,`type`,`last_Modified`) VALUES (730000051,'t11_tou_sand_golem',10,NOW());
INSERT INTO `weenie_properties_string` (`object_Id`,`type`,`value`) VALUES
  (730000051,1,'Sand Golem');
INSERT INTO `weenie_properties_int` (`object_Id`,`type`,`value`) VALUES
  (730000051,1,16),
  (730000051,2,13),
  (730000051,3,17),
  (730000051,6,-1),
  (730000051,7,-1),
  (730000051,16,1),
  (730000051,25,30),
  (730000051,27,0),
  (730000051,40,2),
  (730000051,68,5),
  (730000051,93,1032),
  (730000051,133,2),
  (730000051,146,5000);
INSERT INTO `weenie_properties_float` (`object_Id`,`type`,`value`) VALUES
  (730000051,1,5),
  (730000051,2,0),
  (730000051,3,0.4),
  (730000051,4,0.5),
  (730000051,5,2),
  (730000051,12,0.5),
  (730000051,13,1),
  (730000051,14,1),
  (730000051,15,0.8),
  (730000051,16,0.6),
  (730000051,17,1),
  (730000051,18,0.6),
  (730000051,19,1),
  (730000051,31,13),
  (730000051,34,2.5),
  (730000051,64,0.55),
  (730000051,65,0.55),
  (730000051,66,0.8),
  (730000051,67,0.9),
  (730000051,68,1),
  (730000051,69,1),
  (730000051,70,0.8),
  (730000051,71,1),
  (730000051,72,1),
  (730000051,73,1),
  (730000051,74,1),
  (730000051,75,1),
  (730000051,80,3),
  (730000051,104,10),
  (730000051,125,1);
INSERT INTO `weenie_properties_bool` (`object_Id`,`type`,`value`) VALUES
  (730000051,1,1),
  (730000051,6,1),
  (730000051,11,0),
  (730000051,12,1),
  (730000051,13,0),
  (730000051,14,1),
  (730000051,19,1);
INSERT INTO `weenie_properties_d_i_d` (`object_Id`,`type`,`value`) VALUES
  (730000051,1,33556426),
  (730000051,2,150995073),
  (730000051,3,536870933),
  (730000051,4,805306376),
  (730000051,6,67112775),
  (730000051,7,268435984),
  (730000051,8,100667940),
  (730000051,22,872415329),
  (730000051,35,465);
INSERT INTO `weenie_properties_attribute` (`object_Id`,`type`,`init_Level`,`level_From_C_P`,`c_P_Spent`) VALUES
  (730000051,1,50,0,0),
  (730000051,2,60,0,0),
  (730000051,3,30,0,0),
  (730000051,4,80,0,0),
  (730000051,5,125,0,0),
  (730000051,6,115,0,0);
INSERT INTO `weenie_properties_attribute_2nd` (`object_Id`,`type`,`init_Level`,`level_From_C_P`,`c_P_Spent`,`current_Level`) VALUES
  (730000051,1,60,0,0,90),
  (730000051,3,70,0,0,130),
  (730000051,5,40,0,0,155);
INSERT INTO `weenie_properties_skill` (`object_Id`,`type`,`level_From_P_P`,`s_a_c`,`p_p`,`init_Level`,`resistance_At_Last_Check`,`last_Used_Time`) VALUES
  (730000051,6,0,3,0,86,0,0),
  (730000051,7,0,3,0,126,0,0),
  (730000051,14,0,3,0,50,0,0),
  (730000051,15,0,3,0,76,0,0),
  (730000051,20,0,3,0,50,0,0),
  (730000051,31,0,3,0,24,0,0),
  (730000051,33,0,3,0,24,0,0),
  (730000051,34,0,3,0,24,0,0),
  (730000051,44,0,3,0,90,0,0),
  (730000051,45,0,3,0,90,0,0),
  (730000051,46,0,3,0,90,0,0),
  (730000051,47,0,3,0,100,0,0),
  (730000051,48,0,3,0,90,0,0);
INSERT INTO `weenie_properties_body_part` (`object_Id`,`key`,`d_Type`,`d_Val`,`d_Var`,`base_Armor`,`armor_Vs_Slash`,`armor_Vs_Pierce`,`armor_Vs_Bludgeon`,`armor_Vs_Cold`,`armor_Vs_Fire`,`armor_Vs_Acid`,`armor_Vs_Electric`,`armor_Vs_Nether`,`b_h`,`h_l_f`,`m_l_f`,`l_l_f`,`h_r_f`,`m_r_f`,`l_r_f`,`h_l_b`,`m_l_b`,`l_l_b`,`h_r_b`,`m_r_b`,`l_r_b`) VALUES
  (730000051,0,4,0,0,70,56,21,39,13,35,39,47,0,1,0.33000001311302185,0,0,0.33000001311302185,0,0,0.33000001311302185,0,0,0.33000001311302185,0,0),
  (730000051,1,4,0,0,80,64,24,44,14,40,44,54,0,2,0.4399999976158142,0.17000000178813934,0,0.4399999976158142,0.17000000178813934,0,0.4399999976158142,0.17000000178813934,0,0.4399999976158142,0.17000000178813934,0),
  (730000051,2,4,0,0,80,64,24,44,14,40,44,54,0,3,0,0.17000000178813934,0,0,0.17000000178813934,0,0,0.17000000178813934,0,0,0.17000000178813934,0),
  (730000051,3,4,0,0,70,56,21,39,13,35,39,47,0,1,0.23000000417232513,0.029999999329447746,0,0.23000000417232513,0.029999999329447746,0,0.23000000417232513,0.029999999329447746,0,0.23000000417232513,0.029999999329447746,0),
  (730000051,4,4,0,0,80,64,24,44,14,40,44,54,0,2,0,0.30000001192092896,0,0,0.30000001192092896,0,0,0.30000001192092896,0,0,0.30000001192092896,0),
  (730000051,5,4,2,0.75,80,64,24,44,14,40,44,54,0,2,0,0.20000000298023224,0,0,0.20000000298023224,0,0,0.20000000298023224,0,0,0.20000000298023224,0),
  (730000051,6,4,0,0,90,72,27,50,16,45,50,60,0,3,0,0.12999999523162842,0.18000000715255737,0,0.12999999523162842,0.18000000715255737,0,0.12999999523162842,0.18000000715255737,0,0.12999999523162842,0.18000000715255737),
  (730000051,7,4,0,0,90,72,27,50,16,45,50,60,0,3,0,0,0.6000000238418579,0,0,0.6000000238418579,0,0,0.6000000238418579,0,0,0.6000000238418579),
  (730000051,8,4,3,0.75,90,72,27,50,16,45,50,60,0,3,0,0,0.2199999988079071,0,0,0.2199999988079071,0,0,0.2199999988079071,0,0,0.2199999988079071);
INSERT INTO `weenie_properties_spell_book` (`object_Id`,`spell`,`probability`) VALUES
  (730000051,59,2.0290000438690186),
  (730000051,65,2.0290000438690186),
  (730000051,70,2.0290000438690186),
  (730000051,76,2.0290000438690186),
  (730000051,81,2.0290000438690186),
  (730000051,87,2.0290000438690186),
  (730000051,93,2.0290000438690186),
  (730000051,172,2.009000062942505),
  (730000051,1238,2.0199999809265137),
  (730000051,1250,2.0199999809265137),
  (730000051,1261,2.0199999809265137),
  (730000051,1339,2.009000062942505),
  (730000051,1368,2.009000062942505),
  (730000051,1392,2.009000062942505),
  (730000051,1416,2.009000062942505),
  (730000051,1440,2.009000062942505),
  (730000051,1464,2.009000062942505);
INSERT INTO `weenie_properties_create_list` (`object_Id`,`destination_Type`,`weenie_Class_Id`,`stack_Size`,`palette`,`shade`,`try_To_Bond`) VALUES
  (730000051,9,6353,0,0,0.009999999776482582,0),
  (730000051,9,0,0,0,0.9900000095367432,0),
  (730000051,9,11352,0,0,0.05000000074505806,0),
  (730000051,9,0,0,0,0.949999988079071,0);

