-- T11 Tou Tou: camp randomization, per-species bosses, empower flags, variation-scaled counts
-- Generated migration. Run AFTER '730000001 T11 Tou Tou Mobs.sql' and
-- '730001001 T11 Tou Tou Generators and Placements.sql' (this file re-owns rows they seed).
--
-- Camp design: each camp gen spawns 1 boss (always) + a random mix of same-species mobs.
-- Total count = int 50103 (base 6 = boss + 5 mobs) + (landblock variation - int 50104 baseline 11),
-- applied by ApplyVariationScaledSpawnCount() in WorldObject_Generators.cs.

-- ============================== 1. Boss weenies (cloned species elites) ==============================
DELETE FROM `weenie` WHERE `class_Id` IN (730000101,730000102,730000103,730000104,730000105,730000106,730000107,730000108,730000109,730000110,730000111,730000112,730000113,730000114,730000115,730000116);
DELETE FROM `weenie_properties_attribute` WHERE `object_Id` IN (730000101,730000102,730000103,730000104,730000105,730000106,730000107,730000108,730000109,730000110,730000111,730000112,730000113,730000114,730000115,730000116);
DELETE FROM `weenie_properties_attribute_2nd` WHERE `object_Id` IN (730000101,730000102,730000103,730000104,730000105,730000106,730000107,730000108,730000109,730000110,730000111,730000112,730000113,730000114,730000115,730000116);
DELETE FROM `weenie_properties_body_part` WHERE `object_Id` IN (730000101,730000102,730000103,730000104,730000105,730000106,730000107,730000108,730000109,730000110,730000111,730000112,730000113,730000114,730000115,730000116);
DELETE FROM `weenie_properties_bool` WHERE `object_Id` IN (730000101,730000102,730000103,730000104,730000105,730000106,730000107,730000108,730000109,730000110,730000111,730000112,730000113,730000114,730000115,730000116);
DELETE FROM `weenie_properties_create_list` WHERE `object_Id` IN (730000101,730000102,730000103,730000104,730000105,730000106,730000107,730000108,730000109,730000110,730000111,730000112,730000113,730000114,730000115,730000116);
DELETE FROM `weenie_properties_d_i_d` WHERE `object_Id` IN (730000101,730000102,730000103,730000104,730000105,730000106,730000107,730000108,730000109,730000110,730000111,730000112,730000113,730000114,730000115,730000116);
DELETE FROM `weenie_properties_event_filter` WHERE `object_Id` IN (730000101,730000102,730000103,730000104,730000105,730000106,730000107,730000108,730000109,730000110,730000111,730000112,730000113,730000114,730000115,730000116);
DELETE FROM `weenie_properties_float` WHERE `object_Id` IN (730000101,730000102,730000103,730000104,730000105,730000106,730000107,730000108,730000109,730000110,730000111,730000112,730000113,730000114,730000115,730000116);
DELETE FROM `weenie_properties_int` WHERE `object_Id` IN (730000101,730000102,730000103,730000104,730000105,730000106,730000107,730000108,730000109,730000110,730000111,730000112,730000113,730000114,730000115,730000116);
DELETE FROM `weenie_properties_skill` WHERE `object_Id` IN (730000101,730000102,730000103,730000104,730000105,730000106,730000107,730000108,730000109,730000110,730000111,730000112,730000113,730000114,730000115,730000116);
DELETE FROM `weenie_properties_spell_book` WHERE `object_Id` IN (730000101,730000102,730000103,730000104,730000105,730000106,730000107,730000108,730000109,730000110,730000111,730000112,730000113,730000114,730000115,730000116);
DELETE FROM `weenie_properties_string` WHERE `object_Id` IN (730000101,730000102,730000103,730000104,730000105,730000106,730000107,730000108,730000109,730000110,730000111,730000112,730000113,730000114,730000115,730000116);
DELETE FROM `weenie_properties_emote` WHERE `object_Id` IN (730000101,730000102,730000103,730000104,730000105,730000106,730000107,730000108,730000109,730000110,730000111,730000112,730000113,730000114,730000115,730000116);
DELETE FROM `weenie_properties_generator` WHERE `object_Id` IN (730000101,730000102,730000103,730000104,730000105,730000106,730000107,730000108,730000109,730000110,730000111,730000112,730000113,730000114,730000115,730000116);
DELETE FROM `weenie_properties_anim_part` WHERE `object_Id` IN (730000101,730000102,730000103,730000104,730000105,730000106,730000107,730000108,730000109,730000110,730000111,730000112,730000113,730000114,730000115,730000116);
DELETE FROM `weenie_properties_palette` WHERE `object_Id` IN (730000101,730000102,730000103,730000104,730000105,730000106,730000107,730000108,730000109,730000110,730000111,730000112,730000113,730000114,730000115,730000116);
DELETE FROM `weenie_properties_texture_map` WHERE `object_Id` IN (730000101,730000102,730000103,730000104,730000105,730000106,730000107,730000108,730000109,730000110,730000111,730000112,730000113,730000114,730000115,730000116);
DELETE FROM `weenie_properties_position` WHERE `object_Id` IN (730000101,730000102,730000103,730000104,730000105,730000106,730000107,730000108,730000109,730000110,730000111,730000112,730000113,730000114,730000115,730000116);
DELETE FROM `weenie_properties_i_i_d` WHERE `object_Id` IN (730000101,730000102,730000103,730000104,730000105,730000106,730000107,730000108,730000109,730000110,730000111,730000112,730000113,730000114,730000115,730000116);
DELETE FROM `weenie_properties_book` WHERE `object_Id` IN (730000101,730000102,730000103,730000104,730000105,730000106,730000107,730000108,730000109,730000110,730000111,730000112,730000113,730000114,730000115,730000116);

INSERT INTO `weenie` (`class_Id`, `class_Name`, `type`, `last_Modified`) VALUES
  (730000101, 't11_tou_umbral_tyrant', 10, '2026-07-04 18:00:00'),
  (730000102, 't11_tou_water_golem_sovereign', 10, '2026-07-04 18:00:00'),
  (730000103, 't11_tou_granite_golem_monarch', 10, '2026-07-04 18:00:00'),
  (730000104, 't11_tou_elaniwood_golem_ancient', 10, '2026-07-04 18:00:00'),
  (730000105, 't11_tou_sand_golem_colossus', 10, '2026-07-04 18:00:00'),
  (730000106, 't11_tou_freshwater_armoredillo_matriarch', 10, '2026-07-04 18:00:00'),
  (730000107, 't11_tou_island_armoredillo_patriarch', 10, '2026-07-04 18:00:00'),
  (730000108, 't11_tou_shore_armoredillo_alpha', 10, '2026-07-04 18:00:00'),
  (730000109, 't11_tou_rank_moarsman_chieftain', 10, '2026-07-04 18:00:00'),
  (730000110, 't11_tou_ashen_moarsman_high_priest', 10, '2026-07-04 18:00:00'),
  (730000111, 't11_tou_shallows_obliterator', 10, '2026-07-04 18:00:00'),
  (730000112, 't11_tou_skeleton_overlord', 10, '2026-07-04 18:00:00'),
  (730000113, 't11_tou_skeleton_high_captain', 10, '2026-07-04 18:00:00'),
  (730000114, 't11_tou_lich_sovereign', 10, '2026-07-04 18:00:00'),
  (730000115, 't11_tou_mosswart_high_shaman', 10, '2026-07-04 18:00:00'),
  (730000116, 't11_tou_gold_phyntos_queen', 10, '2026-07-04 18:00:00');

INSERT INTO `weenie_properties_attribute` (`object_Id`, `type`, `init_Level`, `level_From_C_P`, `c_P_Spent`) VALUES
  (730000101,1,50,0,0),
  (730000101,2,60,0,0),
  (730000101,3,30,0,0),
  (730000101,4,80,0,0),
  (730000101,5,125,0,0),
  (730000101,6,115,0,0),
  (730000102,1,50,0,0),
  (730000102,2,60,0,0),
  (730000102,3,30,0,0),
  (730000102,4,80,0,0),
  (730000102,5,125,0,0),
  (730000102,6,115,0,0),
  (730000103,1,50,0,0),
  (730000103,2,60,0,0),
  (730000103,3,30,0,0),
  (730000103,4,80,0,0),
  (730000103,5,125,0,0),
  (730000103,6,115,0,0),
  (730000104,1,50,0,0),
  (730000104,2,60,0,0),
  (730000104,3,30,0,0),
  (730000104,4,80,0,0),
  (730000104,5,125,0,0),
  (730000104,6,115,0,0),
  (730000105,1,110,0,0),
  (730000105,2,150,0,0),
  (730000105,3,40,0,0),
  (730000105,4,50,0,0),
  (730000105,5,90,0,0),
  (730000105,6,90,0,0),
  (730000106,1,130,0,0),
  (730000106,2,115,0,0),
  (730000106,3,70,0,0),
  (730000106,4,75,0,0),
  (730000106,5,70,0,0),
  (730000106,6,70,0,0),
  (730000107,1,160,0,0),
  (730000107,2,120,0,0),
  (730000107,3,110,0,0),
  (730000107,4,130,0,0),
  (730000107,5,60,0,0),
  (730000107,6,60,0,0),
  (730000108,1,130,0,0),
  (730000108,2,115,0,0),
  (730000108,3,70,0,0),
  (730000108,4,75,0,0),
  (730000108,5,70,0,0),
  (730000108,6,70,0,0),
  (730000109,1,110,0,0),
  (730000109,2,110,0,0),
  (730000109,3,130,0,0),
  (730000109,4,90,0,0),
  (730000109,5,120,0,0),
  (730000109,6,70,0,0),
  (730000110,1,100,0,0),
  (730000110,2,100,0,0),
  (730000110,3,110,0,0),
  (730000110,4,80,0,0),
  (730000110,5,100,0,0),
  (730000110,6,60,0,0),
  (730000111,1,115,0,0),
  (730000111,2,130,0,0),
  (730000111,3,165,0,0),
  (730000111,4,180,0,0),
  (730000111,5,80,0,0),
  (730000111,6,100,0,0),
  (730000112,1,65,0,0),
  (730000112,2,75,0,0),
  (730000112,3,120,0,0),
  (730000112,4,115,0,0),
  (730000112,5,120,0,0),
  (730000112,6,130,0,0),
  (730000113,1,45,0,0),
  (730000113,2,60,0,0),
  (730000113,3,100,0,0),
  (730000113,4,90,0,0),
  (730000113,5,65,0,0),
  (730000113,6,75,0,0),
  (730000114,1,100,0,0),
  (730000114,2,110,0,0),
  (730000114,3,80,0,0),
  (730000114,4,140,0,0),
  (730000114,5,175,0,0),
  (730000114,6,165,0,0),
  (730000115,1,150,0,0),
  (730000115,2,140,0,0),
  (730000115,3,135,0,0),
  (730000115,4,120,0,0),
  (730000115,5,115,0,0),
  (730000115,6,105,0,0),
  (730000116,1,50,0,0),
  (730000116,2,60,0,0),
  (730000116,3,30,0,0),
  (730000116,4,80,0,0),
  (730000116,5,125,0,0),
  (730000116,6,115,0,0);

INSERT INTO `weenie_properties_attribute_2nd` (`object_Id`, `type`, `init_Level`, `level_From_C_P`, `c_P_Spent`, `current_Level`) VALUES
  (730000101,1,60,0,0,90),
  (730000101,3,70,0,0,130),
  (730000101,5,40,0,0,155),
  (730000102,1,60,0,0,90),
  (730000102,3,70,0,0,130),
  (730000102,5,40,0,0,155),
  (730000103,1,60,0,0,90),
  (730000103,3,70,0,0,130),
  (730000103,5,40,0,0,155),
  (730000104,1,60,0,0,90),
  (730000104,3,70,0,0,130),
  (730000104,5,40,0,0,155),
  (730000105,1,70,0,0,145),
  (730000105,3,100,0,0,250),
  (730000105,5,120,0,0,210),
  (730000106,1,40,0,0,98),
  (730000106,3,150,0,0,265),
  (730000106,5,0,0,0,70),
  (730000107,1,58,0,0,118),
  (730000107,3,140,0,0,260),
  (730000107,5,0,0,0,60),
  (730000108,1,40,0,0,98),
  (730000108,3,150,0,0,265),
  (730000108,5,0,0,0,70),
  (730000109,1,70,0,0,125),
  (730000109,3,125,0,0,235),
  (730000109,5,0,0,0,70),
  (730000110,1,60,0,0,110),
  (730000110,3,115,0,0,215),
  (730000110,5,0,0,0,60),
  (730000111,1,135,0,0,200),
  (730000111,3,280,0,0,410),
  (730000111,5,10,0,0,110),
  (730000112,1,70,0,0,108),
  (730000112,3,90,0,0,165),
  (730000112,5,100,0,0,230),
  (730000113,1,65,0,0,95),
  (730000113,3,80,0,0,140),
  (730000113,5,0,0,0,75),
  (730000114,1,180,0,0,235),
  (730000114,3,220,0,0,330),
  (730000114,5,150,0,0,315),
  (730000115,1,72,0,0,142),
  (730000115,3,110,0,0,250),
  (730000115,5,130,0,0,235),
  (730000116,1,60,0,0,90),
  (730000116,3,70,0,0,130),
  (730000116,5,40,0,0,155);

INSERT INTO `weenie_properties_body_part` (`object_Id`, `key`, `d_Type`, `d_Val`, `d_Var`, `base_Armor`, `armor_Vs_Slash`, `armor_Vs_Pierce`, `armor_Vs_Bludgeon`, `armor_Vs_Cold`, `armor_Vs_Fire`, `armor_Vs_Acid`, `armor_Vs_Electric`, `armor_Vs_Nether`, `b_h`, `h_l_f`, `m_l_f`, `l_l_f`, `h_r_f`, `m_r_f`, `l_r_f`, `h_l_b`, `m_l_b`, `l_l_b`, `h_r_b`, `m_r_b`, `l_r_b`) VALUES
  (730000101,0,4,0,0,70,56,21,39,13,35,39,47,0,1,0.33000001311302185,0,0,0.33000001311302185,0,0,0.33000001311302185,0,0,0.33000001311302185,0,0),
  (730000101,1,4,0,0,80,64,24,44,14,40,44,54,0,2,0.4399999976158142,0.17000000178813934,0,0.4399999976158142,0.17000000178813934,0,0.4399999976158142,0.17000000178813934,0,0.4399999976158142,0.17000000178813934,0),
  (730000101,2,4,0,0,80,64,24,44,14,40,44,54,0,3,0,0.17000000178813934,0,0,0.17000000178813934,0,0,0.17000000178813934,0,0,0.17000000178813934,0),
  (730000101,3,4,0,0,70,56,21,39,13,35,39,47,0,1,0.23000000417232513,0.029999999329447746,0,0.23000000417232513,0.029999999329447746,0,0.23000000417232513,0.029999999329447746,0,0.23000000417232513,0.029999999329447746,0),
  (730000101,4,4,0,0,80,64,24,44,14,40,44,54,0,2,0,0.30000001192092896,0,0,0.30000001192092896,0,0,0.30000001192092896,0,0,0.30000001192092896,0),
  (730000101,5,4,2,0.75,80,64,24,44,14,40,44,54,0,2,0,0.20000000298023224,0,0,0.20000000298023224,0,0,0.20000000298023224,0,0,0.20000000298023224,0),
  (730000101,6,4,0,0,90,72,27,50,16,45,50,60,0,3,0,0.12999999523162842,0.18000000715255737,0,0.12999999523162842,0.18000000715255737,0,0.12999999523162842,0.18000000715255737,0,0.12999999523162842,0.18000000715255737),
  (730000101,7,4,0,0,90,72,27,50,16,45,50,60,0,3,0,0,0.6000000238418579,0,0,0.6000000238418579,0,0,0.6000000238418579,0,0,0.6000000238418579),
  (730000101,8,4,3,0.75,90,72,27,50,16,45,50,60,0,3,0,0,0.2199999988079071,0,0,0.2199999988079071,0,0,0.2199999988079071,0,0,0.2199999988079071),
  (730000102,0,4,0,0,70,56,21,39,13,35,39,47,0,1,0.33000001311302185,0,0,0.33000001311302185,0,0,0.33000001311302185,0,0,0.33000001311302185,0,0),
  (730000102,1,4,0,0,80,64,24,44,14,40,44,54,0,2,0.4399999976158142,0.17000000178813934,0,0.4399999976158142,0.17000000178813934,0,0.4399999976158142,0.17000000178813934,0,0.4399999976158142,0.17000000178813934,0),
  (730000102,2,4,0,0,80,64,24,44,14,40,44,54,0,3,0,0.17000000178813934,0,0,0.17000000178813934,0,0,0.17000000178813934,0,0,0.17000000178813934,0),
  (730000102,3,4,0,0,70,56,21,39,13,35,39,47,0,1,0.23000000417232513,0.029999999329447746,0,0.23000000417232513,0.029999999329447746,0,0.23000000417232513,0.029999999329447746,0,0.23000000417232513,0.029999999329447746,0),
  (730000102,4,4,0,0,80,64,24,44,14,40,44,54,0,2,0,0.30000001192092896,0,0,0.30000001192092896,0,0,0.30000001192092896,0,0,0.30000001192092896,0),
  (730000102,5,4,2,0.75,80,64,24,44,14,40,44,54,0,2,0,0.20000000298023224,0,0,0.20000000298023224,0,0,0.20000000298023224,0,0,0.20000000298023224,0),
  (730000102,6,4,0,0,90,72,27,50,16,45,50,60,0,3,0,0.12999999523162842,0.18000000715255737,0,0.12999999523162842,0.18000000715255737,0,0.12999999523162842,0.18000000715255737,0,0.12999999523162842,0.18000000715255737),
  (730000102,7,4,0,0,90,72,27,50,16,45,50,60,0,3,0,0,0.6000000238418579,0,0,0.6000000238418579,0,0,0.6000000238418579,0,0,0.6000000238418579),
  (730000102,8,4,3,0.75,90,72,27,50,16,45,50,60,0,3,0,0,0.2199999988079071,0,0,0.2199999988079071,0,0,0.2199999988079071,0,0,0.2199999988079071),
  (730000103,0,4,0,0,70,56,21,39,13,35,39,47,0,1,0.33000001311302185,0,0,0.33000001311302185,0,0,0.33000001311302185,0,0,0.33000001311302185,0,0),
  (730000103,1,4,0,0,80,64,24,44,14,40,44,54,0,2,0.4399999976158142,0.17000000178813934,0,0.4399999976158142,0.17000000178813934,0,0.4399999976158142,0.17000000178813934,0,0.4399999976158142,0.17000000178813934,0),
  (730000103,2,4,0,0,80,64,24,44,14,40,44,54,0,3,0,0.17000000178813934,0,0,0.17000000178813934,0,0,0.17000000178813934,0,0,0.17000000178813934,0),
  (730000103,3,4,0,0,70,56,21,39,13,35,39,47,0,1,0.23000000417232513,0.029999999329447746,0,0.23000000417232513,0.029999999329447746,0,0.23000000417232513,0.029999999329447746,0,0.23000000417232513,0.029999999329447746,0),
  (730000103,4,4,0,0,80,64,24,44,14,40,44,54,0,2,0,0.30000001192092896,0,0,0.30000001192092896,0,0,0.30000001192092896,0,0,0.30000001192092896,0),
  (730000103,5,4,2,0.75,80,64,24,44,14,40,44,54,0,2,0,0.20000000298023224,0,0,0.20000000298023224,0,0,0.20000000298023224,0,0,0.20000000298023224,0),
  (730000103,6,4,0,0,90,72,27,50,16,45,50,60,0,3,0,0.12999999523162842,0.18000000715255737,0,0.12999999523162842,0.18000000715255737,0,0.12999999523162842,0.18000000715255737,0,0.12999999523162842,0.18000000715255737),
  (730000103,7,4,0,0,90,72,27,50,16,45,50,60,0,3,0,0,0.6000000238418579,0,0,0.6000000238418579,0,0,0.6000000238418579,0,0,0.6000000238418579),
  (730000103,8,4,3,0.75,90,72,27,50,16,45,50,60,0,3,0,0,0.2199999988079071,0,0,0.2199999988079071,0,0,0.2199999988079071,0,0,0.2199999988079071),
  (730000104,0,4,0,0,70,56,21,39,13,35,39,47,0,1,0.33000001311302185,0,0,0.33000001311302185,0,0,0.33000001311302185,0,0,0.33000001311302185,0,0),
  (730000104,1,4,0,0,80,64,24,44,14,40,44,54,0,2,0.4399999976158142,0.17000000178813934,0,0.4399999976158142,0.17000000178813934,0,0.4399999976158142,0.17000000178813934,0,0.4399999976158142,0.17000000178813934,0),
  (730000104,2,4,0,0,80,64,24,44,14,40,44,54,0,3,0,0.17000000178813934,0,0,0.17000000178813934,0,0,0.17000000178813934,0,0,0.17000000178813934,0),
  (730000104,3,4,0,0,70,56,21,39,13,35,39,47,0,1,0.23000000417232513,0.029999999329447746,0,0.23000000417232513,0.029999999329447746,0,0.23000000417232513,0.029999999329447746,0,0.23000000417232513,0.029999999329447746,0),
  (730000104,4,4,0,0,80,64,24,44,14,40,44,54,0,2,0,0.30000001192092896,0,0,0.30000001192092896,0,0,0.30000001192092896,0,0,0.30000001192092896,0),
  (730000104,5,4,2,0.75,80,64,24,44,14,40,44,54,0,2,0,0.20000000298023224,0,0,0.20000000298023224,0,0,0.20000000298023224,0,0,0.20000000298023224,0),
  (730000104,6,4,0,0,90,72,27,50,16,45,50,60,0,3,0,0.12999999523162842,0.18000000715255737,0,0.12999999523162842,0.18000000715255737,0,0.12999999523162842,0.18000000715255737,0,0.12999999523162842,0.18000000715255737),
  (730000104,7,4,0,0,90,72,27,50,16,45,50,60,0,3,0,0,0.6000000238418579,0,0,0.6000000238418579,0,0,0.6000000238418579,0,0,0.6000000238418579),
  (730000104,8,4,3,0.75,90,72,27,50,16,45,50,60,0,3,0,0,0.2199999988079071,0,0,0.2199999988079071,0,0,0.2199999988079071,0,0,0.2199999988079071),
  (730000105,0,4,0,0,70,70,70,56,42,70,42,70,0,1,0.33,0,0,0.33,0,0,0.33,0,0,0.33,0,0),
  (730000105,1,4,0,0,70,70,70,56,42,70,42,70,0,2,0.44,0.17,0,0.44,0.17,0,0.44,0.17,0,0.44,0.17,0),
  (730000105,2,4,0,0,70,70,70,56,42,70,42,70,0,3,0,0.17,0,0,0.17,0,0,0.17,0,0,0.17,0),
  (730000105,3,4,0,0,70,70,70,56,42,70,42,70,0,1,0.23,0.03,0,0.23,0.03,0,0.23,0.03,0,0.23,0.03,0),
  (730000105,4,4,0,0,70,70,70,56,42,70,42,70,0,2,0,0.3,0,0,0.3,0,0,0.3,0,0,0.3,0),
  (730000105,5,4,30,0.75,70,70,70,56,42,70,42,70,0,2,0,0.2,0,0,0.2,0,0,0.2,0,0,0.2,0),
  (730000105,6,4,0,0,70,70,70,56,42,70,42,70,0,3,0,0.13,0.18,0,0.13,0.18,0,0.13,0.18,0,0.13,0.18),
  (730000105,7,4,0,0,70,70,70,56,42,70,42,70,0,3,0,0,0.6,0,0,0.6,0,0,0.6,0,0,0.6),
  (730000105,8,4,30,0.75,70,70,70,56,42,70,42,70,0,3,0,0,0.22,0,0,0.22,0,0,0.22,0,0,0.22),
  (730000106,0,1,15,0.75,70,15,49,18,21,30,39,30,0,1,0.7,0.34,0,0.7,0.34,0,0,0,0,0,0,0),
  (730000106,9,1,40,0.75,80,18,56,20,24,34,44,34,0,1,0.3,0.33,0,0.3,0.33,0,0,0,0,0,0,0),
  (730000106,16,1,40,0.5,70,15,49,18,21,30,39,30,0,2,0,0.33,0.3,0,0.33,0.3,0.5,0.34,0.3,0.5,0.34,0.3),
  (730000106,17,4,0,0,70,15,49,18,21,30,39,30,0,2,0,0,0,0,0,0,0.5,0.33,0,0.5,0.33,0),
  (730000106,19,4,0,0,70,15,49,18,21,30,39,30,0,3,0,0,0.7,0,0,0.7,0,0.33,0.7,0,0.33,0.7),
  (730000107,0,1,20,0.75,190,93,133,103,112,114,112,114,0,1,0.7,0.34,0,0.7,0.34,0,0,0,0,0,0,0),
  (730000107,9,1,75,0.75,250,123,175,135,148,150,148,150,0,1,0.3,0.33,0,0.3,0.33,0,0,0,0,0,0,0),
  (730000107,16,1,45,0.5,220,108,154,119,130,132,130,132,0,2,0,0.33,0.3,0,0.33,0.3,0.5,0.34,0.3,0.5,0.34,0.3),
  (730000107,17,4,0,0,220,108,154,119,130,132,130,132,0,2,0,0,0,0,0,0,0.5,0.33,0,0.5,0.33,0),
  (730000107,19,4,0,0,190,93,133,103,112,114,112,114,0,3,0,0,0.7,0,0,0.7,0,0.33,0.7,0,0.33,0.7),
  (730000108,0,1,15,0.75,70,15,49,18,21,30,18,30,0,1,0.7,0.34,0,0.7,0.34,0,0,0,0,0,0,0),
  (730000108,9,1,40,0.75,80,18,56,20,24,34,21,34,0,1,0.3,0.33,0,0.3,0.33,0,0,0,0,0,0,0),
  (730000108,16,1,40,0.5,70,15,49,18,21,30,18,30,0,2,0,0.33,0.3,0,0.33,0.3,0.5,0.34,0.3,0.5,0.34,0.3),
  (730000108,17,4,0,0,70,15,49,18,21,30,18,30,0,2,0,0,0,0,0,0,0.5,0.33,0,0.5,0.33,0),
  (730000108,19,4,0,0,70,15,49,18,21,30,18,30,0,3,0,0,0.7,0,0,0.7,0,0.33,0.7,0,0.33,0.7),
  (730000109,0,32,20,0.75,140,101,91,53,101,74,27,53,0,1,0.33,0,0,0.33,0,0,0.33,0,0,0.33,0,0),
  (730000109,1,4,0,0,150,108,98,57,108,80,29,57,0,2,0.44,0.17,0,0.44,0.17,0,0.44,0.17,0,0.44,0.17,0),
  (730000109,2,4,0,0,150,108,98,57,108,80,29,57,0,3,0,0.17,0,0,0.17,0,0,0.17,0,0,0.17,0),
  (730000109,3,4,0,0,150,108,98,57,108,80,29,57,0,1,0.23,0.03,0,0.23,0.03,0,0.23,0.03,0,0.23,0.03,0),
  (730000109,4,4,0,0,150,108,98,57,108,80,29,57,0,2,0,0.3,0,0,0.3,0,0,0.3,0,0,0.3,0),
  (730000109,5,32,15,0.75,150,108,98,57,108,80,29,57,0,2,0,0.2,0,0,0.2,0,0,0.2,0,0,0.2,0),
  (730000109,6,4,0,0,150,108,98,57,108,80,29,57,0,3,0,0.13,0.18,0,0.13,0.18,0,0.13,0.18,0,0.13,0.18),
  (730000109,7,4,0,0,150,108,98,57,108,80,29,57,0,3,0,0,0.6,0,0,0.6,0,0,0.6,0,0,0.6),
  (730000109,8,32,15,0.75,150,108,98,57,108,80,29,57,0,3,0,0,0.22,0,0,0.22,0,0,0.22,0,0,0.22),
  (730000109,22,16,20,0.75,0,0,0,0,0,0,0,0,0,0,0,0,0,0,0,0,0,0,0,0,0,0),
  (730000110,0,32,0,0,50,50,75,75,60,35,75,75,0,1,0.33,0,0,0.33,0,0,0.33,0,0,0.33,0,0),
  (730000110,1,4,0,0,70,70,105,105,84,49,105,105,0,2,0.44,0.17,0,0.44,0.17,0,0.44,0.17,0,0.44,0.17,0),
  (730000110,2,4,0,0,70,70,105,105,84,49,105,105,0,3,0,0.17,0,0,0.17,0,0,0.17,0,0,0.17,0),
  (730000110,3,4,0,0,70,70,105,105,84,49,105,105,0,1,0.23,0.03,0,0.23,0.03,0,0.23,0.03,0,0.23,0.03,0),
  (730000110,4,4,0,0,70,70,105,105,84,49,105,105,0,2,0,0.3,0,0,0.3,0,0,0.3,0,0,0.3,0),
  (730000110,5,32,20,0.75,70,70,105,105,84,49,105,105,0,2,0,0.2,0,0,0.2,0,0,0.2,0,0,0.2,0),
  (730000110,6,4,0,0,50,50,75,75,60,35,75,75,0,3,0,0.13,0.18,0,0.13,0.18,0,0.13,0.18,0,0.13,0.18),
  (730000110,7,4,0,0,50,50,75,75,60,35,75,75,0,3,0,0,0.6,0,0,0.6,0,0,0.6,0,0,0.6),
  (730000110,8,32,20,0.75,50,50,75,75,60,35,75,75,0,3,0,0,0.22,0,0,0.22,0,0,0.22,0,0,0.22),
  (730000111,0,2,45,0.75,135,105,122,105,76,135,88,105,0,2,0.4,0.1,0,0.4,0.1,0,0,0,0,0,0,0),
  (730000111,10,2,35,0.5,130,101,117,101,73,130,85,101,0,3,0,0.2,0.8,0,0.2,0.8,0,0,0,0,0,0),
  (730000111,13,2,25,0.5,130,101,117,101,73,130,85,101,0,3,0,0,0,0,0,0,0.1,0.3,0.7,0.1,0.3,0.7),
  (730000111,16,4,0,0,140,109,126,109,78,140,91,109,0,2,0.6,0.7,0.2,0.6,0.7,0.2,0.9,0.7,0.3,0.9,0.7,0.3),
  (730000112,0,4,0,0,90,33,14,45,5,74,15,30,0,1,0.33,0,0,0.33,0,0,0.33,0,0,0.33,0,0),
  (730000112,1,4,0,0,80,30,13,40,4,66,14,26,0,2,0.44,0.17,0,0.44,0.17,0,0.44,0.17,0,0.44,0.17,0),
  (730000112,2,4,0,0,80,30,13,40,4,66,14,26,0,3,0,0.17,0,0,0.17,0,0,0.17,0,0,0.17,0),
  (730000112,3,4,0,0,60,22,10,30,3,49,10,20,0,1,0.23,0.03,0,0.23,0.03,0,0.23,0.03,0,0.23,0.03,0),
  (730000112,4,4,0,0,50,19,8,25,3,41,9,17,0,2,0,0.3,0,0,0.3,0,0,0.3,0,0,0.3,0),
  (730000112,5,4,4,0.75,60,22,10,30,3,49,10,20,0,2,0,0.2,0,0,0.2,0,0,0.2,0,0,0.2,0),
  (730000112,6,4,0,0,65,24,10,33,3,53,11,21,0,3,0,0.13,0.18,0,0.13,0.18,0,0.13,0.18,0,0.13,0.18),
  (730000112,7,4,0,0,65,24,10,33,3,53,11,21,0,3,0,0,0.6,0,0,0.6,0,0,0.6,0,0,0.6),
  (730000112,8,4,5,0.75,75,28,12,38,4,61,13,25,0,3,0,0,0.22,0,0,0.22,0,0,0.22,0,0,0.22),
  (730000113,0,4,0,0,70,19,12,35,13,56,1,13,0,1,0.33,0,0,0.33,0,0,0.33,0,0,0.33,0,0),
  (730000113,1,4,0,0,60,16,10,30,11,48,1,11,0,2,0.44,0.17,0,0.44,0.17,0,0.44,0.17,0,0.44,0.17,0),
  (730000113,2,4,0,0,60,16,10,30,11,48,1,11,0,3,0,0.17,0,0,0.17,0,0,0.17,0,0,0.17,0),
  (730000113,3,4,0,0,55,15,9,28,10,44,1,10,0,1,0.23,0.03,0,0.23,0.03,0,0.23,0.03,0,0.23,0.03,0),
  (730000113,4,4,0,0,40,11,7,20,7,32,1,7,0,2,0,0.3,0,0,0.3,0,0,0.3,0,0,0.3,0),
  (730000113,5,4,4,0.75,55,15,9,28,10,44,1,10,0,2,0,0.2,0,0,0.2,0,0,0.2,0,0,0.2,0),
  (730000113,6,4,0,0,45,12,8,23,8,36,1,8,0,3,0,0.13,0.18,0,0.13,0.18,0,0.13,0.18,0,0.13,0.18),
  (730000113,7,4,0,0,45,12,8,23,8,36,1,8,0,3,0,0,0.6,0,0,0.6,0,0,0.6,0,0,0.6),
  (730000113,8,4,5,0.75,60,16,10,30,11,48,1,11,0,3,0,0,0.22,0,0,0.22,0,0,0.22,0,0,0.22),
  (730000114,0,4,0,0,110,88,46,68,42,55,68,77,0,1,0.33,0,0,0.33,0,0,0.33,0,0,0.33,0,0),
  (730000114,1,4,0,0,120,96,50,74,46,60,74,84,0,2,0.44,0.17,0,0.44,0.17,0,0.44,0.17,0,0.44,0.17,0),
  (730000114,2,4,0,0,120,96,50,74,46,60,74,84,0,3,0,0.17,0,0,0.17,0,0,0.17,0,0,0.17,0),
  (730000114,3,4,0,0,110,88,46,68,42,55,68,77,0,1,0.23,0.03,0,0.23,0.03,0,0.23,0.03,0,0.23,0.03,0),
  (730000114,4,4,0,0,120,96,50,74,46,60,74,84,0,2,0,0.3,0,0,0.3,0,0,0.3,0,0,0.3,0),
  (730000114,5,4,2,0.75,130,104,55,81,49,65,81,91,0,2,0,0.2,0,0,0.2,0,0,0.2,0,0,0.2,0),
  (730000114,6,4,0,0,130,104,55,81,49,65,81,91,0,3,0,0.13,0.18,0,0.13,0.18,0,0.13,0.18,0,0.13,0.18),
  (730000114,7,4,0,0,130,104,55,81,49,65,81,91,0,3,0,0,0.6,0,0,0.6,0,0,0.6,0,0,0.6),
  (730000114,8,4,3,0.75,130,104,55,81,49,65,81,91,0,3,0,0,0.22,0,0,0.22,0,0,0.22,0,0,0.22),
  (730000115,0,4,0,0,180,70,103,103,45,72,203,126,0,1,0.33,0,0,0.33,0,0,0.33,0,0,0.33,0,0),
  (730000115,1,4,0,0,175,68,100,100,44,70,198,122,0,2,0.44,0.17,0,0.44,0.17,0,0.44,0.17,0,0.44,0.17,0),
  (730000115,2,4,0,0,175,68,100,100,44,70,198,122,0,3,0,0.17,0,0,0.17,0,0,0.17,0,0,0.17,0),
  (730000115,3,4,0,0,175,68,100,100,44,70,198,122,0,1,0.23,0.03,0,0.23,0.03,0,0.23,0.03,0,0.23,0.03,0),
  (730000115,4,4,0,0,175,68,100,100,44,70,198,122,0,2,0,0.3,0,0,0.3,0,0,0.3,0,0,0.3,0),
  (730000115,5,4,15,0.75,175,68,100,100,44,70,198,122,0,2,0,0.2,0,0,0.2,0,0,0.2,0,0,0.2,0),
  (730000115,6,4,0,0,170,66,97,97,43,68,192,119,0,3,0,0.13,0.18,0,0.13,0.18,0,0.13,0.18,0,0.13,0.18),
  (730000115,7,4,0,0,170,66,97,97,43,68,192,119,0,3,0,0,0.6,0,0,0.6,0,0,0.6,0,0,0.6),
  (730000115,8,4,15,0.75,170,66,97,97,43,68,192,119,0,3,0,0,0.22,0,0,0.22,0,0,0.22,0,0,0.22),
  (730000116,0,4,0,0,70,56,21,39,13,35,39,47,0,1,0.33000001311302185,0,0,0.33000001311302185,0,0,0.33000001311302185,0,0,0.33000001311302185,0,0),
  (730000116,1,4,0,0,80,64,24,44,14,40,44,54,0,2,0.4399999976158142,0.17000000178813934,0,0.4399999976158142,0.17000000178813934,0,0.4399999976158142,0.17000000178813934,0,0.4399999976158142,0.17000000178813934,0),
  (730000116,2,4,0,0,80,64,24,44,14,40,44,54,0,3,0,0.17000000178813934,0,0,0.17000000178813934,0,0,0.17000000178813934,0,0,0.17000000178813934,0),
  (730000116,3,4,0,0,70,56,21,39,13,35,39,47,0,1,0.23000000417232513,0.029999999329447746,0,0.23000000417232513,0.029999999329447746,0,0.23000000417232513,0.029999999329447746,0,0.23000000417232513,0.029999999329447746,0),
  (730000116,4,4,0,0,80,64,24,44,14,40,44,54,0,2,0,0.30000001192092896,0,0,0.30000001192092896,0,0,0.30000001192092896,0,0,0.30000001192092896,0),
  (730000116,5,4,2,0.75,80,64,24,44,14,40,44,54,0,2,0,0.20000000298023224,0,0,0.20000000298023224,0,0,0.20000000298023224,0,0,0.20000000298023224,0),
  (730000116,6,4,0,0,90,72,27,50,16,45,50,60,0,3,0,0.12999999523162842,0.18000000715255737,0,0.12999999523162842,0.18000000715255737,0,0.12999999523162842,0.18000000715255737,0,0.12999999523162842,0.18000000715255737),
  (730000116,7,4,0,0,90,72,27,50,16,45,50,60,0,3,0,0,0.6000000238418579,0,0,0.6000000238418579,0,0,0.6000000238418579,0,0,0.6000000238418579),
  (730000116,8,4,3,0.75,90,72,27,50,16,45,50,60,0,3,0,0,0.2199999988079071,0,0,0.2199999988079071,0,0,0.2199999988079071,0,0,0.2199999988079071);

INSERT INTO `weenie_properties_bool` (`object_Id`, `type`, `value`) VALUES
  (730000101,1,1),
  (730000101,12,1),
  (730000101,14,1),
  (730000101,19,1),
  (730000101,42,1),
  (730000102,1,1),
  (730000102,6,1),
  (730000102,11,0),
  (730000102,12,1),
  (730000102,13,0),
  (730000102,14,1),
  (730000102,19,1),
  (730000103,1,1),
  (730000103,6,1),
  (730000103,11,0),
  (730000103,12,1),
  (730000103,13,0),
  (730000103,14,1),
  (730000103,19,1),
  (730000103,50,1),
  (730000104,1,1),
  (730000104,6,1),
  (730000104,11,0),
  (730000104,12,1),
  (730000104,13,0),
  (730000104,14,1),
  (730000104,19,1),
  (730000105,1,1),
  (730000105,6,1),
  (730000105,11,0),
  (730000105,12,1),
  (730000105,13,0),
  (730000105,14,1),
  (730000105,19,1),
  (730000106,1,1),
  (730000106,11,0),
  (730000106,12,1),
  (730000106,13,0),
  (730000106,14,1),
  (730000106,19,1),
  (730000107,1,1),
  (730000107,11,0),
  (730000107,12,1),
  (730000107,13,0),
  (730000107,14,1),
  (730000107,19,1),
  (730000108,1,1),
  (730000108,11,0),
  (730000108,12,1),
  (730000108,13,0),
  (730000108,14,1),
  (730000108,19,1),
  (730000109,1,1),
  (730000109,11,0),
  (730000109,12,1),
  (730000109,13,0),
  (730000109,14,1),
  (730000109,19,1),
  (730000110,1,1),
  (730000110,11,0),
  (730000110,12,1),
  (730000110,13,0),
  (730000110,14,1),
  (730000110,19,1),
  (730000111,1,1),
  (730000111,11,0),
  (730000111,12,1),
  (730000111,13,0),
  (730000111,14,1),
  (730000111,19,1),
  (730000112,1,1),
  (730000112,6,1),
  (730000112,11,0),
  (730000112,12,1),
  (730000112,13,0),
  (730000112,14,1),
  (730000112,19,1),
  (730000112,50,1),
  (730000113,1,1),
  (730000113,11,0),
  (730000113,12,1),
  (730000113,13,0),
  (730000113,14,1),
  (730000113,19,1),
  (730000114,1,1),
  (730000114,6,1),
  (730000114,11,0),
  (730000114,12,1),
  (730000114,13,0),
  (730000114,14,1),
  (730000114,19,1),
  (730000114,50,1),
  (730000115,1,1),
  (730000115,6,1),
  (730000115,11,0),
  (730000115,12,1),
  (730000115,13,0),
  (730000115,14,1),
  (730000115,19,1),
  (730000115,50,1),
  (730000116,1,1),
  (730000116,6,1),
  (730000116,11,0),
  (730000116,12,1),
  (730000116,13,0),
  (730000116,14,1),
  (730000116,19,1),
  (730000116,50,1);

INSERT INTO `weenie_properties_create_list` (`object_Id`, `destination_Type`, `weenie_Class_Id`, `stack_Size`, `palette`, `shade`, `try_To_Bond`) VALUES
  (730000101,9,0,0,0,0.800000011920929,0),
  (730000101,9,48908,1,0,0.009999999776482582,0),
  (730000101,9,0,0,0,0.9900000095367432,0),
  (730000101,9,0,0,0,0.9399999976158142,0),
  (730000101,9,34276,-1,0,0.004000000189989805,0),
  (730000101,9,42635,-1,0,0.004000000189989805,0),
  (730000101,9,42636,-1,0,0.004000000189989805,0),
  (730000101,9,42637,-1,0,0.004000000189989805,0),
  (730000101,9,719220028,1,0,0.02500000037252903,0),
  (730000101,9,0,0,0,0.9750000238418579,0),
  (730000102,9,6353,0,0,0.009999999776482582,0),
  (730000102,9,0,0,0,0.9900000095367432,0),
  (730000102,9,10760,0,0,0.029999999329447746,0),
  (730000102,9,0,0,0,0.9700000286102295,0),
  (730000102,9,11354,0,0,0.05000000074505806,0),
  (730000102,9,0,0,0,0.949999988079071,0),
  (730000103,9,3671,0,0,0.05000000074505806,0),
  (730000103,9,0,0,0,0.949999988079071,0),
  (730000103,9,6353,0,0,0.029999999329447746,0),
  (730000103,9,0,0,0,0.9700000286102295,0),
  (730000104,9,11350,0,0,0.05000000074505806,0),
  (730000104,9,0,0,0,0.949999988079071,0),
  (730000104,9,6353,0,0,0.014999999664723873,0),
  (730000104,9,0,0,0,0.9850000143051147,0),
  (730000104,9,20859,0,0,0.029999999329447746,0),
  (730000104,9,0,0,0,0.9700000286102295,0),
  (730000105,9,6353,0,0,0.01,0),
  (730000105,9,0,0,0,0.99,0),
  (730000105,9,11352,0,0,0.05,0),
  (730000105,9,0,0,0,0.95,0),
  (730000106,9,3689,0,0,0.08,0),
  (730000106,9,0,0,0,0.92,0),
  (730000106,9,4234,0,0,0.05,0),
  (730000106,9,0,0,0,0.95,0),
  (730000107,9,8424,0,0,0.07,0),
  (730000107,9,0,0,0,0.93,0),
  (730000107,9,8471,0,0,0.05,0),
  (730000107,9,0,0,0,0.95,0),
  (730000108,9,3691,0,0,0.08,0),
  (730000108,9,0,0,0,0.92,0),
  (730000108,9,4234,0,0,0.05,0),
  (730000108,9,0,0,0,0.95,0),
  (730000108,9,20858,0,0,0.03,0),
  (730000108,9,0,0,0,0.97,0),
  (730000109,9,20858,0,0,0.03,0),
  (730000109,9,0,0,0,0.97,0),
  (730000109,9,25561,0,0,0.05,0),
  (730000109,9,0,0,0,0.95,0),
  (730000109,9,32274,0,0,0.015,0),
  (730000109,9,0,0,0,0.985,0),
  (730000110,9,25561,0,0,0.05,0),
  (730000110,9,0,0,0,0.95,0),
  (730000112,9,3687,0,0,0.1,0),
  (730000112,9,0,0,0,0.9,0),
  (730000112,9,9312,0,0,0.05,0),
  (730000112,9,0,0,0,0.95,0),
  (730000112,9,22100,0,0,0.01,0),
  (730000112,9,0,0,0,0.99,0),
  (730000113,9,3687,0,0,0.1,0),
  (730000113,9,0,0,0,0.9,0),
  (730000113,9,9314,0,0,0.05,0),
  (730000113,9,0,0,0,0.95,0),
  (730000113,9,22100,0,0,0.01,0),
  (730000113,9,0,0,0,0.99,0),
  (730000114,9,7041,0,0,0.02,0),
  (730000114,9,0,0,0,0.98,0),
  (730000114,9,9312,0,0,0.04,0),
  (730000114,9,0,0,0,0.96,0),
  (730000114,9,15770,0,0,0.02,0),
  (730000114,9,0,0,0,0.98,0),
  (730000114,9,19477,0,0,0.05,0),
  (730000114,9,0,0,0,0.95,0),
  (730000114,9,12225,0,0,0.05,0),
  (730000114,9,0,0,0,0.95,0),
  (730000114,9,22028,0,0,0.05,0),
  (730000114,9,0,0,0,0.95,0),
  (730000114,9,22032,0,0,0.05,0),
  (730000114,9,0,0,0,0.95,0),
  (730000114,9,22048,0,0,0.05,0),
  (730000114,9,0,0,0,0.95,0),
  (730000115,9,3694,0,0,0.25,0),
  (730000115,9,0,0,0,0.75,0),
  (730000115,9,7825,0,0,0.05,0),
  (730000115,9,0,0,0,0.95,0),
  (730000115,9,15767,0,0,0.02,0),
  (730000115,9,0,0,0,0.98,0),
  (730000116,9,3700,0,0,0.07999999821186066,0),
  (730000116,9,0,0,0,0.9200000166893005,0);

INSERT INTO `weenie_properties_d_i_d` (`object_Id`, `type`, `value`) VALUES
  (730000101,1,33559537),
  (730000101,2,150994945),
  (730000101,3,536870913),
  (730000101,4,805306408),
  (730000101,8,100670398),
  (730000101,22,872415331),
  (730000101,32,2030),
  (730000101,35,2105),
  (730000102,1,33556454),
  (730000102,2,150995073),
  (730000102,3,536871067),
  (730000102,4,805306376),
  (730000102,8,100667940),
  (730000102,22,872415330),
  (730000102,35,465),
  (730000103,1,33556426),
  (730000103,2,150995073),
  (730000103,3,536870933),
  (730000103,4,805306376),
  (730000103,8,100667940),
  (730000103,22,872415328),
  (730000103,35,463),
  (730000104,1,33556428),
  (730000104,2,150995073),
  (730000104,3,536870933),
  (730000104,4,805306376),
  (730000104,8,100667940),
  (730000104,22,872415326),
  (730000104,35,465),
  (730000105,1,33556426),
  (730000105,2,150995073),
  (730000105,3,536870933),
  (730000105,4,805306376),
  (730000105,6,67112775),
  (730000105,7,268435984),
  (730000105,8,100667940),
  (730000105,22,872415329),
  (730000105,35,465),
  (730000106,1,33554436),
  (730000106,2,150994972),
  (730000106,3,536870915),
  (730000106,4,805306382),
  (730000106,6,67109301),
  (730000106,7,268435547),
  (730000106,8,100667935),
  (730000106,22,872415253),
  (730000106,35,459),
  (730000107,1,33554436),
  (730000107,2,150994972),
  (730000107,3,536870915),
  (730000107,4,805306382),
  (730000107,6,67109301),
  (730000107,7,268435547),
  (730000107,8,100667935),
  (730000107,22,872415253),
  (730000107,35,457),
  (730000108,1,33554436),
  (730000108,2,150994972),
  (730000108,3,536870915),
  (730000108,4,805306382),
  (730000108,6,67109301),
  (730000108,7,268435547),
  (730000108,8,100667935),
  (730000108,22,872415253),
  (730000108,35,459),
  (730000109,1,33556882),
  (730000109,2,150995104),
  (730000109,3,536871018),
  (730000109,4,805306403),
  (730000109,6,67112872),
  (730000109,7,268436086),
  (730000109,8,100671185),
  (730000109,19,84),
  (730000109,22,872415337),
  (730000109,30,84),
  (730000109,35,463),
  (730000110,1,33556882),
  (730000110,2,150995104),
  (730000110,3,536871018),
  (730000110,4,805306403),
  (730000110,8,100671185),
  (730000110,22,872415337),
  (730000110,35,463),
  (730000111,1,33559680),
  (730000111,2,150994970),
  (730000111,3,536870928),
  (730000111,4,805306378),
  (730000111,6,67116712),
  (730000111,7,268437041),
  (730000111,8,100667939),
  (730000111,22,872415268),
  (730000111,35,457),
  (730000112,1,33555464),
  (730000112,2,150994981),
  (730000112,3,536870942),
  (730000112,4,805306368),
  (730000112,6,67116522),
  (730000112,8,100669124),
  (730000112,22,872415269),
  (730000112,32,189),
  (730000112,35,451),
  (730000113,1,33555465),
  (730000113,2,150994981),
  (730000113,3,536870942),
  (730000113,4,805306368),
  (730000113,6,67116522),
  (730000113,8,100669124),
  (730000113,22,872415269),
  (730000113,32,185),
  (730000113,35,453),
  (730000114,1,33554839),
  (730000114,2,150994967),
  (730000114,3,536870934),
  (730000114,4,805306368),
  (730000114,6,67110722),
  (730000114,7,268435558),
  (730000114,8,100667942),
  (730000114,22,872415272),
  (730000114,32,249),
  (730000114,35,451),
  (730000115,1,33557327),
  (730000115,2,150994953),
  (730000115,3,536870959),
  (730000115,4,805306373),
  (730000115,6,67113400),
  (730000115,7,268436295),
  (730000115,8,100667449),
  (730000115,22,872415264),
  (730000115,32,333),
  (730000115,35,451),
  (730000116,1,33558817),
  (730000116,2,150995303),
  (730000116,3,536870926),
  (730000116,4,805306385),
  (730000116,6,67115262),
  (730000116,7,268436836),
  (730000116,8,100667450),
  (730000116,22,872415266),
  (730000116,35,463);

INSERT INTO `weenie_properties_event_filter` (`object_Id`, `event`) VALUES
  (730000105,94),
  (730000105,414),
  (730000106,414),
  (730000107,414),
  (730000108,414),
  (730000109,94),
  (730000109,414),
  (730000110,94),
  (730000110,414),
  (730000111,94),
  (730000111,414),
  (730000112,94),
  (730000112,414),
  (730000113,94),
  (730000113,414),
  (730000114,94),
  (730000114,414),
  (730000115,94),
  (730000115,414);

INSERT INTO `weenie_properties_float` (`object_Id`, `type`, `value`) VALUES
  (730000101,1,5),
  (730000101,2,0),
  (730000101,3,0.7),
  (730000101,4,2.5),
  (730000101,5,1),
  (730000101,12,0.5),
  (730000101,13,1),
  (730000101,14,1.4),
  (730000101,15,1.35),
  (730000101,16,1.4),
  (730000101,17,0.82),
  (730000101,18,1.7),
  (730000101,19,1.35),
  (730000101,31,35),
  (730000101,34,1.1),
  (730000101,36,1),
  (730000101,39,2.535),
  (730000101,64,0.7),
  (730000101,65,0.5),
  (730000101,66,0.35),
  (730000101,67,0.65),
  (730000101,68,0.1),
  (730000101,69,0.2),
  (730000101,70,0.5),
  (730000101,71,1),
  (730000101,72,1),
  (730000101,73,1),
  (730000101,74,1),
  (730000101,75,1),
  (730000101,76,0.5),
  (730000101,80,3),
  (730000101,104,10),
  (730000101,122,2),
  (730000101,125,1),
  (730000101,166,0.9),
  (730000102,1,5),
  (730000102,2,0),
  (730000102,3,0.25),
  (730000102,4,5),
  (730000102,5,2),
  (730000102,13,0.17),
  (730000102,14,0.38),
  (730000102,15,0.17),
  (730000102,16,1),
  (730000102,17,0.5),
  (730000102,18,0.79),
  (730000102,19,0.3),
  (730000102,31,13),
  (730000102,34,2.4),
  (730000102,36,1),
  (730000102,39,2.145),
  (730000102,64,0.33),
  (730000102,65,0.5),
  (730000102,66,0.33),
  (730000102,67,1),
  (730000102,68,1),
  (730000102,69,0.83),
  (730000102,70,1),
  (730000102,71,1),
  (730000102,72,1),
  (730000102,73,1),
  (730000102,74,1),
  (730000102,75,1),
  (730000102,76,0.2),
  (730000102,80,3),
  (730000102,104,10),
  (730000102,125,1),
  (730000103,1,5),
  (730000103,2,0),
  (730000103,3,0.35),
  (730000103,4,5),
  (730000103,5,2),
  (730000103,13,1.31),
  (730000103,14,1.74),
  (730000103,15,1.2),
  (730000103,16,0.44),
  (730000103,17,1.63),
  (730000103,18,0.58),
  (730000103,19,1.63),
  (730000103,31,13),
  (730000103,34,2.5),
  (730000103,36,1),
  (730000103,39,2.145),
  (730000103,64,0.53),
  (730000103,65,0.9),
  (730000103,66,1),
  (730000103,67,0.4),
  (730000103,68,0.1),
  (730000103,69,0.33),
  (730000103,70,0.4),
  (730000103,71,1),
  (730000103,72,1),
  (730000103,73,1),
  (730000103,74,1),
  (730000103,75,1),
  (730000103,80,2.5),
  (730000103,104,10),
  (730000103,125,1),
  (730000104,1,5),
  (730000104,2,0),
  (730000104,3,0.1),
  (730000104,4,5),
  (730000104,5,2),
  (730000104,13,0.79),
  (730000104,14,0.55),
  (730000104,15,0.55),
  (730000104,16,0.71),
  (730000104,17,0.3),
  (730000104,18,0.39),
  (730000104,19,0.58),
  (730000104,31,13),
  (730000104,34,3),
  (730000104,36,1),
  (730000104,39,2.145),
  (730000104,64,0.83),
  (730000104,65,0.8),
  (730000104,66,0.8),
  (730000104,67,1),
  (730000104,68,0.77),
  (730000104,69,1),
  (730000104,70,0.8),
  (730000104,71,1),
  (730000104,72,1),
  (730000104,73,1),
  (730000104,74,1),
  (730000104,75,1),
  (730000104,80,3),
  (730000104,104,10),
  (730000104,125,1),
  (730000105,1,5),
  (730000105,2,0),
  (730000105,3,0.4),
  (730000105,4,0.5),
  (730000105,5,2),
  (730000105,12,0.5),
  (730000105,13,1),
  (730000105,14,1),
  (730000105,15,0.8),
  (730000105,16,0.6),
  (730000105,17,1),
  (730000105,18,0.6),
  (730000105,19,1),
  (730000105,31,13),
  (730000105,34,2.5),
  (730000105,64,0.55),
  (730000105,65,0.55),
  (730000105,66,0.8),
  (730000105,67,0.9),
  (730000105,68,1),
  (730000105,69,1),
  (730000105,70,0.8),
  (730000105,71,1),
  (730000105,72,1),
  (730000105,73,1),
  (730000105,74,1),
  (730000105,75,1),
  (730000105,80,3),
  (730000105,104,10),
  (730000105,125,1),
  (730000105,39,1.95),
  (730000106,1,5),
  (730000106,2,0),
  (730000106,3,0.3),
  (730000106,4,0.5),
  (730000106,5,2),
  (730000106,12,0.5),
  (730000106,13,0.22),
  (730000106,14,0.7),
  (730000106,15,0.25),
  (730000106,16,0.3),
  (730000106,17,0.43),
  (730000106,18,0.55),
  (730000106,19,0.43),
  (730000106,31,22),
  (730000106,34,5),
  (730000106,36,1),
  (730000106,39,1.56),
  (730000106,64,0.53),
  (730000106,65,1),
  (730000106,66,0.5),
  (730000106,67,0.7),
  (730000106,68,0.5),
  (730000106,69,0.5),
  (730000106,70,0.7),
  (730000106,71,1),
  (730000106,72,1),
  (730000106,73,1),
  (730000106,74,1),
  (730000106,75,1),
  (730000106,104,10),
  (730000106,125,1),
  (730000107,1,5),
  (730000107,2,0),
  (730000107,3,0.3),
  (730000107,4,0.4),
  (730000107,5,2),
  (730000107,12,0.5),
  (730000107,13,0.49),
  (730000107,14,0.7),
  (730000107,15,0.54),
  (730000107,16,0.59),
  (730000107,17,0.6),
  (730000107,18,0.59),
  (730000107,19,0.6),
  (730000107,31,22),
  (730000107,34,1),
  (730000107,36,1),
  (730000107,39,2.34),
  (730000107,64,0.53),
  (730000107,65,1),
  (730000107,66,0.5),
  (730000107,67,0.5),
  (730000107,68,0.5),
  (730000107,69,0.4),
  (730000107,70,0.7),
  (730000107,71,1),
  (730000107,72,1),
  (730000107,73,1),
  (730000107,74,1),
  (730000107,75,1),
  (730000107,104,10),
  (730000107,125,1),
  (730000108,1,5),
  (730000108,2,0),
  (730000108,3,0.3),
  (730000108,4,0.5),
  (730000108,5,2),
  (730000108,12,0.5),
  (730000108,13,0.22),
  (730000108,14,0.7),
  (730000108,15,0.25),
  (730000108,16,0.3),
  (730000108,17,0.43),
  (730000108,18,0.26),
  (730000108,19,0.43),
  (730000108,31,22),
  (730000108,34,4),
  (730000108,36,1),
  (730000108,39,1.56),
  (730000108,64,0.53),
  (730000108,65,1),
  (730000108,66,0.5),
  (730000108,67,0.7),
  (730000108,68,0.5),
  (730000108,69,0.4),
  (730000108,70,0.7),
  (730000108,71,1),
  (730000108,72,1),
  (730000108,73,1),
  (730000108,74,1),
  (730000108,75,1),
  (730000108,104,10),
  (730000108,125,1),
  (730000109,1,5),
  (730000109,2,0),
  (730000109,3,0.3),
  (730000109,4,5),
  (730000109,5,2),
  (730000109,12,0.5),
  (730000109,13,0.72),
  (730000109,14,0.65),
  (730000109,15,0.38),
  (730000109,16,0.72),
  (730000109,17,0.53),
  (730000109,18,0.19),
  (730000109,19,0.38),
  (730000109,31,18),
  (730000109,34,1),
  (730000109,36,1),
  (730000109,39,2.242),
  (730000109,55,60),
  (730000109,64,0.86),
  (730000109,65,0.75),
  (730000109,66,0.42),
  (730000109,67,0.58),
  (730000109,68,0.86),
  (730000109,69,0.25),
  (730000109,70,0.42),
  (730000109,71,1),
  (730000109,72,1),
  (730000109,73,1),
  (730000109,74,1),
  (730000109,75,1),
  (730000109,77,1),
  (730000109,104,10),
  (730000109,125,1),
  (730000110,1,5),
  (730000110,2,0),
  (730000110,3,0.5),
  (730000110,4,5),
  (730000110,5,2),
  (730000110,13,1),
  (730000110,14,1.5),
  (730000110,15,1.5),
  (730000110,16,1.2),
  (730000110,17,0.7),
  (730000110,18,1.5),
  (730000110,19,1.5),
  (730000110,31,18),
  (730000110,34,1),
  (730000110,36,1),
  (730000110,39,3.12),
  (730000110,55,60),
  (730000110,64,1),
  (730000110,65,1),
  (730000110,66,1),
  (730000110,67,1),
  (730000110,68,1),
  (730000110,69,1),
  (730000110,70,1),
  (730000110,71,1),
  (730000110,72,1),
  (730000110,73,1),
  (730000110,74,1),
  (730000110,75,1),
  (730000110,104,10),
  (730000110,125,1),
  (730000111,1,5),
  (730000111,2,0),
  (730000111,3,0.067),
  (730000111,4,5),
  (730000111,5,2),
  (730000111,12,0.5),
  (730000111,13,0.78),
  (730000111,14,0.9),
  (730000111,15,0.78),
  (730000111,16,0.56),
  (730000111,17,1),
  (730000111,18,0.65),
  (730000111,19,0.78),
  (730000111,31,20),
  (730000111,34,1),
  (730000111,36,1),
  (730000111,39,2.34),
  (730000111,64,0.85),
  (730000111,65,1),
  (730000111,66,0.85),
  (730000111,67,1),
  (730000111,68,0.52),
  (730000111,69,0.45),
  (730000111,70,0.85),
  (730000111,71,1),
  (730000111,72,1),
  (730000111,73,1),
  (730000111,74,1),
  (730000111,75,1),
  (730000111,104,10),
  (730000111,125,1),
  (730000112,1,5),
  (730000112,2,0),
  (730000112,3,0.1),
  (730000112,4,0.5),
  (730000112,5,2),
  (730000112,13,0.37),
  (730000112,14,0.16),
  (730000112,15,0.5),
  (730000112,16,0.05),
  (730000112,17,0.82),
  (730000112,18,0.17),
  (730000112,19,0.33),
  (730000112,31,16),
  (730000112,34,1),
  (730000112,36,1),
  (730000112,64,0.58),
  (730000112,65,0.25),
  (730000112,66,1),
  (730000112,67,0.9),
  (730000112,68,0.3),
  (730000112,69,0.42),
  (730000112,70,0.4),
  (730000112,71,1),
  (730000112,72,1),
  (730000112,73,1),
  (730000112,74,1),
  (730000112,75,1),
  (730000112,80,3),
  (730000112,104,10),
  (730000112,125,1),
  (730000112,39,1.95),
  (730000113,1,5),
  (730000113,2,0),
  (730000113,3,0.1),
  (730000113,4,0.5),
  (730000113,5,2),
  (730000113,13,0.27),
  (730000113,14,0.17),
  (730000113,15,0.5),
  (730000113,16,0.18),
  (730000113,17,0.8),
  (730000113,18,0.02),
  (730000113,19,0.18),
  (730000113,31,24),
  (730000113,34,1.1),
  (730000113,36,1),
  (730000113,64,0.58),
  (730000113,65,0.3),
  (730000113,66,1),
  (730000113,67,0.9),
  (730000113,68,0.4),
  (730000113,69,0.42),
  (730000113,70,0.4),
  (730000113,71,1),
  (730000113,72,1),
  (730000113,73,1),
  (730000113,74,1),
  (730000113,75,1),
  (730000113,104,10),
  (730000113,125,1),
  (730000113,39,1.95),
  (730000114,1,5),
  (730000114,2,0),
  (730000114,3,0.45),
  (730000114,4,0.5),
  (730000114,5,2),
  (730000114,12,0.5),
  (730000114,13,0.8),
  (730000114,14,0.42),
  (730000114,15,0.62),
  (730000114,16,0.38),
  (730000114,17,0.5),
  (730000114,18,0.62),
  (730000114,19,0.7),
  (730000114,31,18),
  (730000114,34,1.1),
  (730000114,36,1),
  (730000114,64,1),
  (730000114,65,0.52),
  (730000114,66,0.75),
  (730000114,67,1),
  (730000114,68,0.2),
  (730000114,69,0.75),
  (730000114,70,0.86),
  (730000114,71,1),
  (730000114,72,1),
  (730000114,73,1),
  (730000114,74,1),
  (730000114,75,1),
  (730000114,80,3),
  (730000114,104,10),
  (730000114,122,2),
  (730000114,125,1),
  (730000114,39,1.95),
  (730000115,1,5),
  (730000115,2,0),
  (730000115,3,0.4),
  (730000115,4,5),
  (730000115,5,2),
  (730000115,12,0.5),
  (730000115,13,0.39),
  (730000115,14,0.57),
  (730000115,15,0.57),
  (730000115,16,0.25),
  (730000115,17,0.4),
  (730000115,18,1.13),
  (730000115,19,0.7),
  (730000115,31,24),
  (730000115,34,0.9),
  (730000115,36,1),
  (730000115,39,2.34),
  (730000115,64,0.55),
  (730000115,65,0.8),
  (730000115,66,0.8),
  (730000115,67,1),
  (730000115,68,0.38),
  (730000115,69,0.8),
  (730000115,70,1),
  (730000115,71,1),
  (730000115,72,1),
  (730000115,73,1),
  (730000115,74,1),
  (730000115,75,1),
  (730000115,80,3),
  (730000115,104,10),
  (730000115,125,1),
  (730000116,1,5),
  (730000116,2,0),
  (730000116,3,0.6),
  (730000116,4,0.5),
  (730000116,5,2),
  (730000116,12,0.5),
  (730000116,13,0.8),
  (730000116,14,0.8),
  (730000116,15,0.5),
  (730000116,16,0.64),
  (730000116,17,0.64),
  (730000116,18,0.64),
  (730000116,19,0.17),
  (730000116,31,30),
  (730000116,34,1.9),
  (730000116,36,1),
  (730000116,39,2.535),
  (730000116,64,1),
  (730000116,65,1),
  (730000116,66,1),
  (730000116,67,0.75),
  (730000116,68,0.75),
  (730000116,69,0.75),
  (730000116,70,0.25),
  (730000116,71,1),
  (730000116,72,1),
  (730000116,73,1),
  (730000116,74,1),
  (730000116,75,1),
  (730000116,80,3),
  (730000116,104,10),
  (730000116,125,1);

INSERT INTO `weenie_properties_int` (`object_Id`, `type`, `value`) VALUES
  (730000101,1,16),
  (730000101,2,22),
  (730000101,6,-1),
  (730000101,7,-1),
  (730000101,16,1),
  (730000101,25,281),
  (730000101,93,4195336),
  (730000101,101,183),
  (730000101,113,1),
  (730000101,133,2),
  (730000101,146,3000000),
  (730000101,307,4),
  (730000101,332,1200),
  (730000102,1,16),
  (730000102,2,13),
  (730000102,6,-1),
  (730000102,7,-1),
  (730000102,16,1),
  (730000102,25,9),
  (730000102,27,0),
  (730000102,40,2),
  (730000102,68,5),
  (730000102,93,1032),
  (730000102,133,2),
  (730000102,146,1000),
  (730000103,1,16),
  (730000103,2,13),
  (730000103,6,-1),
  (730000103,7,-1),
  (730000103,16,1),
  (730000103,25,70),
  (730000103,27,0),
  (730000103,40,2),
  (730000103,68,3),
  (730000103,93,1032),
  (730000103,133,2),
  (730000103,146,17500),
  (730000104,1,16),
  (730000104,2,13),
  (730000104,6,-1),
  (730000104,7,-1),
  (730000104,16,1),
  (730000104,25,23),
  (730000104,27,0),
  (730000104,40,2),
  (730000104,68,3),
  (730000104,93,1032),
  (730000104,133,2),
  (730000104,146,3500),
  (730000105,1,16),
  (730000105,2,13),
  (730000105,3,17),
  (730000105,6,-1),
  (730000105,7,-1),
  (730000105,16,1),
  (730000105,25,35),
  (730000105,27,0),
  (730000105,40,2),
  (730000105,68,5),
  (730000105,93,1032),
  (730000105,133,2),
  (730000105,146,5000),
  (730000106,1,16),
  (730000106,2,17),
  (730000106,3,3),
  (730000106,6,-1),
  (730000106,7,-1),
  (730000106,16,1),
  (730000106,25,35),
  (730000106,40,2),
  (730000106,68,3),
  (730000106,93,1032),
  (730000106,133,2),
  (730000106,146,5000),
  (730000107,1,16),
  (730000107,2,17),
  (730000107,3,5),
  (730000107,6,-1),
  (730000107,7,-1),
  (730000107,16,1),
  (730000107,25,47),
  (730000107,40,2),
  (730000107,68,9),
  (730000107,93,1032),
  (730000107,133,2),
  (730000107,146,7000),
  (730000108,1,16),
  (730000108,2,17),
  (730000108,3,9),
  (730000108,6,-1),
  (730000108,7,-1),
  (730000108,16,1),
  (730000108,25,35),
  (730000108,40,2),
  (730000108,68,13),
  (730000108,93,1032),
  (730000108,133,2),
  (730000108,146,5000),
  (730000109,1,16),
  (730000109,2,34),
  (730000109,3,7),
  (730000109,6,-1),
  (730000109,7,-1),
  (730000109,16,1),
  (730000109,25,47),
  (730000109,27,0),
  (730000109,40,2),
  (730000109,68,13),
  (730000109,93,1032),
  (730000109,101,131),
  (730000109,133,2),
  (730000109,140,1),
  (730000109,146,7000),
  (730000110,1,16),
  (730000110,2,34),
  (730000110,6,-1),
  (730000110,7,-1),
  (730000110,16,1),
  (730000110,25,35),
  (730000110,27,0),
  (730000110,40,2),
  (730000110,68,13),
  (730000110,93,1032),
  (730000110,101,131),
  (730000110,133,2),
  (730000110,140,1),
  (730000110,146,5000),
  (730000111,1,16),
  (730000111,2,27),
  (730000111,3,76),
  (730000111,6,-1),
  (730000111,7,-1),
  (730000111,16,1),
  (730000111,25,70),
  (730000111,40,2),
  (730000111,68,3),
  (730000111,93,1032),
  (730000111,133,2),
  (730000111,146,17500),
  (730000112,1,16),
  (730000112,2,30),
  (730000112,6,-1),
  (730000112,7,-1),
  (730000112,16,1),
  (730000112,25,47),
  (730000112,27,0),
  (730000112,40,1),
  (730000112,68,5),
  (730000112,93,1032),
  (730000112,101,183),
  (730000112,133,2),
  (730000112,140,1),
  (730000112,146,7000),
  (730000113,1,16),
  (730000113,2,30),
  (730000113,6,-1),
  (730000113,7,-1),
  (730000113,16,1),
  (730000113,25,23),
  (730000113,27,0),
  (730000113,40,1),
  (730000113,68,5),
  (730000113,93,1032),
  (730000113,101,183),
  (730000113,133,2),
  (730000113,140,1),
  (730000113,146,3500),
  (730000114,1,16),
  (730000114,2,14),
  (730000114,3,69),
  (730000114,6,-1),
  (730000114,7,-1),
  (730000114,16,1),
  (730000114,25,70),
  (730000114,27,0),
  (730000114,40,1),
  (730000114,68,3),
  (730000114,93,1032),
  (730000114,101,183),
  (730000114,133,2),
  (730000114,140,1),
  (730000114,146,17500),
  (730000115,1,16),
  (730000115,2,4),
  (730000115,3,52),
  (730000115,6,-1),
  (730000115,7,-1),
  (730000115,16,1),
  (730000115,25,58),
  (730000115,27,0),
  (730000115,40,2),
  (730000115,68,13),
  (730000115,72,50),
  (730000115,93,1032),
  (730000115,101,131),
  (730000115,133,2),
  (730000115,140,1),
  (730000115,146,10000),
  (730000116,1,16),
  (730000116,2,9),
  (730000116,3,21),
  (730000116,6,-1),
  (730000116,7,-1),
  (730000116,16,1),
  (730000116,25,58),
  (730000116,40,2),
  (730000116,68,13),
  (730000116,93,1032),
  (730000116,133,4),
  (730000116,146,10000);

INSERT INTO `weenie_properties_skill` (`object_Id`, `type`, `level_From_P_P`, `s_a_c`, `p_p`, `init_Level`, `resistance_At_Last_Check`, `last_Used_Time`) VALUES
  (730000101,6,0,3,0,86,0,0),
  (730000101,7,0,3,0,126,0,0),
  (730000101,14,0,3,0,50,0,0),
  (730000101,15,0,3,0,76,0,0),
  (730000101,20,0,3,0,50,0,0),
  (730000101,31,0,3,0,24,0,0),
  (730000101,33,0,3,0,24,0,0),
  (730000101,34,0,3,0,24,0,0),
  (730000101,44,0,3,0,90,0,0),
  (730000101,45,0,3,0,90,0,0),
  (730000101,46,0,3,0,90,0,0),
  (730000101,47,0,3,0,100,0,0),
  (730000101,48,0,3,0,90,0,0),
  (730000102,6,0,3,0,86,0,0),
  (730000102,7,0,3,0,126,0,0),
  (730000102,14,0,3,0,50,0,0),
  (730000102,15,0,3,0,76,0,0),
  (730000102,20,0,3,0,50,0,0),
  (730000102,31,0,3,0,24,0,0),
  (730000102,33,0,3,0,24,0,0),
  (730000102,34,0,3,0,24,0,0),
  (730000102,44,0,3,0,90,0,0),
  (730000102,45,0,3,0,90,0,0),
  (730000102,46,0,3,0,90,0,0),
  (730000102,47,0,3,0,100,0,0),
  (730000102,48,0,3,0,90,0,0),
  (730000103,6,0,3,0,86,0,0),
  (730000103,7,0,3,0,126,0,0),
  (730000103,14,0,3,0,50,0,0),
  (730000103,15,0,3,0,76,0,0),
  (730000103,20,0,3,0,50,0,0),
  (730000103,31,0,3,0,24,0,0),
  (730000103,33,0,3,0,24,0,0),
  (730000103,34,0,3,0,24,0,0),
  (730000103,44,0,3,0,90,0,0),
  (730000103,45,0,3,0,90,0,0),
  (730000103,46,0,3,0,90,0,0),
  (730000103,47,0,3,0,100,0,0),
  (730000103,48,0,3,0,90,0,0),
  (730000104,6,0,3,0,86,0,0),
  (730000104,7,0,3,0,126,0,0),
  (730000104,14,0,3,0,50,0,0),
  (730000104,15,0,3,0,76,0,0),
  (730000104,20,0,3,0,50,0,0),
  (730000104,31,0,3,0,24,0,0),
  (730000104,33,0,3,0,24,0,0),
  (730000104,34,0,3,0,24,0,0),
  (730000104,44,0,3,0,90,0,0),
  (730000104,45,0,3,0,90,0,0),
  (730000104,46,0,3,0,90,0,0),
  (730000104,47,0,3,0,100,0,0),
  (730000104,48,0,3,0,90,0,0),
  (730000105,6,0,3,0,118,0,0),
  (730000105,7,0,3,0,142,0,0),
  (730000105,15,0,3,0,78,0,0),
  (730000105,24,0,3,0,40,0,0),
  (730000105,34,0,3,0,68,0,0),
  (730000105,45,0,3,0,80,0,0),
  (730000106,6,0,3,0,75,0,0),
  (730000106,7,0,3,0,105,0,0),
  (730000106,15,0,3,0,74,0,0),
  (730000106,20,0,3,0,20,0,0),
  (730000106,22,0,3,0,20,0,0),
  (730000106,24,0,3,0,25,0,0),
  (730000106,45,0,3,0,30,0,0),
  (730000107,6,0,3,0,103,0,0),
  (730000107,7,0,3,0,224,0,0),
  (730000107,15,0,3,0,125,0,0),
  (730000107,20,0,3,0,5,0,0),
  (730000107,22,0,3,0,20,0,0),
  (730000107,24,0,3,0,25,0,0),
  (730000107,45,0,3,0,85,0,0),
  (730000108,6,0,3,0,79,0,0),
  (730000108,7,0,3,0,120,0,0),
  (730000108,15,0,3,0,95,0,0),
  (730000108,20,0,3,0,20,0,0),
  (730000108,22,0,3,0,25,0,0),
  (730000108,24,0,3,0,20,0,0),
  (730000108,45,0,3,0,45,0,0),
  (730000109,6,0,3,0,100,0,0),
  (730000109,7,0,3,0,195,0,0),
  (730000109,15,0,3,0,125,0,0),
  (730000109,20,0,3,0,40,0,0),
  (730000109,22,0,3,0,30,0,0),
  (730000109,24,0,3,0,40,0,0),
  (730000109,44,0,3,0,100,0,0),
  (730000109,45,0,3,0,100,0,0),
  (730000109,47,0,3,0,130,0,0),
  (730000110,6,0,3,0,90,0,0),
  (730000110,7,0,3,0,90,0,0),
  (730000110,15,0,3,0,80,0,0),
  (730000110,20,0,2,0,40,0,0),
  (730000110,22,0,2,0,40,0,0),
  (730000110,24,0,2,0,40,0,0),
  (730000110,44,0,3,0,90,0,0),
  (730000110,45,0,3,0,90,0,0),
  (730000110,47,0,3,0,0,0,0),
  (730000111,6,0,3,0,130,0,0),
  (730000111,7,0,3,0,270,0,0),
  (730000111,15,0,3,0,125,0,0),
  (730000111,20,0,3,0,60,0,0),
  (730000111,22,0,3,0,25,0,0),
  (730000111,24,0,3,0,30,0,0),
  (730000111,45,0,3,0,140,0,0),
  (730000112,6,0,3,0,50,0,0),
  (730000112,7,0,3,0,150,0,0),
  (730000112,14,0,3,0,110,0,0),
  (730000112,15,0,3,0,100,0,0),
  (730000112,20,0,2,0,120,0,0),
  (730000112,31,0,3,0,85,0,0),
  (730000112,33,0,3,0,85,0,0),
  (730000112,34,0,3,0,85,0,0),
  (730000112,44,0,3,0,100,0,0),
  (730000112,45,0,3,0,100,0,0),
  (730000112,46,0,3,0,50,0,0),
  (730000112,47,0,3,0,140,0,0),
  (730000113,6,0,3,0,60,0,0),
  (730000113,7,0,3,0,110,0,0),
  (730000113,15,0,3,0,82,0,0),
  (730000113,20,0,3,0,100,0,0),
  (730000113,44,0,3,0,120,0,0),
  (730000113,45,0,3,0,120,0,0),
  (730000113,46,0,3,0,120,0,0),
  (730000113,47,0,3,0,60,0,0),
  (730000114,6,0,3,0,125,0,0),
  (730000114,7,0,3,0,240,0,0),
  (730000114,14,0,2,0,200,0,0),
  (730000114,15,0,3,0,136,0,0),
  (730000114,20,0,2,0,50,0,0),
  (730000114,31,0,3,0,80,0,0),
  (730000114,33,0,3,0,80,0,0),
  (730000114,34,0,3,0,80,0,0),
  (730000114,44,0,3,0,125,0,0),
  (730000114,45,0,3,0,125,0,0),
  (730000114,46,0,3,0,125,0,0),
  (730000114,47,0,3,0,100,0,0),
  (730000114,48,0,3,0,125,0,0),
  (730000115,6,0,3,0,120,0,0),
  (730000115,7,0,3,0,230,0,0),
  (730000115,14,0,3,0,200,0,0),
  (730000115,15,0,3,0,115,0,0),
  (730000115,20,0,3,0,100,0,0),
  (730000115,24,0,3,0,40,0,0),
  (730000115,31,0,3,0,70,0,0),
  (730000115,33,0,3,0,70,0,0),
  (730000115,34,0,3,0,70,0,0),
  (730000115,44,0,3,0,140,0,0),
  (730000115,45,0,3,0,140,0,0),
  (730000115,46,0,3,0,150,0,0),
  (730000115,47,0,3,0,120,0,0),
  (730000116,6,0,3,0,86,0,0),
  (730000116,7,0,3,0,126,0,0),
  (730000116,14,0,3,0,50,0,0),
  (730000116,15,0,3,0,76,0,0),
  (730000116,20,0,3,0,50,0,0),
  (730000116,31,0,3,0,24,0,0),
  (730000116,33,0,3,0,24,0,0),
  (730000116,34,0,3,0,24,0,0),
  (730000116,44,0,3,0,90,0,0),
  (730000116,45,0,3,0,90,0,0),
  (730000116,46,0,3,0,90,0,0),
  (730000116,47,0,3,0,100,0,0),
  (730000116,48,0,3,0,90,0,0);

INSERT INTO `weenie_properties_spell_book` (`object_Id`, `spell`, `probability`) VALUES
  (730000101,59,2.0290000438690186),
  (730000101,65,2.0290000438690186),
  (730000101,70,2.0290000438690186),
  (730000101,76,2.0290000438690186),
  (730000101,81,2.0290000438690186),
  (730000101,87,2.0290000438690186),
  (730000101,93,2.0290000438690186),
  (730000101,172,2.009000062942505),
  (730000101,1238,2.0199999809265137),
  (730000101,1250,2.0199999809265137),
  (730000101,1261,2.0199999809265137),
  (730000101,1339,2.009000062942505),
  (730000101,1368,2.009000062942505),
  (730000101,1392,2.009000062942505),
  (730000101,1416,2.009000062942505),
  (730000101,1440,2.009000062942505),
  (730000101,1464,2.009000062942505),
  (730000102,59,2.0290000438690186),
  (730000102,65,2.0290000438690186),
  (730000102,70,2.0290000438690186),
  (730000102,76,2.0290000438690186),
  (730000102,81,2.0290000438690186),
  (730000102,87,2.0290000438690186),
  (730000102,93,2.0290000438690186),
  (730000102,172,2.009000062942505),
  (730000102,1238,2.0199999809265137),
  (730000102,1250,2.0199999809265137),
  (730000102,1261,2.0199999809265137),
  (730000102,1339,2.009000062942505),
  (730000102,1368,2.009000062942505),
  (730000102,1392,2.009000062942505),
  (730000102,1416,2.009000062942505),
  (730000102,1440,2.009000062942505),
  (730000102,1464,2.009000062942505),
  (730000103,59,2.0290000438690186),
  (730000103,65,2.0290000438690186),
  (730000103,70,2.0290000438690186),
  (730000103,76,2.0290000438690186),
  (730000103,81,2.0290000438690186),
  (730000103,87,2.0290000438690186),
  (730000103,93,2.0290000438690186),
  (730000103,172,2.009000062942505),
  (730000103,1238,2.0199999809265137),
  (730000103,1250,2.0199999809265137),
  (730000103,1261,2.0199999809265137),
  (730000103,1339,2.009000062942505),
  (730000103,1368,2.009000062942505),
  (730000103,1392,2.009000062942505),
  (730000103,1416,2.009000062942505),
  (730000103,1440,2.009000062942505),
  (730000103,1464,2.009000062942505),
  (730000104,59,2.0290000438690186),
  (730000104,65,2.0290000438690186),
  (730000104,70,2.0290000438690186),
  (730000104,76,2.0290000438690186),
  (730000104,81,2.0290000438690186),
  (730000104,87,2.0290000438690186),
  (730000104,93,2.0290000438690186),
  (730000104,172,2.009000062942505),
  (730000104,1238,2.0199999809265137),
  (730000104,1250,2.0199999809265137),
  (730000104,1261,2.0199999809265137),
  (730000104,1339,2.009000062942505),
  (730000104,1368,2.009000062942505),
  (730000104,1392,2.009000062942505),
  (730000104,1416,2.009000062942505),
  (730000104,1440,2.009000062942505),
  (730000104,1464,2.009000062942505),
  (730000105,65,2.02),
  (730000105,66,2.005),
  (730000105,93,2.02),
  (730000105,94,2.005),
  (730000112,88,2.105),
  (730000112,94,2.105),
  (730000112,1340,2.023),
  (730000112,1369,2.023),
  (730000112,1393,2.023),
  (730000112,1417,2.023),
  (730000114,60,2.013),
  (730000114,66,2.013),
  (730000114,71,2.013),
  (730000114,77,2.013),
  (730000114,82,2.013),
  (730000114,88,2.013),
  (730000114,94,2.013),
  (730000114,127,2.013),
  (730000114,135,2.013),
  (730000114,139,2.013),
  (730000114,143,2.013),
  (730000114,167,2.02),
  (730000114,173,2.009),
  (730000114,1239,2.02),
  (730000114,1251,2.02),
  (730000114,1262,2.02),
  (730000114,1340,2.009),
  (730000114,1369,2.009),
  (730000114,1393,2.009),
  (730000114,1417,2.009),
  (730000114,1441,2.009),
  (730000114,1465,2.009),
  (730000115,196,2.029),
  (730000115,246,2.013),
  (730000115,276,2.013),
  (730000115,282,2.029),
  (730000115,1002,2.04),
  (730000115,1086,2.125),
  (730000115,1105,2.125),
  (730000115,1158,2.04),
  (730000115,1197,2.029),
  (730000115,1309,2.013),
  (730000115,1324,2.125),
  (730000115,1340,2.125),
  (730000115,1393,2.125),
  (730000115,1798,2.029),
  (730000115,1816,2.029),
  (730000116,59,2.0290000438690186),
  (730000116,65,2.0290000438690186),
  (730000116,70,2.0290000438690186),
  (730000116,76,2.0290000438690186),
  (730000116,81,2.0290000438690186),
  (730000116,87,2.0290000438690186),
  (730000116,93,2.0290000438690186),
  (730000116,172,2.009000062942505),
  (730000116,1238,2.0199999809265137),
  (730000116,1250,2.0199999809265137),
  (730000116,1261,2.0199999809265137),
  (730000116,1339,2.009000062942505),
  (730000116,1368,2.009000062942505),
  (730000116,1392,2.009000062942505),
  (730000116,1416,2.009000062942505),
  (730000116,1440,2.009000062942505),
  (730000116,1464,2.009000062942505);

INSERT INTO `weenie_properties_string` (`object_Id`, `type`, `value`) VALUES
  (730000101,1,'Umbral Tyrant'),
  (730000102,1,'Water Golem Sovereign'),
  (730000103,1,'Granite Golem Monarch'),
  (730000104,1,'Elaniwood Golem Ancient'),
  (730000105,1,'Sand Golem Colossus'),
  (730000106,1,'Freshwater Armoredillo Matriarch'),
  (730000107,1,'Island Armoredillo Patriarch'),
  (730000108,1,'Shore Armoredillo Alpha'),
  (730000109,1,'Rank Moarsman Chieftain'),
  (730000110,1,'Ashen Moarsman High Priest'),
  (730000111,1,'Shallows Obliterator'),
  (730000112,1,'Skeleton Overlord'),
  (730000113,1,'Skeleton High Captain'),
  (730000114,1,'Lich Sovereign'),
  (730000115,1,'Mosswart High Shaman'),
  (730000116,1,'Gold Phyntos Queen');

-- ============================== 2. Empower flags (aura system) ==============================
DELETE FROM `weenie_properties_bool` WHERE `type` IN (50043,50044) AND `object_Id` IN (730000009,730000016,730000019,730000020,730000023,730000024,730000025,730000026,730000027,730000028,730000030,730000031,730000032,730000033,730000034,730000035,730000036,730000037,730000038,730000039,730000040,730000041,730000042,730000043,730000044,730000045,730000050,730000052,730000053,730000054,730000055,730000056,730000057,730000058,730000059,730000061,730000062,730000063,730000064,730000068,730000069,730000070,730000071,730000101,730000102,730000103,730000104,730000105,730000106,730000107,730000108,730000109,730000110,730000111,730000112,730000113,730000114,730000115,730000116);
DELETE FROM `weenie_properties_int` WHERE `type` = 50102 AND `object_Id` IN (730000009,730000016,730000019,730000020,730000023,730000024,730000025,730000026,730000027,730000028,730000030,730000031,730000032,730000033,730000034,730000035,730000036,730000037,730000038,730000039,730000040,730000041,730000042,730000043,730000044,730000045,730000050,730000052,730000053,730000054,730000055,730000056,730000057,730000058,730000059,730000061,730000062,730000063,730000064,730000068,730000069,730000070,730000071,730000101,730000102,730000103,730000104,730000105,730000106,730000107,730000108,730000109,730000110,730000111,730000112,730000113,730000114,730000115,730000116);

INSERT INTO `weenie_properties_bool` (`object_Id`, `type`, `value`) VALUES
  (730000009, 50043, 1),
  (730000016, 50043, 1),
  (730000019, 50043, 1),
  (730000020, 50043, 1),
  (730000023, 50043, 1),
  (730000024, 50043, 1),
  (730000025, 50043, 1),
  (730000026, 50043, 1),
  (730000027, 50043, 1),
  (730000028, 50043, 1),
  (730000030, 50043, 1),
  (730000031, 50043, 1),
  (730000032, 50043, 1),
  (730000033, 50043, 1),
  (730000034, 50043, 1),
  (730000038, 50043, 1),
  (730000039, 50043, 1),
  (730000040, 50043, 1),
  (730000041, 50043, 1),
  (730000042, 50043, 1),
  (730000043, 50043, 1),
  (730000044, 50043, 1),
  (730000050, 50043, 1),
  (730000052, 50043, 1),
  (730000053, 50043, 1),
  (730000054, 50043, 1),
  (730000055, 50043, 1),
  (730000056, 50043, 1),
  (730000057, 50043, 1),
  (730000058, 50043, 1),
  (730000059, 50043, 1),
  (730000061, 50043, 1),
  (730000062, 50043, 1),
  (730000063, 50043, 1),
  (730000064, 50043, 1),
  (730000068, 50043, 1),
  (730000069, 50043, 1),
  (730000070, 50043, 1),
  (730000071, 50043, 1),
  (730000035, 50044, 1),
  (730000036, 50044, 1),
  (730000037, 50044, 1),
  (730000045, 50044, 1),
  (730000101, 50044, 1),
  (730000102, 50044, 1),
  (730000103, 50044, 1),
  (730000104, 50044, 1),
  (730000105, 50044, 1),
  (730000106, 50044, 1),
  (730000107, 50044, 1),
  (730000108, 50044, 1),
  (730000109, 50044, 1),
  (730000110, 50044, 1),
  (730000111, 50044, 1),
  (730000112, 50044, 1),
  (730000113, 50044, 1),
  (730000114, 50044, 1),
  (730000115, 50044, 1),
  (730000116, 50044, 1);

INSERT INTO `weenie_properties_int` (`object_Id`, `type`, `value`) VALUES
  (730000009, 50102, 17),
  (730000016, 50102, 6),
  (730000019, 50102, 15),
  (730000020, 50102, 5),
  (730000023, 50102, 3),
  (730000024, 50102, 3),
  (730000025, 50102, 3),
  (730000026, 50102, 3),
  (730000027, 50102, 3),
  (730000028, 50102, 3),
  (730000030, 50102, 1),
  (730000031, 50102, 1),
  (730000032, 50102, 1),
  (730000033, 50102, 1),
  (730000034, 50102, 1),
  (730000038, 50102, 1),
  (730000039, 50102, 1),
  (730000040, 50102, 1),
  (730000041, 50102, 1),
  (730000042, 50102, 2),
  (730000043, 50102, 2),
  (730000044, 50102, 2),
  (730000050, 50102, 4),
  (730000052, 50102, 8),
  (730000053, 50102, 9),
  (730000054, 50102, 10),
  (730000055, 50102, 11),
  (730000056, 50102, 12),
  (730000057, 50102, 13),
  (730000058, 50102, 14),
  (730000059, 50102, 14),
  (730000061, 50102, 14),
  (730000062, 50102, 14),
  (730000063, 50102, 15),
  (730000064, 50102, 7),
  (730000068, 50102, 16),
  (730000069, 50102, 16),
  (730000070, 50102, 16),
  (730000071, 50102, 16),
  (730000035, 50102, 1),
  (730000036, 50102, 1),
  (730000037, 50102, 1),
  (730000045, 50102, 2),
  (730000101, 50102, 3),
  (730000102, 50102, 4),
  (730000103, 50102, 5),
  (730000104, 50102, 6),
  (730000105, 50102, 7),
  (730000106, 50102, 8),
  (730000107, 50102, 9),
  (730000108, 50102, 10),
  (730000109, 50102, 11),
  (730000110, 50102, 12),
  (730000111, 50102, 13),
  (730000112, 50102, 14),
  (730000113, 50102, 14),
  (730000114, 50102, 15),
  (730000115, 50102, 16),
  (730000116, 50102, 17);

-- ============================== 2b. Bootstrap pirate camp gen B (730000085) ==============================
-- 730001001 deletes 730000085 but never re-creates it; we create it here
-- BEFORE sections 3/4 reference it in their INSERT statements.
INSERT INTO `weenie` (`class_Id`, `class_Name`, `type`, `last_Modified`) VALUES
  (730000085, 't11_tou_cursed_pirate_camp_gen_b', 1, UTC_TIMESTAMP())
ON DUPLICATE KEY UPDATE `last_Modified` = UTC_TIMESTAMP();

INSERT IGNORE INTO `weenie_properties_bool` (`object_Id`, `type`, `value`) VALUES
  (730000085, 1, 1),
  (730000085, 11, 1),
  (730000085, 18, 1);

INSERT IGNORE INTO `weenie_properties_int` (`object_Id`, `type`, `value`) VALUES
  (730000085, 93, 1044);

INSERT IGNORE INTO `weenie_properties_d_i_d` (`object_Id`, `type`, `value`) VALUES
  (730000085, 1, 33555051),
  (730000085, 8, 100667494);

INSERT IGNORE INTO `weenie_properties_string` (`object_Id`, `type`, `value`) VALUES
  (730000085, 1, 'T11 Pirate Camp Gen (Sanjo)');

-- Update 730000091 name from boss picker to camp gen
UPDATE `weenie_properties_string` SET `value` = 'T11 Pirate Camp Gen (Skippy)' WHERE `object_Id` = 730000091 AND `type` = 1;

-- ============================== 3. Camp gen counts, scaling, radius ==============================
DELETE FROM `weenie_properties_int` WHERE `type` IN (81,82,50103,50104) AND `object_Id` IN (730000072,730000073,730000074,730000075,730000076,730000077,730000078,730000079,730000080,730000081,730000082,730000083,730000084,730000085,730000086,730000087,730000088,730000089,730000090,730000091);
DELETE FROM `weenie_properties_float` WHERE `type` IN (41,43) AND `object_Id` IN (730000072,730000073,730000074,730000075,730000076,730000077,730000078,730000079,730000080,730000081,730000082,730000083,730000084,730000085,730000086,730000087,730000088,730000089,730000090,730000091);

INSERT INTO `weenie_properties_int` (`object_Id`, `type`, `value`) VALUES
  (730000072, 81, 6),
  (730000072, 82, 6),
  (730000072, 50103, 6),
  (730000072, 50104, 11),
  (730000073, 81, 6),
  (730000073, 82, 6),
  (730000073, 50103, 6),
  (730000073, 50104, 11),
  (730000074, 81, 6),
  (730000074, 82, 6),
  (730000074, 50103, 6),
  (730000074, 50104, 11),
  (730000075, 81, 6),
  (730000075, 82, 6),
  (730000075, 50103, 6),
  (730000075, 50104, 11),
  (730000076, 81, 6),
  (730000076, 82, 6),
  (730000076, 50103, 6),
  (730000076, 50104, 11),
  (730000077, 81, 6),
  (730000077, 82, 6),
  (730000077, 50103, 6),
  (730000077, 50104, 11),
  (730000078, 81, 6),
  (730000078, 82, 6),
  (730000078, 50103, 6),
  (730000078, 50104, 11),
  (730000079, 81, 6),
  (730000079, 82, 6),
  (730000079, 50103, 6),
  (730000079, 50104, 11),
  (730000080, 81, 6),
  (730000080, 82, 6),
  (730000080, 50103, 6),
  (730000080, 50104, 11),
  (730000081, 81, 6),
  (730000081, 82, 6),
  (730000081, 50103, 6),
  (730000081, 50104, 11),
  (730000082, 81, 6),
  (730000082, 82, 6),
  (730000082, 50103, 6),
  (730000082, 50104, 11),
  (730000083, 81, 6),
  (730000083, 82, 6),
  (730000083, 50103, 6),
  (730000083, 50104, 11),
  (730000084, 81, 6),
  (730000084, 82, 6),
  (730000084, 50103, 6),
  (730000084, 50104, 11),
  (730000086, 81, 6),
  (730000086, 82, 6),
  (730000086, 50103, 6),
  (730000086, 50104, 11),
  (730000087, 81, 6),
  (730000087, 82, 6),
  (730000087, 50103, 6),
  (730000087, 50104, 11),
  (730000088, 81, 6),
  (730000088, 82, 6),
  (730000088, 50103, 6),
  (730000088, 50104, 11),
  (730000089, 81, 6),
  (730000089, 82, 6),
  (730000089, 50103, 6),
  (730000089, 50104, 11),
  (730000090, 81, 6),
  (730000090, 82, 6),
  (730000090, 50103, 6),
  (730000090, 50104, 11),
  (730000085, 81, 6),
  (730000085, 82, 6),
  (730000085, 50103, 6),
  (730000085, 50104, 11),
  (730000091, 81, 6),
  (730000091, 82, 6),
  (730000091, 50103, 6),
  (730000091, 50104, 11);

INSERT INTO `weenie_properties_float` (`object_Id`, `type`, `value`) VALUES
  (730000072, 41, 60),
  (730000072, 43, 8),
  (730000073, 41, 60),
  (730000073, 43, 8),
  (730000074, 41, 60),
  (730000074, 43, 8),
  (730000075, 41, 60),
  (730000075, 43, 8),
  (730000076, 41, 60),
  (730000076, 43, 8),
  (730000077, 41, 60),
  (730000077, 43, 8),
  (730000078, 41, 60),
  (730000078, 43, 8),
  (730000079, 41, 60),
  (730000079, 43, 8),
  (730000080, 41, 60),
  (730000080, 43, 8),
  (730000081, 41, 60),
  (730000081, 43, 8),
  (730000082, 41, 60),
  (730000082, 43, 8),
  (730000083, 41, 60),
  (730000083, 43, 8),
  (730000084, 41, 60),
  (730000084, 43, 8),
  (730000086, 41, 60),
  (730000086, 43, 8),
  (730000087, 41, 60),
  (730000087, 43, 8),
  (730000088, 41, 60),
  (730000088, 43, 8),
  (730000089, 41, 60),
  (730000089, 43, 8),
  (730000090, 41, 60),
  (730000090, 43, 8),
  (730000085, 41, 60),
  (730000085, 43, 8),
  (730000091, 41, 60),
  (730000091, 43, 8);

-- ============================== 4. Generator profiles ==============================
DELETE FROM `weenie_properties_generator` WHERE `object_Id` IN (730001001,730001002,730001003,730001004,730000072,730000073,730000074,730000075,730000076,730000077,730000078,730000079,730000080,730000081,730000082,730000083,730000084,730000085,730000086,730000087,730000088,730000089,730000090,730000091);

INSERT INTO `weenie_properties_generator` (`object_Id`, `probability`, `weenie_Class_Id`, `delay`, `init_Create`, `max_Create`, `when_Create`, `where_Create`, `stack_Size`, `palette_Id`, `shade`, `obj_Cell_Id`, `origin_X`, `origin_Y`, `origin_Z`, `angles_W`, `angles_X`, `angles_Y`, `angles_Z`) VALUES
  (730001001,0.2,730000090,300,1,1,1,2,-1,0,0,0,0,0,0,1,0,0,0),
  (730001001,0.4,730000072,300,1,1,1,2,-1,0,0,0,0,0,0,1,0,0,0),
  (730001001,0.6,730000073,300,1,1,1,2,-1,0,0,0,0,0,0,1,0,0,0),
  (730001001,0.8,730000074,300,1,1,1,2,-1,0,0,0,0,0,0,1,0,0,0),
  (730001001,1.0,730000082,300,1,1,1,2,-1,0,0,0,0,0,0,1,0,0,0),
  (730001002,0.33333333,730000087,300,1,1,1,2,-1,0,0,0,0,0,0,1,0,0,0),
  (730001002,0.66666667,730000089,300,1,1,1,2,-1,0,0,0,0,0,0,1,0,0,0),
  (730001002,1.0,730000081,300,1,1,1,2,-1,0,0,0,0,0,0,1,0,0,0),
  (730001003,0.06666667,730000084,300,1,1,1,2,-1,0,0,0,0,0,0,1,0,0,0),
  (730001003,0.13333333,730000085,300,1,1,1,2,-1,0,0,0,0,0,0,1,0,0,0),
  (730001003,0.2,730000091,300,1,1,1,2,-1,0,0,0,0,0,0,1,0,0,0),
  (730001003,0.4,730000086,300,1,1,1,2,-1,0,0,0,0,0,0,1,0,0,0),
  (730001003,0.6,730000078,300,1,1,1,2,-1,0,0,0,0,0,0,1,0,0,0),
  (730001003,0.8,730000079,300,1,1,1,2,-1,0,0,0,0,0,0,1,0,0,0),
  (730001003,1.0,730000080,300,1,1,1,2,-1,0,0,0,0,0,0,1,0,0,0),
  (730001004,0.2,730000088,300,1,1,1,2,-1,0,0,0,0,0,0,1,0,0,0),
  (730001004,0.4,730000075,300,1,1,1,2,-1,0,0,0,0,0,0,1,0,0,0),
  (730001004,0.6,730000076,300,1,1,1,2,-1,0,0,0,0,0,0,1,0,0,0),
  (730001004,0.8,730000077,300,1,1,1,2,-1,0,0,0,0,0,0,1,0,0,0),
  (730001004,1.0,730000083,300,1,1,1,2,-1,0,0,0,0,0,0,1,0,0,0),
  (730000072,-1,730000106,300,1,1,1,2,-1,0,0,0,0,0,0,1,0,0,0),
  (730000072,1.0,730000052,300,1,-1,1,2,-1,0,0,0,0,0,0,1,0,0,0),
  (730000073,-1,730000107,300,1,1,1,2,-1,0,0,0,0,0,0,1,0,0,0),
  (730000073,1.0,730000053,300,1,-1,1,2,-1,0,0,0,0,0,0,1,0,0,0),
  (730000074,-1,730000108,300,1,1,1,2,-1,0,0,0,0,0,0,1,0,0,0),
  (730000074,1.0,730000054,300,1,-1,1,2,-1,0,0,0,0,0,0,1,0,0,0),
  (730000075,-1,730000109,300,1,1,1,2,-1,0,0,0,0,0,0,1,0,0,0),
  (730000075,1.0,730000055,300,1,-1,1,2,-1,0,0,0,0,0,0,1,0,0,0),
  (730000076,-1,730000110,300,1,1,1,2,-1,0,0,0,0,0,0,1,0,0,0),
  (730000076,1.0,730000056,300,1,-1,1,2,-1,0,0,0,0,0,0,1,0,0,0),
  (730000077,-1,730000111,300,1,1,1,2,-1,0,0,0,0,0,0,1,0,0,0),
  (730000077,1.0,730000057,300,1,-1,1,2,-1,0,0,0,0,0,0,1,0,0,0),
  (730000078,-1,730000112,300,1,1,1,2,-1,0,0,0,0,0,0,1,0,0,0),
  (730000078,0.33333333,730000058,300,1,-1,1,2,-1,0,0,0,0,0,0,1,0,0,0),
  (730000078,0.66666667,730000061,300,1,-1,1,2,-1,0,0,0,0,0,0,1,0,0,0),
  (730000078,1.0,730000062,300,1,-1,1,2,-1,0,0,0,0,0,0,1,0,0,0),
  (730000079,-1,730000113,300,1,1,1,2,-1,0,0,0,0,0,0,1,0,0,0),
  (730000079,0.33333333,730000059,300,1,-1,1,2,-1,0,0,0,0,0,0,1,0,0,0),
  (730000079,0.66666667,730000061,300,1,-1,1,2,-1,0,0,0,0,0,0,1,0,0,0),
  (730000079,1.0,730000062,300,1,-1,1,2,-1,0,0,0,0,0,0,1,0,0,0),
  (730000080,-1,730000114,300,1,1,1,2,-1,0,0,0,0,0,0,1,0,0,0),
  (730000080,0.5,730000063,300,1,-1,1,2,-1,0,0,0,0,0,0,1,0,0,0),
  (730000080,1.0,730000019,300,1,-1,1,2,-1,0,0,0,0,0,0,1,0,0,0),
  (730000081,-1,730000105,300,1,1,1,2,-1,0,0,0,0,0,0,1,0,0,0),
  (730000081,1.0,730000064,300,1,-1,1,2,-1,0,0,0,0,0,0,1,0,0,0),
  (730000082,-1,730000115,300,1,1,1,2,-1,0,0,0,0,0,0,1,0,0,0),
  (730000082,0.25,730000068,300,1,-1,1,2,-1,0,0,0,0,0,0,1,0,0,0),
  (730000082,0.5,730000069,300,1,-1,1,2,-1,0,0,0,0,0,0,1,0,0,0),
  (730000082,0.75,730000070,300,1,-1,1,2,-1,0,0,0,0,0,0,1,0,0,0),
  (730000082,1.0,730000071,300,1,-1,1,2,-1,0,0,0,0,0,0,1,0,0,0),
  (730000083,-1,730000116,300,1,1,1,2,-1,0,0,0,0,0,0,1,0,0,0),
  (730000083,1.0,730000009,300,1,-1,1,2,-1,0,0,0,0,0,0,1,0,0,0),
  (730000084,-1,730000035,300,1,1,1,2,-1,0,0,0,0,0,0,1,0,0,0),
  (730000084,0.11111111,730000030,300,1,-1,1,2,-1,0,0,0,0,0,0,1,0,0,0),
  (730000084,0.22222222,730000031,300,1,-1,1,2,-1,0,0,0,0,0,0,1,0,0,0),
  (730000084,0.33333333,730000032,300,1,-1,1,2,-1,0,0,0,0,0,0,1,0,0,0),
  (730000084,0.44444444,730000033,300,1,-1,1,2,-1,0,0,0,0,0,0,1,0,0,0),
  (730000084,0.55555556,730000034,300,1,-1,1,2,-1,0,0,0,0,0,0,1,0,0,0),
  (730000084,0.66666667,730000038,300,1,-1,1,2,-1,0,0,0,0,0,0,1,0,0,0),
  (730000084,0.77777778,730000039,300,1,-1,1,2,-1,0,0,0,0,0,0,1,0,0,0),
  (730000084,0.88888889,730000040,300,1,-1,1,2,-1,0,0,0,0,0,0,1,0,0,0),
  (730000084,1.0,730000041,300,1,-1,1,2,-1,0,0,0,0,0,0,1,0,0,0),
  (730000085,-1,730000036,300,1,1,1,2,-1,0,0,0,0,0,0,1,0,0,0),
  (730000085,0.11111111,730000030,300,1,-1,1,2,-1,0,0,0,0,0,0,1,0,0,0),
  (730000085,0.22222222,730000031,300,1,-1,1,2,-1,0,0,0,0,0,0,1,0,0,0),
  (730000085,0.33333333,730000032,300,1,-1,1,2,-1,0,0,0,0,0,0,1,0,0,0),
  (730000085,0.44444444,730000033,300,1,-1,1,2,-1,0,0,0,0,0,0,1,0,0,0),
  (730000085,0.55555556,730000034,300,1,-1,1,2,-1,0,0,0,0,0,0,1,0,0,0),
  (730000085,0.66666667,730000038,300,1,-1,1,2,-1,0,0,0,0,0,0,1,0,0,0),
  (730000085,0.77777778,730000039,300,1,-1,1,2,-1,0,0,0,0,0,0,1,0,0,0),
  (730000085,0.88888889,730000040,300,1,-1,1,2,-1,0,0,0,0,0,0,1,0,0,0),
  (730000085,1.0,730000041,300,1,-1,1,2,-1,0,0,0,0,0,0,1,0,0,0),
  (730000086,-1,730000045,300,1,1,1,2,-1,0,0,0,0,0,0,1,0,0,0),
  (730000086,0.33333333,730000042,300,1,-1,1,2,-1,0,0,0,0,0,0,1,0,0,0),
  (730000086,0.66666667,730000043,300,1,-1,1,2,-1,0,0,0,0,0,0,1,0,0,0),
  (730000086,1.0,730000044,300,1,-1,1,2,-1,0,0,0,0,0,0,1,0,0,0),
  (730000087,-1,730000101,300,1,1,1,2,-1,0,0,0,0,0,0,1,0,0,0),
  (730000087,0.16666667,730000023,300,1,-1,1,2,-1,0,0,0,0,0,0,1,0,0,0),
  (730000087,0.33333333,730000024,300,1,-1,1,2,-1,0,0,0,0,0,0,1,0,0,0),
  (730000087,0.5,730000025,300,1,-1,1,2,-1,0,0,0,0,0,0,1,0,0,0),
  (730000087,0.66666667,730000026,300,1,-1,1,2,-1,0,0,0,0,0,0,1,0,0,0),
  (730000087,0.83333333,730000027,300,1,-1,1,2,-1,0,0,0,0,0,0,1,0,0,0),
  (730000087,1.0,730000028,300,1,-1,1,2,-1,0,0,0,0,0,0,1,0,0,0),
  (730000088,-1,730000102,300,1,1,1,2,-1,0,0,0,0,0,0,1,0,0,0),
  (730000088,1.0,730000050,300,1,-1,1,2,-1,0,0,0,0,0,0,1,0,0,0),
  (730000089,-1,730000103,300,1,1,1,2,-1,0,0,0,0,0,0,1,0,0,0),
  (730000089,1.0,730000020,300,1,-1,1,2,-1,0,0,0,0,0,0,1,0,0,0),
  (730000090,-1,730000104,300,1,1,1,2,-1,0,0,0,0,0,0,1,0,0,0),
  (730000090,1.0,730000016,300,1,-1,1,2,-1,0,0,0,0,0,0,1,0,0,0),
  (730000091,-1,730000037,300,1,1,1,2,-1,0,0,0,0,0,0,1,0,0,0),
  (730000091,0.11111111,730000030,300,1,-1,1,2,-1,0,0,0,0,0,0,1,0,0,0),
  (730000091,0.22222222,730000031,300,1,-1,1,2,-1,0,0,0,0,0,0,1,0,0,0),
  (730000091,0.33333333,730000032,300,1,-1,1,2,-1,0,0,0,0,0,0,1,0,0,0),
  (730000091,0.44444444,730000033,300,1,-1,1,2,-1,0,0,0,0,0,0,1,0,0,0),
  (730000091,0.55555556,730000034,300,1,-1,1,2,-1,0,0,0,0,0,0,1,0,0,0),
  (730000091,0.66666667,730000038,300,1,-1,1,2,-1,0,0,0,0,0,0,1,0,0,0),
  (730000091,0.77777778,730000039,300,1,-1,1,2,-1,0,0,0,0,0,0,1,0,0,0),
  (730000091,0.88888889,730000040,300,1,-1,1,2,-1,0,0,0,0,0,0,1,0,0,0),
  (730000091,1.0,730000041,300,1,-1,1,2,-1,0,0,0,0,0,0,1,0,0,0);

-- ============================== 5. Strip 'T11 ' prefix from creature display names ==============================
UPDATE `weenie_properties_string` SET `value` = 'Freshwater Armoredillo' WHERE `object_Id` = 730000052 AND `type` = 1;
UPDATE `weenie_properties_string` SET `value` = 'Island Armoredillo' WHERE `object_Id` = 730000053 AND `type` = 1;
UPDATE `weenie_properties_string` SET `value` = 'Shore Armoredillo' WHERE `object_Id` = 730000054 AND `type` = 1;
UPDATE `weenie_properties_string` SET `value` = 'Rank Moarsman' WHERE `object_Id` = 730000055 AND `type` = 1;
UPDATE `weenie_properties_string` SET `value` = 'Ashen Moarsman' WHERE `object_Id` = 730000056 AND `type` = 1;
UPDATE `weenie_properties_string` SET `value` = 'Shallows Destroyer' WHERE `object_Id` = 730000057 AND `type` = 1;
UPDATE `weenie_properties_string` SET `value` = 'Skeleton Lord' WHERE `object_Id` = 730000058 AND `type` = 1;
UPDATE `weenie_properties_string` SET `value` = 'Skeleton Captain' WHERE `object_Id` = 730000059 AND `type` = 1;
UPDATE `weenie_properties_string` SET `value` = 'Lord of Decay' WHERE `object_Id` = 730000060 AND `type` = 1;
UPDATE `weenie_properties_string` SET `value` = 'Skeleton Wraith' WHERE `object_Id` = 730000061 AND `type` = 1;
UPDATE `weenie_properties_string` SET `value` = 'Risen Soldier' WHERE `object_Id` = 730000062 AND `type` = 1;
UPDATE `weenie_properties_string` SET `value` = 'Lich Lord' WHERE `object_Id` = 730000063 AND `type` = 1;
UPDATE `weenie_properties_string` SET `value` = 'Sand Golem' WHERE `object_Id` = 730000064 AND `type` = 1;
UPDATE `weenie_properties_string` SET `value` = 'Copper Golem Kingpin' WHERE `object_Id` = 730000065 AND `type` = 1;
UPDATE `weenie_properties_string` SET `value` = 'Mosswart Fanatic' WHERE `object_Id` = 730000068 AND `type` = 1;
UPDATE `weenie_properties_string` SET `value` = 'Mosswart Idolator' WHERE `object_Id` = 730000069 AND `type` = 1;
UPDATE `weenie_properties_string` SET `value` = 'Mosswart Zealot' WHERE `object_Id` = 730000070 AND `type` = 1;
UPDATE `weenie_properties_string` SET `value` = 'Mosswart Soul Trapper' WHERE `object_Id` = 730000071 AND `type` = 1;
