-- T11 Tou Tou Generator Weenies (730001001-730001004)
DELETE FROM `weenie` WHERE `class_Id` BETWEEN 730001001 AND 730001004;
DELETE FROM `weenie_properties_d_i_d` WHERE `object_Id` BETWEEN 730001001 AND 730001004;

-- T11 Tou Tou Land Generator
INSERT INTO `weenie` (`class_Id`,`class_Name`,`type`,`last_Modified`) VALUES (730001001,'t11_tou_gen_l',1,NOW());
INSERT INTO `weenie_properties_string` (`object_Id`,`type`,`value`) VALUES (730001001,1,'T11 Tou Tou Land Generator');
INSERT INTO `weenie_properties_int` (`object_Id`,`type`,`value`) VALUES (730001001,81,10),(730001001,82,20),(730001001,93,1044);
INSERT INTO `weenie_properties_float` (`object_Id`,`type`,`value`) VALUES (730001001,41,300.0),(730001001,43,15.0),(730001001,9034,30.0);
INSERT INTO `weenie_properties_bool` (`object_Id`,`type`,`value`) VALUES (730001001,1,1),(730001001,11,1),(730001001,132,1);
INSERT INTO `weenie_properties_generator` (`object_Id`,`probability`,`weenie_Class_Id`,`delay`,`init_Create`,`max_Create`,`when_Create`,`where_Create`,`stack_Size`,`palette_Id`,`shade`,`obj_Cell_Id`,`origin_X`,`origin_Y`,`origin_Z`,`angles_W`,`angles_X`,`angles_Y`,`angles_Z`) VALUES
  (730001001,-1,730000001,300,1,1,2,2,-1,0,0,0,0,0,0,1,0,0,0),
  (730001001,-1,730000002,300,1,1,2,2,-1,0,0,0,0,0,0,1,0,0,0),
  (730001001,-1,730000003,300,1,1,2,2,-1,0,0,0,0,0,0,1,0,0,0),
  (730001001,-1,730000004,300,1,1,2,2,-1,0,0,0,0,0,0,1,0,0,0),
  (730001001,-1,730000005,300,1,1,2,2,-1,0,0,0,0,0,0,1,0,0,0),
  (730001001,-1,730000006,300,1,1,2,2,-1,0,0,0,0,0,0,1,0,0,0),
  (730001001,-1,730000007,300,1,1,2,2,-1,0,0,0,0,0,0,1,0,0,0),
  (730001001,-1,730000008,300,1,1,2,2,-1,0,0,0,0,0,0,1,0,0,0),
  (730001001,-1,730000009,300,1,1,2,2,-1,0,0,0,0,0,0,1,0,0,0),
  (730001001,-1,730000010,300,1,1,2,2,-1,0,0,0,0,0,0,1,0,0,0),
  (730001001,-1,730000011,300,1,1,2,2,-1,0,0,0,0,0,0,1,0,0,0),
  (730001001,-1,730000012,300,1,1,2,2,-1,0,0,0,0,0,0,1,0,0,0),
  (730001001,-1,730000013,300,1,1,2,2,-1,0,0,0,0,0,0,1,0,0,0),
  (730001001,-1,730000014,300,1,1,2,2,-1,0,0,0,0,0,0,1,0,0,0),
  (730001001,-1,730000015,300,1,1,2,2,-1,0,0,0,0,0,0,1,0,0,0),
  (730001001,-1,730000016,300,1,1,2,2,-1,0,0,0,0,0,0,1,0,0,0),
  (730001001,-1,730000017,300,1,1,2,2,-1,0,0,0,0,0,0,1,0,0,0),
  (730001001,-1,730000018,300,1,1,2,2,-1,0,0,0,0,0,0,1,0,0,0),
  (730001001,-1,730000019,300,1,1,2,2,-1,0,0,0,0,0,0,1,0,0,0),
  (730001001,-1,730000020,300,1,1,2,2,-1,0,0,0,0,0,0,1,0,0,0);

-- T11 Tou Tou Obsidian Generator
INSERT INTO `weenie` (`class_Id`,`class_Name`,`type`,`last_Modified`) VALUES (730001002,'t11_tou_gen_o',1,NOW());
INSERT INTO `weenie_properties_string` (`object_Id`,`type`,`value`) VALUES (730001002,1,'T11 Tou Tou Obsidian Generator');
INSERT INTO `weenie_properties_int` (`object_Id`,`type`,`value`) VALUES (730001002,81,4),(730001002,82,9),(730001002,93,1044);
INSERT INTO `weenie_properties_float` (`object_Id`,`type`,`value`) VALUES (730001002,41,300.0),(730001002,43,15.0),(730001002,9034,30.0);
INSERT INTO `weenie_properties_bool` (`object_Id`,`type`,`value`) VALUES (730001002,1,1),(730001002,11,1),(730001002,132,1);
INSERT INTO `weenie_properties_generator` (`object_Id`,`probability`,`weenie_Class_Id`,`delay`,`init_Create`,`max_Create`,`when_Create`,`where_Create`,`stack_Size`,`palette_Id`,`shade`,`obj_Cell_Id`,`origin_X`,`origin_Y`,`origin_Z`,`angles_W`,`angles_X`,`angles_Y`,`angles_Z`) VALUES
  (730001002,-1,730000023,300,1,1,2,2,-1,0,0,0,0,0,0,1,0,0,0),
  (730001002,-1,730000024,300,1,1,2,2,-1,0,0,0,0,0,0,1,0,0,0),
  (730001002,-1,730000025,300,1,1,2,2,-1,0,0,0,0,0,0,1,0,0,0),
  (730001002,-1,730000026,300,1,1,2,2,-1,0,0,0,0,0,0,1,0,0,0),
  (730001002,-1,730000027,300,1,1,2,2,-1,0,0,0,0,0,0,1,0,0,0),
  (730001002,-1,730000028,300,1,1,2,2,-1,0,0,0,0,0,0,1,0,0,0),
  (730001002,-1,730000029,300,1,1,2,2,-1,0,0,0,0,0,0,1,0,0,0);

-- T11 Tou Tou Beach Generator
INSERT INTO `weenie` (`class_Id`,`class_Name`,`type`,`last_Modified`) VALUES (730001003,'t11_tou_gen_b',1,NOW());
INSERT INTO `weenie_properties_string` (`object_Id`,`type`,`value`) VALUES (730001003,1,'T11 Tou Tou Beach Generator');
INSERT INTO `weenie_properties_int` (`object_Id`,`type`,`value`) VALUES (730001003,81,10),(730001003,82,21),(730001003,93,1044);
INSERT INTO `weenie_properties_float` (`object_Id`,`type`,`value`) VALUES (730001003,41,300.0),(730001003,43,15.0),(730001003,9034,30.0);
INSERT INTO `weenie_properties_bool` (`object_Id`,`type`,`value`) VALUES (730001003,1,1),(730001003,11,1),(730001003,132,1);
INSERT INTO `weenie_properties_generator` (`object_Id`,`probability`,`weenie_Class_Id`,`delay`,`init_Create`,`max_Create`,`when_Create`,`where_Create`,`stack_Size`,`palette_Id`,`shade`,`obj_Cell_Id`,`origin_X`,`origin_Y`,`origin_Z`,`angles_W`,`angles_X`,`angles_Y`,`angles_Z`) VALUES
  (730001003,-1,730000030,300,1,1,2,2,-1,0,0,0,0,0,0,1,0,0,0),
  (730001003,-1,730000031,300,1,1,2,2,-1,0,0,0,0,0,0,1,0,0,0),
  (730001003,-1,730000032,300,1,1,2,2,-1,0,0,0,0,0,0,1,0,0,0),
  (730001003,-1,730000033,300,1,1,2,2,-1,0,0,0,0,0,0,1,0,0,0),
  (730001003,-1,730000034,300,1,1,2,2,-1,0,0,0,0,0,0,1,0,0,0),
  (730001003,-1,730000035,300,1,1,2,2,-1,0,0,0,0,0,0,1,0,0,0),
  (730001003,-1,730000036,300,1,1,2,2,-1,0,0,0,0,0,0,1,0,0,0),
  (730001003,-1,730000037,300,1,1,2,2,-1,0,0,0,0,0,0,1,0,0,0),
  (730001003,-1,730000038,300,1,1,2,2,-1,0,0,0,0,0,0,1,0,0,0),
  (730001003,-1,730000039,300,1,1,2,2,-1,0,0,0,0,0,0,1,0,0,0),
  (730001003,-1,730000040,300,1,1,2,2,-1,0,0,0,0,0,0,1,0,0,0),
  (730001003,-1,730000041,300,1,1,2,2,-1,0,0,0,0,0,0,1,0,0,0),
  (730001003,-1,730000042,300,1,1,2,2,-1,0,0,0,0,0,0,1,0,0,0),
  (730001003,-1,730000043,300,1,1,2,2,-1,0,0,0,0,0,0,1,0,0,0),
  (730001003,-1,730000044,300,1,1,2,2,-1,0,0,0,0,0,0,1,0,0,0),
  (730001003,-1,730000045,300,1,1,2,2,-1,0,0,0,0,0,0,1,0,0,0),
  (730001003,-1,730000046,300,1,1,2,2,-1,0,0,0,0,0,0,1,0,0,0),
  (730001003,-1,730000047,300,1,1,2,2,-1,0,0,0,0,0,0,1,0,0,0),
  (730001003,-1,730000048,300,1,1,2,2,-1,0,0,0,0,0,0,1,0,0,0),
  (730001003,-1,730000049,300,1,1,2,2,-1,0,0,0,0,0,0,1,0,0,0),
  (730001003,-1,730000051,300,1,1,2,2,-1,0,0,0,0,0,0,1,0,0,0);

-- T11 Tou Tou Water Generator
INSERT INTO `weenie` (`class_Id`,`class_Name`,`type`,`last_Modified`) VALUES (730001004,'t11_tou_gen_w',1,NOW());
INSERT INTO `weenie_properties_string` (`object_Id`,`type`,`value`) VALUES (730001004,1,'T11 Tou Tou Water Generator');
INSERT INTO `weenie_properties_int` (`object_Id`,`type`,`value`) VALUES (730001004,81,10),(730001004,82,21),(730001004,93,1044);
INSERT INTO `weenie_properties_float` (`object_Id`,`type`,`value`) VALUES (730001004,41,300.0),(730001004,43,15.0),(730001004,9034,30.0);
INSERT INTO `weenie_properties_bool` (`object_Id`,`type`,`value`) VALUES (730001004,1,1),(730001004,11,1),(730001004,132,1);
INSERT INTO `weenie_properties_generator` (`object_Id`,`probability`,`weenie_Class_Id`,`delay`,`init_Create`,`max_Create`,`when_Create`,`where_Create`,`stack_Size`,`palette_Id`,`shade`,`obj_Cell_Id`,`origin_X`,`origin_Y`,`origin_Z`,`angles_W`,`angles_X`,`angles_Y`,`angles_Z`) VALUES
  (730001004,-1,730000030,300,1,1,2,2,-1,0,0,0,0,0,0,1,0,0,0),
  (730001004,-1,730000031,300,1,1,2,2,-1,0,0,0,0,0,0,1,0,0,0),
  (730001004,-1,730000032,300,1,1,2,2,-1,0,0,0,0,0,0,1,0,0,0),
  (730001004,-1,730000033,300,1,1,2,2,-1,0,0,0,0,0,0,1,0,0,0),
  (730001004,-1,730000034,300,1,1,2,2,-1,0,0,0,0,0,0,1,0,0,0),
  (730001004,-1,730000035,300,1,1,2,2,-1,0,0,0,0,0,0,1,0,0,0),
  (730001004,-1,730000036,300,1,1,2,2,-1,0,0,0,0,0,0,1,0,0,0),
  (730001004,-1,730000037,300,1,1,2,2,-1,0,0,0,0,0,0,1,0,0,0),
  (730001004,-1,730000038,300,1,1,2,2,-1,0,0,0,0,0,0,1,0,0,0),
  (730001004,-1,730000039,300,1,1,2,2,-1,0,0,0,0,0,0,1,0,0,0),
  (730001004,-1,730000040,300,1,1,2,2,-1,0,0,0,0,0,0,1,0,0,0),
  (730001004,-1,730000041,300,1,1,2,2,-1,0,0,0,0,0,0,1,0,0,0),
  (730001004,-1,730000042,300,1,1,2,2,-1,0,0,0,0,0,0,1,0,0,0),
  (730001004,-1,730000043,300,1,1,2,2,-1,0,0,0,0,0,0,1,0,0,0),
  (730001004,-1,730000044,300,1,1,2,2,-1,0,0,0,0,0,0,1,0,0,0),
  (730001004,-1,730000045,300,1,1,2,2,-1,0,0,0,0,0,0,1,0,0,0),
  (730001004,-1,730000046,300,1,1,2,2,-1,0,0,0,0,0,0,1,0,0,0),
  (730001004,-1,730000047,300,1,1,2,2,-1,0,0,0,0,0,0,1,0,0,0),
  (730001004,-1,730000048,300,1,1,2,2,-1,0,0,0,0,0,0,1,0,0,0),
  (730001004,-1,730000049,300,1,1,2,2,-1,0,0,0,0,0,0,1,0,0,0),
  (730001004,-1,730000050,300,1,1,2,2,-1,0,0,0,0,0,0,1,0,0,0);

-- Custom Generator DID Setup and Icon properties
INSERT INTO `weenie_properties_d_i_d` (`object_Id`, `type`, `value`) VALUES
(730001001, 1, 33556439), (730001001, 8, 100669945),
(730001002, 1, 33556439), (730001002, 8, 100669945),
(730001003, 1, 33556439), (730001003, 8, 100669945),
(730001004, 1, 33556439), (730001004, 8, 100669945);

-- T11 Tou Tou Landblock Generator Placements (variation_Id=11)
DELETE FROM `landblock_instance` WHERE `variation_Id`=11 AND `weenie_Class_Id` BETWEEN 730001001 AND 730001004;
INSERT INTO `landblock_instance` (`guid`,`weenie_Class_Id`,`obj_Cell_Id`,`origin_X`,`origin_Y`,`origin_Z`,`angles_W`,`angles_X`,`angles_Y`,`angles_Z`,`is_Link_Child`,`variation_Id`,`last_Modified`) VALUES
  (2142750000,730001002,4048945154,16.807339,24.523533,0.000000,1,0,0,0,0,11,NOW()),
  (2142750001,730001002,4048945170,58.059563,33.424122,0.000000,1,0,0,0,0,11,NOW()),
  (2142750002,730001002,4048945209,170.315903,20.924116,0.000000,1,0,0,0,0,11,NOW()),
  (2142750003,730001002,4048945155,13.565792,59.703377,0.000000,1,0,0,0,0,11,NOW()),
  (2142750004,730001002,4048945180,78.154564,81.485458,0.000000,1,0,0,0,0,11,NOW()),
  (2142750005,730001002,4048945195,121.199120,58.324413,0.000000,1,0,0,0,0,11,NOW()),
  (2142750006,730001002,4048945211,174.334641,61.432838,0.000000,1,0,0,0,0,11,NOW()),
  (2142750007,730001002,4048945166,36.186382,125.777695,0.000000,1,0,0,0,0,11,NOW()),
  (2142750008,730001002,4048945181,72.492409,110.591354,0.000000,1,0,0,0,0,11,NOW()),
  (2142750009,730001002,4048945205,154.245300,114.245987,0.000000,1,0,0,0,0,11,NOW()),
  (2142750010,730001002,4048945168,26.494808,177.631958,0.000000,1,0,0,0,0,11,NOW()),
  (2142750011,730001002,4048945176,57.118645,169.071655,0.000000,1,0,0,0,0,11,NOW()),
  (2142750012,730001002,4048945200,129.155533,175.450775,0.000000,1,0,0,0,0,11,NOW()),
  (2142750013,730001002,4048945207,164.537216,157.473572,0.000000,1,0,0,0,0,11,NOW()),
  (2142750014,730001004,4049010714,78.197472,27.853909,0.000000,1,0,0,0,0,11,NOW()),
  (2142750015,730001004,4049010721,111.553368,9.397614,0.000000,1,0,0,0,0,11,NOW()),
  (2142750016,730001004,4049010737,163.954849,17.023151,0.000000,1,0,0,0,0,11,NOW()),
  (2142750017,730001004,4049010692,11.059825,78.545242,0.000000,1,0,0,0,0,11,NOW()),
  (2142750018,730001004,4049010707,59.128288,70.922806,0.000000,1,0,0,0,0,11,NOW()),
  (2142750019,730001004,4049010724,105.361008,80.934280,0.000000,1,0,0,0,0,11,NOW()),
  (2142750020,730001004,4049010740,166.175385,72.404884,0.000000,1,0,0,0,0,11,NOW()),
  (2142750021,730001004,4049010693,23.987904,105.268585,0.000000,1,0,0,0,0,11,NOW()),
  (2142750022,730001004,4049010717,81.865135,105.386902,0.000000,1,0,0,0,0,11,NOW()),
  (2142750023,730001004,4049010725,105.092224,106.913193,0.000000,1,0,0,0,0,11,NOW()),
  (2142750024,730001004,4049010749,172.624298,106.036171,0.000000,1,0,0,0,0,11,NOW()),
  (2142750025,730001004,4049010704,36.405426,180.869125,0.000000,1,0,0,0,0,11,NOW()),
  (2142750026,730001004,4049010711,70.835815,164.259995,0.000000,1,0,0,0,0,11,NOW()),
  (2142750027,730001004,4049010735,123.498184,154.333313,0.000000,1,0,0,0,0,11,NOW()),
  (2142750028,730001004,4049076225,13.870884,12.094285,0.000000,1,0,0,0,0,11,NOW()),
  (2142750029,730001004,4049076241,70.564545,18.997465,0.000000,1,0,0,0,0,11,NOW()),
  (2142750030,730001004,4049076281,176.283310,13.456473,0.000000,1,0,0,0,0,11,NOW()),
  (2142750031,730001004,4049076227,13.040808,63.469814,0.000000,1,0,0,0,0,11,NOW()),
  (2142750032,730001004,4049076268,122.749870,72.385178,0.000000,1,0,0,0,0,11,NOW()),
  (2142750033,730001004,4049076284,182.610641,79.986694,0.000000,1,0,0,0,0,11,NOW()),
  (2142750034,730001004,4049076238,29.161299,126.448486,0.000000,1,0,0,0,0,11,NOW()),
  (2142750035,730001004,4049076246,65.684242,121.561798,0.000000,1,0,0,0,0,11,NOW()),
  (2142750036,730001004,4049076270,134.694855,124.524971,0.000000,1,0,0,0,0,11,NOW()),
  (2142750037,730001004,4049076277,153.726517,115.362228,0.000000,1,0,0,0,0,11,NOW()),
  (2142750038,730001004,4049076239,36.871887,153.814285,0.000000,1,0,0,0,0,11,NOW()),
  (2142750039,730001004,4049076247,63.592419,160.963318,0.000000,1,0,0,0,0,11,NOW()),
  (2142750040,730001004,4049076263,106.154419,159.483704,0.000000,1,0,0,0,0,11,NOW()),
  (2142750041,730001004,4049076287,170.770157,165.666412,0.000000,1,0,0,0,0,11,NOW()),
  (2142750042,730001004,4049141762,17.383408,25.360321,0.000000,1,0,0,0,0,11,NOW()),
  (2142750043,730001004,4049141802,124.034279,27.759876,0.000000,1,0,0,0,0,11,NOW()),
  (2142750044,730001004,4049141809,158.769272,17.917925,0.000000,1,0,0,0,0,11,NOW()),
  (2142750045,730001004,4049141763,14.491354,57.887508,0.000000,1,0,0,0,0,11,NOW()),
  (2142750046,730001004,4049141780,63.925449,85.003853,0.000000,1,0,0,0,0,11,NOW()),
  (2142750047,730001004,4049141804,134.622803,80.449112,0.000000,1,0,0,0,0,11,NOW()),
  (2142750048,730001004,4049141812,157.056595,83.501869,0.000000,1,0,0,0,0,11,NOW()),
  (2142750049,730001004,4049141765,14.601233,113.843048,0.000000,1,0,0,0,0,11,NOW()),
  (2142750050,730001004,4049141790,73.799599,121.686317,0.000000,1,0,0,0,0,11,NOW()),
  (2142750051,730001004,4049141805,126.374390,108.657829,0.000000,1,0,0,0,0,11,NOW()),
  (2142750052,730001004,4049141821,170.945328,116.743378,0.000000,1,0,0,0,0,11,NOW()),
  (2142750053,730001004,4049141775,35.427814,166.347427,0.000000,1,0,0,0,0,11,NOW()),
  (2142750054,730001004,4049141784,67.446129,181.913940,0.000000,1,0,0,0,0,11,NOW()),
  (2142750055,730001004,4049141816,166.909409,169.290527,0.000000,1,0,0,0,0,11,NOW()),
  (2142750056,730001001,4049207297,14.178983,19.016464,0.000000,1,0,0,0,0,11,NOW()),
  (2142750057,730001001,4049207322,73.266060,27.477943,0.000000,1,0,0,0,0,11,NOW()),
  (2142750058,730001001,4049207338,133.272964,33.670036,0.000000,1,0,0,0,0,11,NOW()),
  (2142750059,730001001,4049207353,175.419479,17.415268,0.000000,1,0,0,0,0,11,NOW()),
  (2142750060,730001001,4049207300,19.190521,72.767822,0.000000,1,0,0,0,0,11,NOW()),
  (2142750061,730001001,4049207323,81.128761,64.413315,0.000000,1,0,0,0,0,11,NOW()),
  (2142750062,730001001,4049207340,131.640030,76.932503,0.000000,1,0,0,0,0,11,NOW()),
  (2142750063,730001001,4049207347,158.686859,65.313751,0.000000,1,0,0,0,0,11,NOW()),
  (2142750064,730001001,4049207302,15.855327,130.008514,0.000000,1,0,0,0,0,11,NOW()),
  (2142750065,730001001,4049207325,76.200821,107.455170,0.000000,1,0,0,0,0,11,NOW()),
  (2142750066,730001001,4049207334,117.615349,129.154175,0.000000,1,0,0,0,0,11,NOW()),
  (2142750067,730001001,4049207358,179.402786,128.363815,0.000000,1,0,0,0,0,11,NOW()),
  (2142750068,730001001,4049207328,85.600960,181.292862,0.000000,1,0,0,0,0,11,NOW()),
  (2142750069,730001001,4049207336,118.998245,179.722916,0.000000,1,0,0,0,0,11,NOW()),
  (2142750070,730001004,4049272841,26.452194,14.956534,0.000000,1,0,0,0,0,11,NOW()),
  (2142750071,730001004,4049272857,85.042328,10.568984,0.000000,1,0,0,0,0,11,NOW()),
  (2142750072,730001004,4049272881,154.670486,15.433283,0.000000,1,0,0,0,0,11,NOW()),
  (2142750073,730001004,4049272835,18.410084,62.145557,0.000000,1,0,0,0,0,11,NOW()),
  (2142750074,730001004,4049272851,65.739975,65.119804,0.000000,1,0,0,0,0,11,NOW()),
  (2142750075,730001004,4049272875,131.461853,71.100998,0.000000,1,0,0,0,0,11,NOW()),
  (2142750076,730001004,4049272883,164.024796,70.613678,0.000000,1,0,0,0,0,11,NOW()),
  (2142750077,730001004,4049272846,31.902239,124.876984,0.000000,1,0,0,0,0,11,NOW()),
  (2142750078,730001004,4049272861,86.980110,115.671791,0.000000,1,0,0,0,0,11,NOW()),
  (2142750079,730001004,4049272877,130.696564,114.339500,0.000000,1,0,0,0,0,11,NOW()),
  (2142750080,730001004,4049272886,158.505081,133.141922,0.000000,1,0,0,0,0,11,NOW()),
  (2142750081,730001004,4049272848,26.791559,171.385010,0.000000,1,0,0,0,0,11,NOW()),
  (2142750082,730001004,4049272856,68.612999,181.683670,0.000000,1,0,0,0,0,11,NOW()),
  (2142750083,730001004,4049272871,107.355888,167.133682,0.000000,1,0,0,0,0,11,NOW()),
  (2142750084,730001004,4049338378,37.217392,31.566442,0.000000,1,0,0,0,0,11,NOW()),
  (2142750085,730001004,4049338385,57.926029,19.224030,0.000000,1,0,0,0,0,11,NOW()),
  (2142750086,730001004,4049338409,124.717285,10.277830,0.000000,1,0,0,0,0,11,NOW()),
  (2142750087,730001004,4049338426,173.559006,24.656324,0.000000,1,0,0,0,0,11,NOW()),
  (2142750088,730001004,4049338387,67.948708,67.316307,0.000000,1,0,0,0,0,11,NOW()),
  (2142750089,730001004,4049338404,111.555336,75.154068,0.000000,1,0,0,0,0,11,NOW()),
  (2142750090,730001004,4049338428,172.310272,75.164978,0.000000,1,0,0,0,0,11,NOW()),
  (2142750091,730001004,4049338374,18.657318,124.955986,0.000000,1,0,0,0,0,11,NOW()),
  (2142750092,730001004,4049338389,59.986816,109.077393,0.000000,1,0,0,0,0,11,NOW()),
  (2142750093,730001004,4049338413,130.276398,113.726227,0.000000,1,0,0,0,0,11,NOW()),
  (2142750094,730001004,4049338429,182.367889,115.539482,0.000000,1,0,0,0,0,11,NOW()),
  (2142750095,730001004,4049338376,9.019548,170.380493,0.000000,1,0,0,0,0,11,NOW()),
  (2142750096,730001004,4049338391,67.529770,157.663086,0.000000,1,0,0,0,0,11,NOW()),
  (2142750097,730001004,4049338424,158.494949,172.318359,0.000000,1,0,0,0,0,11,NOW()),
  (2142750098,730001004,4049403914,25.126007,29.165180,0.000000,1,0,0,0,0,11,NOW()),
  (2142750099,730001004,4049403938,117.340965,28.640327,0.000000,1,0,0,0,0,11,NOW()),
  (2142750100,730001004,4049403962,182.242310,29.901312,0.000000,1,0,0,0,0,11,NOW()),
  (2142750101,730001004,4049403907,15.767884,66.340942,0.000000,1,0,0,0,0,11,NOW()),
  (2142750102,730001004,4049403932,73.212242,81.389282,0.000000,1,0,0,0,0,11,NOW()),
  (2142750103,730001004,4049403947,125.813652,66.518028,0.000000,1,0,0,0,0,11,NOW()),
  (2142750104,730001004,4049403964,170.677902,79.546898,0.000000,1,0,0,0,0,11,NOW()),
  (2142750105,730001004,4049403910,22.545544,134.694260,0.000000,1,0,0,0,0,11,NOW()),
  (2142750106,730001004,4049403934,72.054199,130.782867,0.000000,1,0,0,0,0,11,NOW()),
  (2142750107,730001004,4049403941,106.240654,117.400085,0.000000,1,0,0,0,0,11,NOW()),
  (2142750108,730001004,4049403957,165.604660,109.909378,0.000000,1,0,0,0,0,11,NOW()),
  (2142750109,730001004,4049403919,25.881519,165.188858,0.000000,1,0,0,0,0,11,NOW()),
  (2142750110,730001004,4049403928,57.054256,181.590805,0.000000,1,0,0,0,0,11,NOW()),
  (2142750111,730001004,4049403959,166.838745,162.269028,0.000000,1,0,0,0,0,11,NOW()),
  (2142750112,730001004,4049469450,34.284531,24.151556,0.000000,1,0,0,0,0,11,NOW()),
  (2142750113,730001004,4049469457,66.737984,10.896257,0.000000,1,0,0,0,0,11,NOW()),
  (2142750114,730001004,4049469474,108.271675,36.141422,0.000000,1,0,0,0,0,11,NOW()),
  (2142750115,730001004,4049469498,171.765381,36.584404,0.000000,1,0,0,0,0,11,NOW()),
  (2142750116,730001004,4049469451,26.072975,61.619667,0.000000,1,0,0,0,0,11,NOW()),
  (2142750117,730001004,4049469459,68.315674,61.026951,0.000000,1,0,0,0,0,11,NOW()),
  (2142750118,730001004,4049469475,116.216629,60.283661,0.000000,1,0,0,0,0,11,NOW()),
  (2142750119,730001004,4049469446,9.152107,124.586075,0.000000,1,0,0,0,0,11,NOW()),
  (2142750120,730001004,4049469461,57.651501,112.062561,0.000000,1,0,0,0,0,11,NOW()),
  (2142750121,730001004,4049469502,180.498871,129.813766,0.000000,1,0,0,0,0,11,NOW()),
  (2142750122,730001004,4049469455,33.773453,164.968735,0.000000,1,0,0,0,0,11,NOW()),
  (2142750123,730001004,4049469471,74.947739,156.865891,0.000000,1,0,0,0,0,11,NOW()),
  (2142750124,730001004,4049469487,128.770050,161.653351,0.000000,1,0,0,0,0,11,NOW()),
  (2142750125,730001004,4049469503,169.330246,154.505447,0.000000,1,0,0,0,0,11,NOW()),
  (2142750126,730001003,4049535002,85.246239,33.336456,0.000000,1,0,0,0,0,11,NOW()),
  (2142750127,730001003,4049535017,124.880913,11.676911,0.000000,1,0,0,0,0,11,NOW()),
  (2142750128,730001003,4049535034,176.931641,37.036697,0.000000,1,0,0,0,0,11,NOW()),
  (2142750129,730001003,4049534987,34.436684,62.601143,0.000000,1,0,0,0,0,11,NOW()),
  (2142750130,730001003,4049535004,78.354485,85.989494,0.000000,1,0,0,0,0,11,NOW()),
  (2142750131,730001003,4049535020,129.189331,81.421234,0.000000,1,0,0,0,0,11,NOW()),
  (2142750132,730001003,4049535028,166.315796,84.203819,0.000000,1,0,0,0,0,11,NOW()),
  (2142750133,730001003,4049534981,14.872091,113.126213,0.000000,1,0,0,0,0,11,NOW()),
  (2142750134,730001003,4049535021,129.618317,115.811188,0.000000,1,0,0,0,0,11,NOW()),
  (2142750135,730001003,4049535038,170.259933,132.552963,0.000000,1,0,0,0,0,11,NOW()),
  (2142750136,730001003,4049534991,36.542747,154.796066,0.000000,1,0,0,0,0,11,NOW()),
  (2142750137,730001003,4049535007,82.403946,163.425385,0.000000,1,0,0,0,0,11,NOW()),
  (2142750138,730001003,4049535023,130.501938,164.686676,0.000000,1,0,0,0,0,11,NOW()),
  (2142750139,730001003,4049535032,156.114807,182.269806,0.000000,1,0,0,0,0,11,NOW()),
  (2142750140,730001003,4065722378,25.922239,38.412239,0.000000,1,0,0,0,0,11,NOW()),
  (2142750141,730001003,4065722393,78.293457,17.281185,0.000000,1,0,0,0,0,11,NOW()),
  (2142750142,730001003,4065722425,182.833481,23.444180,0.000000,1,0,0,0,0,11,NOW()),
  (2142750143,730001003,4065722380,27.568336,72.948761,0.000000,1,0,0,0,0,11,NOW()),
  (2142750144,730001003,4065722387,58.316414,65.501854,0.000000,1,0,0,0,0,11,NOW()),
  (2142750145,730001003,4065722412,131.301422,84.804832,0.000000,1,0,0,0,0,11,NOW()),
  (2142750146,730001003,4065722428,179.450180,85.932518,0.000000,1,0,0,0,0,11,NOW()),
  (2142750147,730001003,4065722373,18.455530,112.174973,0.000000,1,0,0,0,0,11,NOW()),
  (2142750148,730001003,4065722390,69.244972,129.921890,0.000000,1,0,0,0,0,11,NOW()),
  (2142750149,730001003,4065722413,131.166885,106.644196,0.000000,1,0,0,0,0,11,NOW()),
  (2142750150,730001003,4065722429,177.858994,118.618225,0.000000,1,0,0,0,0,11,NOW()),
  (2142750151,730001003,4065722384,34.137348,176.502167,0.000000,1,0,0,0,0,11,NOW()),
  (2142750152,730001003,4065722415,131.694656,160.502319,0.000000,1,0,0,0,0,11,NOW()),
  (2142750153,730001003,4065722431,179.342651,157.237076,0.000000,1,0,0,0,0,11,NOW()),
  (2142750154,730001004,4065787913,29.550125,13.617643,0.000000,1,0,0,0,0,11,NOW()),
  (2142750155,730001004,4065787930,75.816322,32.251320,0.000000,1,0,0,0,0,11,NOW()),
  (2142750156,730001004,4065787938,115.596924,33.433601,0.000000,1,0,0,0,0,11,NOW()),
  (2142750157,730001004,4065787961,181.801468,19.153625,0.000000,1,0,0,0,0,11,NOW()),
  (2142750158,730001004,4065787907,17.546862,65.427879,0.000000,1,0,0,0,0,11,NOW()),
  (2142750159,730001004,4065787924,69.284889,73.610123,0.000000,1,0,0,0,0,11,NOW()),
  (2142750160,730001004,4065787939,108.304016,61.274895,0.000000,1,0,0,0,0,11,NOW()),
  (2142750161,730001004,4065787963,180.791290,68.586533,0.000000,1,0,0,0,0,11,NOW()),
  (2142750162,730001004,4065787918,31.331169,123.101524,0.000000,1,0,0,0,0,11,NOW()),
  (2142750163,730001004,4065787942,119.331253,132.306885,0.000000,1,0,0,0,0,11,NOW()),
  (2142750164,730001004,4065787958,165.903824,129.710678,0.000000,1,0,0,0,0,11,NOW()),
  (2142750165,730001004,4065787911,12.343226,167.191162,0.000000,1,0,0,0,0,11,NOW()),
  (2142750166,730001004,4065787928,63.123238,173.450806,0.000000,1,0,0,0,0,11,NOW()),
  (2142750167,730001004,4065787951,133.442383,155.966492,0.000000,1,0,0,0,0,11,NOW()),
  (2142750168,730001004,4065853441,23.530323,10.328773,0.000000,1,0,0,0,0,11,NOW()),
  (2142750169,730001004,4065853457,60.716820,14.177691,0.000000,1,0,0,0,0,11,NOW()),
  (2142750170,730001004,4065853473,111.738251,15.417194,0.000000,1,0,0,0,0,11,NOW()),
  (2142750171,730001004,4065853497,174.818954,19.950148,0.000000,1,0,0,0,0,11,NOW()),
  (2142750172,730001004,4065853467,83.724098,58.057358,0.000000,1,0,0,0,0,11,NOW()),
  (2142750173,730001004,4065853475,118.239845,58.151024,0.000000,1,0,0,0,0,11,NOW()),
  (2142750174,730001004,4065853499,178.839447,58.274418,0.000000,1,0,0,0,0,11,NOW()),
  (2142750175,730001004,4065853446,13.625154,122.128082,0.000000,1,0,0,0,0,11,NOW()),
  (2142750176,730001004,4065853470,77.146111,130.991211,0.000000,1,0,0,0,0,11,NOW()),
  (2142750177,730001004,4065853501,178.834976,106.314148,0.000000,1,0,0,0,0,11,NOW()),
  (2142750178,730001004,4065853456,25.906284,180.086609,0.000000,1,0,0,0,0,11,NOW()),
  (2142750179,730001004,4065853471,83.029312,155.297852,0.000000,1,0,0,0,0,11,NOW()),
  (2142750180,730001004,4065853480,108.740631,182.687668,0.000000,1,0,0,0,0,11,NOW()),
  (2142750181,730001004,4065853495,161.906769,156.708206,0.000000,1,0,0,0,0,11,NOW()),
  (2142750182,730001004,4065918985,24.198221,10.072424,0.000000,1,0,0,0,0,11,NOW()),
  (2142750183,730001004,4065919017,133.412354,17.747780,0.000000,1,0,0,0,0,11,NOW()),
  (2142750184,730001004,4065919033,170.610107,12.253175,0.000000,1,0,0,0,0,11,NOW()),
  (2142750185,730001004,4065919004,84.122910,82.599625,0.000000,1,0,0,0,0,11,NOW()),
  (2142750186,730001004,4065919012,118.812271,81.005424,0.000000,1,0,0,0,0,11,NOW()),
  (2142750187,730001004,4065919028,159.944809,75.338028,0.000000,1,0,0,0,0,11,NOW()),
  (2142750188,730001004,4065918989,26.443707,110.299461,0.000000,1,0,0,0,0,11,NOW()),
  (2142750189,730001004,4065918997,58.418968,106.437057,0.000000,1,0,0,0,0,11,NOW()),
  (2142750190,730001004,4065919014,112.050575,132.510422,0.000000,1,0,0,0,0,11,NOW()),
  (2142750191,730001004,4065919037,171.110748,107.869972,0.000000,1,0,0,0,0,11,NOW()),
  (2142750192,730001004,4065918992,33.368317,179.529587,0.000000,1,0,0,0,0,11,NOW()),
  (2142750193,730001004,4065919000,62.773373,179.506165,0.000000,1,0,0,0,0,11,NOW()),
  (2142750194,730001004,4065919015,111.373077,165.461517,0.000000,1,0,0,0,0,11,NOW()),
  (2142750195,730001004,4065919039,174.762756,167.721664,0.000000,1,0,0,0,0,11,NOW()),
  (2142750196,730001004,4065984514,22.461052,36.700050,0.000000,1,0,0,0,0,11,NOW()),
  (2142750197,730001004,4065984529,58.128338,10.369196,0.000000,1,0,0,0,0,11,NOW()),
  (2142750198,730001004,4065984561,160.562927,9.987452,0.000000,1,0,0,0,0,11,NOW()),
  (2142750199,730001004,4065984515,22.836063,71.653564,0.000000,1,0,0,0,0,11,NOW()),
  (2142750200,730001004,4065984540,86.038864,85.909775,0.000000,1,0,0,0,0,11,NOW()),
  (2142750201,730001004,4065984548,112.820457,77.248840,0.000000,1,0,0,0,0,11,NOW()),
  (2142750202,730001004,4065984572,171.668640,82.299049,0.000000,1,0,0,0,0,11,NOW()),
  (2142750203,730001004,4065984517,10.906199,107.374702,0.000000,1,0,0,0,0,11,NOW()),
  (2142750204,730001004,4065984533,62.148590,116.490417,0.000000,1,0,0,0,0,11,NOW()),
  (2142750205,730001004,4065984550,117.401245,125.726639,0.000000,1,0,0,0,0,11,NOW()),
  (2142750206,730001004,4065984566,162.525192,129.719727,0.000000,1,0,0,0,0,11,NOW()),
  (2142750207,730001004,4065984527,31.651192,165.122177,0.000000,1,0,0,0,0,11,NOW()),
  (2142750208,730001004,4065984536,61.974251,177.468384,0.000000,1,0,0,0,0,11,NOW()),
  (2142750209,730001004,4065984552,105.193542,179.108780,0.000000,1,0,0,0,0,11,NOW()),
  (2142750210,730001001,4066050058,24.383850,37.395401,0.000000,1,0,0,0,0,11,NOW()),
  (2142750211,730001001,4066050074,79.220612,31.162453,0.000000,1,0,0,0,0,11,NOW()),
  (2142750212,730001001,4066050081,110.926376,12.422079,0.000000,1,0,0,0,0,11,NOW()),
  (2142750213,730001001,4066050060,27.565186,73.148071,0.000000,1,0,0,0,0,11,NOW()),
  (2142750214,730001001,4066050076,75.964615,85.556015,0.000000,1,0,0,0,0,11,NOW()),
  (2142750215,730001001,4066050091,121.029518,68.190308,0.000000,1,0,0,0,0,11,NOW()),
  (2142750216,730001001,4066050107,171.741318,62.048859,0.000000,1,0,0,0,0,11,NOW()),
  (2142750217,730001001,4066050078,76.006165,131.394943,0.000000,1,0,0,0,0,11,NOW()),
  (2142750218,730001001,4066050085,118.094559,105.793915,0.000000,1,0,0,0,0,11,NOW()),
  (2142750219,730001001,4066050110,170.727280,133.542877,0.000000,1,0,0,0,0,11,NOW()),
  (2142750220,730001001,4066050063,31.825104,164.254059,0.000000,1,0,0,0,0,11,NOW()),
  (2142750221,730001001,4066050079,72.907745,155.636688,0.000000,1,0,0,0,0,11,NOW()),
  (2142750222,730001001,4066050087,117.854546,155.986725,0.000000,1,0,0,0,0,11,NOW()),
  (2142750223,730001001,4066050104,156.100098,180.129974,0.000000,1,0,0,0,0,11,NOW()),
  (2142750224,730001004,4066115593,32.356697,10.582644,0.000000,1,0,0,0,0,11,NOW()),
  (2142750225,730001004,4066115609,81.623779,12.571005,0.000000,1,0,0,0,0,11,NOW()),
  (2142750226,730001004,4066115626,128.757248,25.238573,0.000000,1,0,0,0,0,11,NOW()),
  (2142750227,730001004,4066115633,167.697372,10.105268,0.000000,1,0,0,0,0,11,NOW()),
  (2142750228,730001004,4066115587,21.940302,60.309639,0.000000,1,0,0,0,0,11,NOW()),
  (2142750229,730001004,4066115611,78.090637,64.421715,0.000000,1,0,0,0,0,11,NOW()),
  (2142750230,730001004,4066115619,109.129791,69.487656,0.000000,1,0,0,0,0,11,NOW()),
  (2142750231,730001004,4066115643,172.583923,66.307907,0.000000,1,0,0,0,0,11,NOW()),
  (2142750232,730001004,4066115589,11.939649,105.321983,0.000000,1,0,0,0,0,11,NOW()),
  (2142750233,730001004,4066115614,78.435219,127.091805,0.000000,1,0,0,0,0,11,NOW()),
  (2142750234,730001004,4066115630,126.674019,134.888977,0.000000,1,0,0,0,0,11,NOW()),
  (2142750235,730001004,4066115646,169.339798,126.298630,0.000000,1,0,0,0,0,11,NOW()),
  (2142750236,730001004,4066115632,129.268402,180.781525,0.000000,1,0,0,0,0,11,NOW()),
  (2142750237,730001004,4066115639,158.279388,166.641312,0.000000,1,0,0,0,0,11,NOW()),
  (2142750238,730001004,4066181130,35.380081,37.801041,0.000000,1,0,0,0,0,11,NOW()),
  (2142750239,730001004,4066181145,74.051193,12.137547,0.000000,1,0,0,0,0,11,NOW()),
  (2142750240,730001004,4066181154,106.239120,32.169708,0.000000,1,0,0,0,0,11,NOW()),
  (2142750241,730001004,4066181132,31.998018,78.327515,0.000000,1,0,0,0,0,11,NOW()),
  (2142750242,730001004,4066181163,127.364716,63.110283,0.000000,1,0,0,0,0,11,NOW()),
  (2142750243,730001004,4066181179,180.973892,64.017090,0.000000,1,0,0,0,0,11,NOW()),
  (2142750244,730001004,4066181134,32.467720,120.242844,0.000000,1,0,0,0,0,11,NOW()),
  (2142750245,730001004,4066181141,60.325150,114.302597,0.000000,1,0,0,0,0,11,NOW()),
  (2142750246,730001004,4066181165,130.975723,115.959183,0.000000,1,0,0,0,0,11,NOW()),
  (2142750247,730001004,4066181174,154.056061,125.316635,0.000000,1,0,0,0,0,11,NOW()),
  (2142750248,730001004,4066181127,15.413550,161.269058,0.000000,1,0,0,0,0,11,NOW()),
  (2142750249,730001004,4066181151,77.093269,157.662308,0.000000,1,0,0,0,0,11,NOW()),
  (2142750250,730001004,4066181168,126.566849,172.936615,0.000000,1,0,0,0,0,11,NOW()),
  (2142750251,730001004,4066181184,171.529892,174.077133,0.000000,1,0,0,0,0,11,NOW()),
  (2142750252,730001004,4066246665,33.887089,13.785530,0.000000,1,0,0,0,0,11,NOW()),
  (2142750253,730001004,4066246690,110.545860,38.083324,0.000000,1,0,0,0,0,11,NOW()),
  (2142750254,730001004,4066246713,168.811188,23.905619,0.000000,1,0,0,0,0,11,NOW()),
  (2142750255,730001004,4066246667,29.113123,70.367119,0.000000,1,0,0,0,0,11,NOW()),
  (2142750256,730001004,4066246683,86.932213,65.302834,0.000000,1,0,0,0,0,11,NOW()),
  (2142750257,730001004,4066246691,110.868683,66.313187,0.000000,1,0,0,0,0,11,NOW()),
  (2142750258,730001004,4066246715,171.111023,65.707771,0.000000,1,0,0,0,0,11,NOW()),
  (2142750259,730001004,4066246661,21.388891,116.570702,0.000000,1,0,0,0,0,11,NOW()),
  (2142750260,730001004,4066246677,68.302505,109.639816,0.000000,1,0,0,0,0,11,NOW()),
  (2142750261,730001004,4066246710,154.920883,122.803589,0.000000,1,0,0,0,0,11,NOW()),
  (2142750262,730001004,4066246664,10.385575,178.566467,0.000000,1,0,0,0,0,11,NOW()),
  (2142750263,730001004,4066246687,72.240982,164.528397,0.000000,1,0,0,0,0,11,NOW()),
  (2142750264,730001004,4066246696,114.305473,178.283127,0.000000,1,0,0,0,0,11,NOW()),
  (2142750265,730001004,4066246711,163.827560,155.085388,0.000000,1,0,0,0,0,11,NOW()),
  (2142750266,730001003,4066312210,61.430073,28.620008,0.000000,1,0,0,0,0,11,NOW()),
  (2142750267,730001003,4066312225,109.849060,10.848693,0.000000,1,0,0,0,0,11,NOW()),
  (2142750268,730001003,4066312196,22.789812,81.828316,0.000000,1,0,0,0,0,11,NOW()),
  (2142750269,730001003,4066312212,70.073273,79.737762,0.000000,1,0,0,0,0,11,NOW()),
  (2142750270,730001003,4066312236,120.831787,72.869728,0.000000,1,0,0,0,0,11,NOW()),
  (2142750271,730001003,4066312251,180.395645,58.290298,0.000000,1,0,0,0,0,11,NOW()),
  (2142750272,730001003,4066312206,38.320625,124.544548,0.000000,1,0,0,0,0,11,NOW()),
  (2142750273,730001003,4066312222,81.017471,124.777847,0.000000,1,0,0,0,0,11,NOW()),
  (2142750274,730001003,4066312237,125.528069,109.078049,0.000000,1,0,0,0,0,11,NOW()),
  (2142750275,730001003,4066312253,171.027725,117.035362,0.000000,1,0,0,0,0,11,NOW()),
  (2142750276,730001003,4066312208,32.013294,180.718369,0.000000,1,0,0,0,0,11,NOW()),
  (2142750277,730001003,4066312216,60.342663,171.098877,0.000000,1,0,0,0,0,11,NOW()),
  (2142750278,730001003,4066312231,117.517845,166.501587,0.000000,1,0,0,0,0,11,NOW()),
  (2142750279,730001003,4066312248,165.512115,178.549713,0.000000,1,0,0,0,0,11,NOW()),
  (2142750280,730001004,4082499610,73.656296,32.818665,0.000000,1,0,0,0,0,11,NOW()),
  (2142750281,730001004,4082499618,109.302879,34.885555,0.000000,1,0,0,0,0,11,NOW()),
  (2142750282,730001004,4082499634,163.332230,31.003511,0.000000,1,0,0,0,0,11,NOW()),
  (2142750283,730001004,4082499587,10.075438,69.190628,0.000000,1,0,0,0,0,11,NOW()),
  (2142750284,730001004,4082499604,59.093468,82.383072,0.000000,1,0,0,0,0,11,NOW()),
  (2142750285,730001004,4082499628,130.576660,74.598312,0.000000,1,0,0,0,0,11,NOW()),
  (2142750286,730001004,4082499636,159.711700,73.277344,0.000000,1,0,0,0,0,11,NOW()),
  (2142750287,730001004,4082499598,25.750193,124.330841,0.000000,1,0,0,0,0,11,NOW()),
  (2142750288,730001004,4082499605,57.288219,117.316200,0.000000,1,0,0,0,0,11,NOW()),
  (2142750289,730001004,4082499645,170.523544,107.288544,0.000000,1,0,0,0,0,11,NOW()),
  (2142750290,730001004,4082499592,22.910666,173.120361,0.000000,1,0,0,0,0,11,NOW()),
  (2142750291,730001004,4082499615,80.002861,160.516739,0.000000,1,0,0,0,0,11,NOW()),
  (2142750292,730001004,4082499623,119.365776,161.733643,0.000000,1,0,0,0,0,11,NOW()),
  (2142750293,730001004,4082499640,155.109085,168.321442,0.000000,1,0,0,0,0,11,NOW()),
  (2142750294,730001004,4082565122,18.009718,37.196899,0.000000,1,0,0,0,0,11,NOW()),
  (2142750295,730001004,4082565145,84.356537,13.099209,0.000000,1,0,0,0,0,11,NOW()),
  (2142750296,730001004,4082565154,110.631035,26.706219,0.000000,1,0,0,0,0,11,NOW()),
  (2142750297,730001004,4082565124,13.103588,83.749535,0.000000,1,0,0,0,0,11,NOW()),
  (2142750298,730001004,4082565147,81.940872,57.734936,0.000000,1,0,0,0,0,11,NOW()),
  (2142750299,730001004,4082565155,116.892616,67.842010,0.000000,1,0,0,0,0,11,NOW()),
  (2142750300,730001004,4082565179,179.535934,57.815804,0.000000,1,0,0,0,0,11,NOW()),
  (2142750301,730001004,4082565133,35.786140,116.519783,0.000000,1,0,0,0,0,11,NOW()),
  (2142750302,730001004,4082565142,58.598583,124.894424,0.000000,1,0,0,0,0,11,NOW()),
  (2142750303,730001004,4082565166,120.754005,120.096985,0.000000,1,0,0,0,0,11,NOW()),
  (2142750304,730001004,4082565181,178.053162,119.612411,0.000000,1,0,0,0,0,11,NOW()),
  (2142750305,730001004,4082565127,10.799782,161.766174,0.000000,1,0,0,0,0,11,NOW()),
  (2142750306,730001004,4082565144,60.746002,182.590973,0.000000,1,0,0,0,0,11,NOW()),
  (2142750307,730001004,4082565183,175.469986,164.115875,0.000000,1,0,0,0,0,11,NOW()),
  (2142750308,730001003,4082630666,32.041939,35.939522,0.000000,1,0,0,0,0,11,NOW()),
  (2142750309,730001003,4082630682,79.123688,29.150433,0.000000,1,0,0,0,0,11,NOW()),
  (2142750310,730001003,4082630697,128.464401,20.428829,0.000000,1,0,0,0,0,11,NOW()),
  (2142750311,730001003,4082630705,159.096252,9.581312,0.000000,1,0,0,0,0,11,NOW()),
  (2142750312,730001003,4082630659,22.651785,60.619781,0.000000,1,0,0,0,0,11,NOW()),
  (2142750313,730001003,4082630708,157.633514,85.602730,0.000000,1,0,0,0,0,11,NOW()),
  (2142750314,730001003,4082630670,33.397308,131.397110,0.000000,1,0,0,0,0,11,NOW()),
  (2142750315,730001003,4082630685,75.590363,105.353203,0.000000,1,0,0,0,0,11,NOW()),
  (2142750316,730001003,4082630694,111.040054,130.236237,0.000000,1,0,0,0,0,11,NOW()),
  (2142750317,730001003,4082630717,175.987717,119.077354,0.000000,1,0,0,0,0,11,NOW()),
  (2142750318,730001003,4082630664,23.804571,169.757599,0.000000,1,0,0,0,0,11,NOW()),
  (2142750319,730001003,4082630688,85.977859,169.661835,0.000000,1,0,0,0,0,11,NOW()),
  (2142750320,730001003,4082630696,105.071472,169.822662,0.000000,1,0,0,0,0,11,NOW()),
  (2142750321,730001003,4082630720,170.466293,177.510544,0.000000,1,0,0,0,0,11,NOW()),
  (2142750322,730001004,4082696194,18.294979,28.546661,0.000000,1,0,0,0,0,11,NOW()),
  (2142750323,730001004,4082696218,84.861732,28.595835,0.000000,1,0,0,0,0,11,NOW()),
  (2142750324,730001004,4082696226,117.922729,37.418877,0.000000,1,0,0,0,0,11,NOW()),
  (2142750325,730001004,4082696242,157.281219,29.437996,0.000000,1,0,0,0,0,11,NOW()),
  (2142750326,730001004,4082696195,11.378989,57.002338,0.000000,1,0,0,0,0,11,NOW()),
  (2142750327,730001004,4082696219,83.213409,58.025215,0.000000,1,0,0,0,0,11,NOW()),
  (2142750328,730001004,4082696228,111.284348,84.961662,0.000000,1,0,0,0,0,11,NOW()),
  (2142750329,730001004,4082696244,158.461838,77.078964,0.000000,1,0,0,0,0,11,NOW()),
  (2142750330,730001004,4082696198,15.641745,128.962540,0.000000,1,0,0,0,0,11,NOW()),
  (2142750331,730001004,4082696213,68.585709,108.617157,0.000000,1,0,0,0,0,11,NOW()),
  (2142750332,730001004,4082696238,125.235413,120.480995,0.000000,1,0,0,0,0,11,NOW()),
  (2142750333,730001004,4082696199,21.526569,166.840332,0.000000,1,0,0,0,0,11,NOW()),
  (2142750334,730001004,4082696224,82.614685,170.639267,0.000000,1,0,0,0,0,11,NOW()),
  (2142750335,730001004,4082696248,159.763702,171.730881,0.000000,1,0,0,0,0,11,NOW()),
  (2142750336,730001004,4082761738,31.104601,27.548992,0.000000,1,0,0,0,0,11,NOW()),
  (2142750337,730001004,4082761753,84.757408,11.473496,0.000000,1,0,0,0,0,11,NOW()),
  (2142750338,730001004,4082761761,118.864990,15.160477,0.000000,1,0,0,0,0,11,NOW()),
  (2142750339,730001004,4082761786,172.361588,31.363840,0.000000,1,0,0,0,0,11,NOW()),
  (2142750340,730001004,4082761732,14.724513,81.990219,0.000000,1,0,0,0,0,11,NOW()),
  (2142750341,730001004,4082761747,62.937828,67.090141,0.000000,1,0,0,0,0,11,NOW()),
  (2142750342,730001004,4082761771,128.813980,64.020096,0.000000,1,0,0,0,0,11,NOW()),
  (2142750343,730001004,4082761780,167.021408,80.981148,0.000000,1,0,0,0,0,11,NOW()),
  (2142750344,730001004,4082761742,34.283455,126.655174,0.000000,1,0,0,0,0,11,NOW()),
  (2142750345,730001004,4082761758,72.550339,128.838486,0.000000,1,0,0,0,0,11,NOW()),
  (2142750346,730001004,4082761765,111.148346,111.701675,0.000000,1,0,0,0,0,11,NOW()),
  (2142750347,730001004,4082761790,171.711990,130.775635,0.000000,1,0,0,0,0,11,NOW()),
  (2142750348,730001004,4082761743,28.852312,161.278778,0.000000,1,0,0,0,0,11,NOW()),
  (2142750349,730001004,4082761784,161.346664,170.869217,0.000000,1,0,0,0,0,11,NOW()),
  (2142750350,730001004,4082827266,21.511208,38.311749,0.000000,1,0,0,0,0,11,NOW()),
  (2142750351,730001004,4082827282,63.341892,34.868900,0.000000,1,0,0,0,0,11,NOW()),
  (2142750352,730001004,4082827306,125.095085,27.188337,0.000000,1,0,0,0,0,11,NOW()),
  (2142750353,730001004,4082827313,156.245682,18.260113,0.000000,1,0,0,0,0,11,NOW()),
  (2142750354,730001004,4082827267,13.436500,64.132584,0.000000,1,0,0,0,0,11,NOW()),
  (2142750355,730001004,4082827299,114.139885,66.611450,0.000000,1,0,0,0,0,11,NOW()),
  (2142750356,730001004,4082827324,168.402924,86.837006,0.000000,1,0,0,0,0,11,NOW()),
  (2142750357,730001004,4082827269,10.981770,117.621185,0.000000,1,0,0,0,0,11,NOW()),
  (2142750358,730001004,4082827302,110.586212,132.813812,0.000000,1,0,0,0,0,11,NOW()),
  (2142750359,730001004,4082827317,154.492355,117.948921,0.000000,1,0,0,0,0,11,NOW()),
  (2142750360,730001004,4082827279,25.305546,162.496185,0.000000,1,0,0,0,0,11,NOW()),
  (2142750361,730001004,4082827296,82.003593,175.833099,0.000000,1,0,0,0,0,11,NOW()),
  (2142750362,730001004,4082827312,129.092773,169.598129,0.000000,1,0,0,0,0,11,NOW()),
  (2142750363,730001004,4082827328,171.730057,179.123871,0.000000,1,0,0,0,0,11,NOW()),
  (2142750364,730001004,4082892801,12.801654,17.117151,0.000000,1,0,0,0,0,11,NOW()),
  (2142750365,730001004,4082892825,77.109756,14.019038,0.000000,1,0,0,0,0,11,NOW()),
  (2142750366,730001004,4082892842,130.454330,34.875511,0.000000,1,0,0,0,0,11,NOW()),
  (2142750367,730001004,4082892850,155.544586,26.312506,0.000000,1,0,0,0,0,11,NOW()),
  (2142750368,730001004,4082892803,23.756596,62.745564,0.000000,1,0,0,0,0,11,NOW()),
  (2142750369,730001004,4082892843,125.917885,58.270607,0.000000,1,0,0,0,0,11,NOW()),
  (2142750370,730001004,4082892851,156.015030,61.308155,0.000000,1,0,0,0,0,11,NOW()),
  (2142750371,730001004,4082892805,22.508789,106.776123,0.000000,1,0,0,0,0,11,NOW()),
  (2142750372,730001004,4082892822,60.496964,134.458282,0.000000,1,0,0,0,0,11,NOW()),
  (2142750373,730001004,4082892838,112.121811,134.142441,0.000000,1,0,0,0,0,11,NOW()),
  (2142750374,730001004,4082892853,158.680038,109.152649,0.000000,1,0,0,0,0,11,NOW()),
  (2142750375,730001004,4082892815,31.539324,160.329910,0.000000,1,0,0,0,0,11,NOW()),
  (2142750376,730001004,4082892832,83.277412,176.636230,0.000000,1,0,0,0,0,11,NOW()),
  (2142750377,730001004,4082892856,158.517883,182.110764,0.000000,1,0,0,0,0,11,NOW()),
  (2142750392,730001004,4083023874,16.732237,34.130280,0.000000,1,0,0,0,0,11,NOW()),
  (2142750393,730001004,4083023898,80.061142,30.552937,0.000000,1,0,0,0,0,11,NOW()),
  (2142750394,730001004,4083023914,134.138123,30.203186,0.000000,1,0,0,0,0,11,NOW()),
  (2142750395,730001004,4083023876,11.837459,78.457626,0.000000,1,0,0,0,0,11,NOW()),
  (2142750396,730001004,4083023891,66.890732,61.139252,0.000000,1,0,0,0,0,11,NOW()),
  (2142750397,730001004,4083023915,122.307770,70.028976,0.000000,1,0,0,0,0,11,NOW()),
  (2142750398,730001004,4083023924,159.920914,84.225441,0.000000,1,0,0,0,0,11,NOW()),
  (2142750399,730001004,4083023886,31.731001,133.609360,0.000000,1,0,0,0,0,11,NOW()),
  (2142750400,730001004,4083023893,66.049515,106.208794,0.000000,1,0,0,0,0,11,NOW()),
  (2142750401,730001004,4083023910,117.840660,127.836739,0.000000,1,0,0,0,0,11,NOW()),
  (2142750402,730001004,4083023888,33.040070,175.173981,0.000000,1,0,0,0,0,11,NOW()),
  (2142750403,730001004,4083023903,76.447060,164.141403,0.000000,1,0,0,0,0,11,NOW()),
  (2142750404,730001004,4083023911,118.719696,156.893509,0.000000,1,0,0,0,0,11,NOW()),
  (2142750405,730001004,4083023935,169.813583,153.319138,0.000000,1,0,0,0,0,11,NOW()),
  (2142750406,730001003,4083089417,26.430103,15.928318,0.000000,1,0,0,0,0,11,NOW()),
  (2142750407,730001003,4083089425,59.900333,13.763412,0.000000,1,0,0,0,0,11,NOW()),
  (2142750408,730001003,4083089450,133.740829,24.691494,0.000000,1,0,0,0,0,11,NOW()),
  (2142750409,730001003,4083089419,30.841122,61.312634,0.000000,1,0,0,0,0,11,NOW()),
  (2142750410,730001003,4083089436,84.900337,86.701904,0.000000,1,0,0,0,0,11,NOW()),
  (2142750411,730001003,4083089459,154.970886,64.548790,0.000000,1,0,0,0,0,11,NOW()),
  (2142750412,730001003,4083089421,24.558250,110.683220,0.000000,1,0,0,0,0,11,NOW()),
  (2142750413,730001003,4083089429,68.919739,112.833244,0.000000,1,0,0,0,0,11,NOW()),
  (2142750414,730001003,4083089453,130.244614,109.389610,0.000000,1,0,0,0,0,11,NOW()),
  (2142750415,730001003,4083089461,155.518326,115.089996,0.000000,1,0,0,0,0,11,NOW()),
  (2142750416,730001003,4083089416,11.895251,182.814560,0.000000,1,0,0,0,0,11,NOW()),
  (2142750417,730001003,4083089431,62.714161,155.642242,0.000000,1,0,0,0,0,11,NOW()),
  (2142750418,730001003,4083089448,109.575684,173.819458,0.000000,1,0,0,0,0,11,NOW()),
  (2142750419,730001003,4083089472,175.737366,170.094116,0.000000,1,0,0,0,0,11,NOW()),
  (2142750420,730001004,4099276817,68.891708,17.415859,0.000000,1,0,0,0,0,11,NOW()),
  (2142750421,730001004,4099276842,129.796432,29.847725,0.000000,1,0,0,0,0,11,NOW()),
  (2142750422,730001004,4099276858,177.310425,38.595509,0.000000,1,0,0,0,0,11,NOW()),
  (2142750423,730001004,4099276803,22.720036,61.410095,0.000000,1,0,0,0,0,11,NOW()),
  (2142750424,730001004,4099276820,59.200306,73.562088,0.000000,1,0,0,0,0,11,NOW()),
  (2142750425,730001004,4099276836,109.634918,81.087471,0.000000,1,0,0,0,0,11,NOW()),
  (2142750426,730001004,4099276859,170.615555,58.214157,0.000000,1,0,0,0,0,11,NOW()),
  (2142750427,730001004,4099276805,9.258096,105.187729,0.000000,1,0,0,0,0,11,NOW()),
  (2142750428,730001004,4099276838,112.921364,127.954132,0.000000,1,0,0,0,0,11,NOW()),
  (2142750429,730001004,4099276854,157.747009,121.816399,0.000000,1,0,0,0,0,11,NOW()),
  (2142750430,730001004,4099276816,35.346260,176.451157,0.000000,1,0,0,0,0,11,NOW()),
  (2142750431,730001004,4099276832,85.214554,181.233643,0.000000,1,0,0,0,0,11,NOW()),
  (2142750432,730001004,4099276847,125.366989,156.666260,0.000000,1,0,0,0,0,11,NOW()),
  (2142750433,730001004,4099276856,160.706650,180.013885,0.000000,1,0,0,0,0,11,NOW()),
  (2142750434,730001004,4099342345,26.194237,13.680231,0.000000,1,0,0,0,0,11,NOW()),
  (2142750435,730001004,4099342353,58.103790,23.401409,0.000000,1,0,0,0,0,11,NOW()),
  (2142750436,730001004,4099342369,107.998932,19.561262,0.000000,1,0,0,0,0,11,NOW()),
  (2142750437,730001004,4099342393,181.942368,19.151390,0.000000,1,0,0,0,0,11,NOW()),
  (2142750438,730001004,4099342347,30.673510,71.779495,0.000000,1,0,0,0,0,11,NOW()),
  (2142750439,730001004,4099342363,72.866447,67.078102,0.000000,1,0,0,0,0,11,NOW()),
  (2142750440,730001004,4099342379,123.440552,67.201309,0.000000,1,0,0,0,0,11,NOW()),
  (2142750441,730001004,4099342395,179.562790,57.480736,0.000000,1,0,0,0,0,11,NOW()),
  (2142750442,730001004,4099342366,77.644157,126.888855,0.000000,1,0,0,0,0,11,NOW()),
  (2142750443,730001004,4099342381,121.706146,113.295563,0.000000,1,0,0,0,0,11,NOW()),
  (2142750444,730001004,4099342398,168.883453,133.671402,0.000000,1,0,0,0,0,11,NOW()),
  (2142750445,730001004,4099342344,23.071424,176.875061,0.000000,1,0,0,0,0,11,NOW()),
  (2142750446,730001004,4099342383,129.225357,160.391708,0.000000,1,0,0,0,0,11,NOW()),
  (2142750447,730001004,4099342392,159.031723,173.408478,0.000000,1,0,0,0,0,11,NOW()),
  (2142750448,730001004,4099407873,14.783998,23.345957,0.000000,1,0,0,0,0,11,NOW()),
  (2142750449,730001004,4099407889,70.312088,14.381907,0.000000,1,0,0,0,0,11,NOW()),
  (2142750450,730001004,4099407905,119.025070,22.216457,0.000000,1,0,0,0,0,11,NOW()),
  (2142750451,730001004,4099407929,182.490997,16.782789,0.000000,1,0,0,0,0,11,NOW()),
  (2142750452,730001004,4099407900,82.609749,74.070053,0.000000,1,0,0,0,0,11,NOW()),
  (2142750453,730001004,4099407916,123.848419,75.166992,0.000000,1,0,0,0,0,11,NOW()),
  (2142750454,730001004,4099407932,171.522842,77.608810,0.000000,1,0,0,0,0,11,NOW()),
  (2142750455,730001004,4099407878,16.228727,125.176056,0.000000,1,0,0,0,0,11,NOW()),
  (2142750456,730001004,4099407901,82.607231,109.529541,0.000000,1,0,0,0,0,11,NOW()),
  (2142750457,730001004,4099407909,113.533882,107.201767,0.000000,1,0,0,0,0,11,NOW()),
  (2142750458,730001004,4099407934,180.146332,132.531097,0.000000,1,0,0,0,0,11,NOW()),
  (2142750459,730001004,4099407895,59.826260,163.875824,0.000000,1,0,0,0,0,11,NOW()),
  (2142750460,730001004,4099407920,134.039825,182.180984,0.000000,1,0,0,0,0,11,NOW()),
  (2142750461,730001004,4099407927,156.009384,164.217545,0.000000,1,0,0,0,0,11,NOW()),
  (2142750462,730001004,4099473433,82.970139,19.353853,0.000000,1,0,0,0,0,11,NOW()),
  (2142750463,730001004,4099473442,106.233727,31.497482,0.000000,1,0,0,0,0,11,NOW()),
  (2142750464,730001004,4099473457,155.944611,21.034468,0.000000,1,0,0,0,0,11,NOW()),
  (2142750465,730001004,4099473419,38.088799,66.100494,0.000000,1,0,0,0,0,11,NOW()),
  (2142750466,730001004,4099473428,68.923080,75.638283,0.000000,1,0,0,0,0,11,NOW()),
  (2142750467,730001004,4099473444,108.963699,86.070847,0.000000,1,0,0,0,0,11,NOW()),
  (2142750468,730001004,4099473459,161.252914,68.519699,0.000000,1,0,0,0,0,11,NOW()),
  (2142750469,730001004,4099473429,59.436264,111.342072,0.000000,1,0,0,0,0,11,NOW()),
  (2142750470,730001004,4099473445,119.844078,115.207077,0.000000,1,0,0,0,0,11,NOW()),
  (2142750471,730001004,4099473469,171.273453,111.403481,0.000000,1,0,0,0,0,11,NOW()),
  (2142750472,730001004,4099473416,17.428612,169.816528,0.000000,1,0,0,0,0,11,NOW()),
  (2142750473,730001004,4099473431,64.725021,161.449005,0.000000,1,0,0,0,0,11,NOW()),
  (2142750474,730001004,4099473455,121.068611,165.321381,0.000000,1,0,0,0,0,11,NOW()),
  (2142750475,730001004,4099473471,180.699615,162.262787,0.000000,1,0,0,0,0,11,NOW()),
  (2142750476,730001001,4099538953,31.485115,14.754290,0.000000,1,0,0,0,0,11,NOW()),
  (2142750477,730001001,4099538961,60.383373,9.034518,0.000000,1,0,0,0,0,11,NOW()),
  (2142750478,730001001,4099538985,133.009415,17.477003,0.000000,1,0,0,0,0,11,NOW()),
  (2142750479,730001001,4099539001,178.667725,16.162567,0.000000,1,0,0,0,0,11,NOW()),
  (2142750480,730001001,4099538956,35.984947,77.185165,0.000000,1,0,0,0,0,11,NOW()),
  (2142750481,730001001,4099538963,67.340912,70.210045,0.000000,1,0,0,0,0,11,NOW()),
  (2142750482,730001001,4099538995,162.153610,59.628830,0.000000,1,0,0,0,0,11,NOW()),
  (2142750483,730001001,4099538957,31.784719,111.428871,0.000000,1,0,0,0,0,11,NOW()),
  (2142750484,730001001,4099538973,77.623222,119.334846,0.000000,1,0,0,0,0,11,NOW()),
  (2142750485,730001001,4099538990,124.826012,120.503059,0.000000,1,0,0,0,0,11,NOW()),
  (2142750486,730001001,4099539006,182.400177,122.296425,0.000000,1,0,0,0,0,11,NOW()),
  (2142750487,730001001,4099538968,67.220551,171.668915,0.000000,1,0,0,0,0,11,NOW()),
  (2142750488,730001001,4099538983,107.360474,157.663574,0.000000,1,0,0,0,0,11,NOW()),
  (2142750489,730001001,4099538999,154.914291,161.535965,0.000000,1,0,0,0,0,11,NOW()),
  (2142750490,730001004,4099604481,12.557981,9.061026,0.000000,1,0,0,0,0,11,NOW()),
  (2142750491,730001004,4099604506,79.682388,36.702515,0.000000,1,0,0,0,0,11,NOW()),
  (2142750492,730001004,4099604521,132.893143,14.021389,0.000000,1,0,0,0,0,11,NOW()),
  (2142750493,730001004,4099604529,153.254639,18.441553,0.000000,1,0,0,0,0,11,NOW()),
  (2142750494,730001004,4099604515,119.848228,69.464500,0.000000,1,0,0,0,0,11,NOW()),
  (2142750495,730001004,4099604540,175.577576,75.930267,0.000000,1,0,0,0,0,11,NOW()),
  (2142750496,730001004,4099604486,14.188689,130.533737,0.000000,1,0,0,0,0,11,NOW()),
  (2142750497,730001004,4099604502,71.714462,132.674042,0.000000,1,0,0,0,0,11,NOW()),
  (2142750498,730001004,4099604525,128.345840,111.562714,0.000000,1,0,0,0,0,11,NOW()),
  (2142750499,730001004,4099604542,170.131760,134.001999,0.000000,1,0,0,0,0,11,NOW()),
  (2142750500,730001004,4099604495,25.842646,154.094772,0.000000,1,0,0,0,0,11,NOW()),
  (2142750501,730001004,4099604503,63.227943,165.862076,0.000000,1,0,0,0,0,11,NOW()),
  (2142750502,730001004,4099604520,115.667526,170.388931,0.000000,1,0,0,0,0,11,NOW()),
  (2142750503,730001004,4099604544,173.090012,176.743622,0.000000,1,0,0,0,0,11,NOW()),
  (2142750504,730001004,4099670025,30.648466,16.770386,0.000000,1,0,0,0,0,11,NOW()),
  (2142750505,730001004,4099670033,66.555817,19.051216,0.000000,1,0,0,0,0,11,NOW()),
  (2142750506,730001004,4099670050,112.160980,36.970779,0.000000,1,0,0,0,0,11,NOW()),
  (2142750507,730001004,4099670065,167.612823,15.344373,0.000000,1,0,0,0,0,11,NOW()),
  (2142750508,730001004,4099670043,81.223068,67.797951,0.000000,1,0,0,0,0,11,NOW()),
  (2142750509,730001004,4099670052,111.358337,74.514267,0.000000,1,0,0,0,0,11,NOW()),
  (2142750510,730001004,4099670022,11.463203,128.833084,0.000000,1,0,0,0,0,11,NOW()),
  (2142750511,730001004,4099670038,66.820312,122.034988,0.000000,1,0,0,0,0,11,NOW()),
  (2142750512,730001004,4099670053,115.504219,119.931381,0.000000,1,0,0,0,0,11,NOW()),
  (2142750513,730001004,4099670069,159.511017,106.105194,0.000000,1,0,0,0,0,11,NOW()),
  (2142750514,730001004,4099670024,9.203583,176.424271,0.000000,1,0,0,0,0,11,NOW()),
  (2142750515,730001004,4099670040,62.004234,177.890411,0.000000,1,0,0,0,0,11,NOW()),
  (2142750516,730001004,4099670064,127.249176,171.871170,0.000000,1,0,0,0,0,11,NOW()),
  (2142750517,730001004,4099670080,179.106567,170.995956,0.000000,1,0,0,0,0,11,NOW()),
  (2142750518,730001004,4099735554,15.775399,26.681515,0.000000,1,0,0,0,0,11,NOW()),
  (2142750519,730001004,4099735593,130.425247,13.199367,0.000000,1,0,0,0,0,11,NOW()),
  (2142750520,730001004,4099735610,177.774811,38.857780,0.000000,1,0,0,0,0,11,NOW()),
  (2142750521,730001004,4099735564,28.926079,80.516922,0.000000,1,0,0,0,0,11,NOW()),
  (2142750522,730001004,4099735579,75.583191,58.394917,0.000000,1,0,0,0,0,11,NOW()),
  (2142750523,730001004,4099735595,134.595551,61.038578,0.000000,1,0,0,0,0,11,NOW()),
  (2142750524,730001004,4099735611,181.224182,59.766151,0.000000,1,0,0,0,0,11,NOW()),
  (2142750525,730001004,4099735574,71.665398,122.802040,0.000000,1,0,0,0,0,11,NOW()),
  (2142750526,730001004,4099735597,123.289810,106.864212,0.000000,1,0,0,0,0,11,NOW()),
  (2142750527,730001004,4099735614,179.616867,124.959602,0.000000,1,0,0,0,0,11,NOW()),
  (2142750528,730001004,4099735568,30.681496,180.180771,0.000000,1,0,0,0,0,11,NOW()),
  (2142750529,730001004,4099735583,72.262268,154.372375,0.000000,1,0,0,0,0,11,NOW()),
  (2142750530,730001004,4099735591,110.610588,162.253601,0.000000,1,0,0,0,0,11,NOW()),
  (2142750531,730001004,4099735608,157.728622,168.923279,0.000000,1,0,0,0,0,11,NOW()),
  (2142750532,730001003,4099801098,28.701149,25.546345,0.000000,1,0,0,0,0,11,NOW()),
  (2142750533,730001003,4099801130,127.814041,25.355289,0.000000,1,0,0,0,0,11,NOW()),
  (2142750534,730001003,4099801138,155.325546,25.446310,0.000000,1,0,0,0,0,11,NOW()),
  (2142750535,730001003,4099801100,28.535667,81.639214,0.000000,1,0,0,0,0,11,NOW()),
  (2142750536,730001003,4099801116,80.908638,84.106674,0.000000,1,0,0,0,0,11,NOW()),
  (2142750537,730001003,4099801131,123.340668,60.135662,0.000000,1,0,0,0,0,11,NOW()),
  (2142750538,730001003,4099801139,162.594635,59.419247,0.000000,1,0,0,0,0,11,NOW()),
  (2142750539,730001003,4099801102,33.052879,133.588776,0.000000,1,0,0,0,0,11,NOW()),
  (2142750540,730001003,4099801118,72.521202,130.129166,0.000000,1,0,0,0,0,11,NOW()),
  (2142750541,730001003,4099801126,109.002808,125.350418,0.000000,1,0,0,0,0,11,NOW()),
  (2142750542,730001003,4099801150,169.580841,125.656754,0.000000,1,0,0,0,0,11,NOW()),
  (2142750543,730001003,4099801103,31.213898,165.135269,0.000000,1,0,0,0,0,11,NOW()),
  (2142750544,730001003,4099801119,86.617065,157.537323,0.000000,1,0,0,0,0,11,NOW()),
  (2142750545,730001003,4099801128,112.456505,173.978119,0.000000,1,0,0,0,0,11,NOW()),
  (2142750546,730001003,4099866657,115.274979,12.562648,0.000000,1,0,0,0,0,11,NOW()),
  (2142750547,730001003,4099866682,178.471466,27.634203,0.000000,1,0,0,0,0,11,NOW()),
  (2142750548,730001003,4099866627,13.789652,59.771046,0.000000,1,0,0,0,0,11,NOW()),
  (2142750549,730001003,4099866652,73.083015,72.810570,0.000000,1,0,0,0,0,11,NOW()),
  (2142750550,730001003,4099866668,128.009018,79.455887,0.000000,1,0,0,0,0,11,NOW()),
  (2142750551,730001003,4099866683,171.674225,65.453156,0.000000,1,0,0,0,0,11,NOW()),
  (2142750552,730001003,4099866638,38.044395,129.332443,0.000000,1,0,0,0,0,11,NOW()),
  (2142750553,730001003,4099866646,67.678780,121.738220,0.000000,1,0,0,0,0,11,NOW()),
  (2142750554,730001003,4099866669,132.788223,113.989807,0.000000,1,0,0,0,0,11,NOW()),
  (2142750555,730001003,4099866686,181.557556,126.021202,0.000000,1,0,0,0,0,11,NOW()),
  (2142750556,730001003,4099866640,32.376198,171.627991,0.000000,1,0,0,0,0,11,NOW()),
  (2142750557,730001003,4099866656,81.839752,173.478821,0.000000,1,0,0,0,0,11,NOW()),
  (2142750558,730001003,4099866663,112.447845,159.858124,0.000000,1,0,0,0,0,11,NOW()),
  (2142750559,730001003,4099866680,162.226852,168.792236,0.000000,1,0,0,0,0,11,NOW()),
  (2142750560,730001004,4116054018,10.045027,32.982613,0.000000,1,0,0,0,0,11,NOW()),
  (2142750561,730001004,4116054042,80.693626,35.516724,0.000000,1,0,0,0,0,11,NOW()),
  (2142750562,730001004,4116054057,125.493576,11.117765,0.000000,1,0,0,0,0,11,NOW()),
  (2142750563,730001004,4116054065,159.160095,13.614857,0.000000,1,0,0,0,0,11,NOW()),
  (2142750564,730001004,4116054028,29.487160,72.073288,0.000000,1,0,0,0,0,11,NOW()),
  (2142750565,730001004,4116054044,73.341934,80.453323,0.000000,1,0,0,0,0,11,NOW()),
  (2142750566,730001004,4116054059,126.646988,65.722893,0.000000,1,0,0,0,0,11,NOW()),
  (2142750567,730001004,4116054067,157.992645,68.186356,0.000000,1,0,0,0,0,11,NOW()),
  (2142750568,730001004,4116054030,36.931522,128.544189,0.000000,1,0,0,0,0,11,NOW()),
  (2142750569,730001004,4116054038,57.290779,128.187683,0.000000,1,0,0,0,0,11,NOW()),
  (2142750570,730001004,4116054054,105.282928,122.930046,0.000000,1,0,0,0,0,11,NOW()),
  (2142750571,730001004,4116054040,68.954659,182.235458,0.000000,1,0,0,0,0,11,NOW()),
  (2142750572,730001004,4116054063,130.217163,165.393524,0.000000,1,0,0,0,0,11,NOW()),
  (2142750573,730001004,4116054071,155.106171,165.592621,0.000000,1,0,0,0,0,11,NOW()),
  (2142750574,730001004,4116185098,30.646286,31.875757,0.000000,1,0,0,0,0,11,NOW()),
  (2142750575,730001004,4116185106,67.373909,29.291927,0.000000,1,0,0,0,0,11,NOW()),
  (2142750576,730001004,4116185130,134.849716,38.152962,0.000000,1,0,0,0,0,11,NOW()),
  (2142750577,730001004,4116185091,13.716764,61.735325,0.000000,1,0,0,0,0,11,NOW()),
  (2142750578,730001004,4116185116,81.662880,74.244217,0.000000,1,0,0,0,0,11,NOW()),
  (2142750579,730001004,4116185148,174.534195,72.186737,0.000000,1,0,0,0,0,11,NOW()),
  (2142750580,730001004,4116185093,22.114977,117.027954,0.000000,1,0,0,0,0,11,NOW()),
  (2142750581,730001004,4116185117,81.458168,106.299561,0.000000,1,0,0,0,0,11,NOW()),
  (2142750582,730001004,4116185125,113.100044,105.011604,0.000000,1,0,0,0,0,11,NOW()),
  (2142750583,730001004,4116185150,176.567474,127.729752,0.000000,1,0,0,0,0,11,NOW()),
  (2142750584,730001004,4116185095,23.164200,157.722809,0.000000,1,0,0,0,0,11,NOW()),
  (2142750585,730001004,4116185111,69.855728,167.798996,0.000000,1,0,0,0,0,11,NOW()),
  (2142750586,730001004,4116185135,123.488663,167.928177,0.000000,1,0,0,0,0,11,NOW()),
  (2142750587,730001004,4116185144,161.496445,180.432129,0.000000,1,0,0,0,0,11,NOW()),
  (2142750588,730001002,4116316170,25.241999,26.120136,0.000000,1,0,0,0,0,11,NOW()),
  (2142750589,730001002,4116316185,74.971581,19.679749,0.000000,1,0,0,0,0,11,NOW()),
  (2142750590,730001002,4116316210,167.468246,28.296057,0.000000,1,0,0,0,0,11,NOW()),
  (2142750591,730001002,4116316163,18.041843,67.633232,0.000000,1,0,0,0,0,11,NOW()),
  (2142750592,730001002,4116316180,70.662872,79.895309,0.000000,1,0,0,0,0,11,NOW()),
  (2142750593,730001002,4116316204,130.381470,86.874481,0.000000,1,0,0,0,0,11,NOW()),
  (2142750594,730001002,4116316219,169.923477,67.020035,0.000000,1,0,0,0,0,11,NOW()),
  (2142750595,730001002,4116316173,34.574913,106.803261,0.000000,1,0,0,0,0,11,NOW()),
  (2142750596,730001002,4116316198,119.921547,125.656517,0.000000,1,0,0,0,0,11,NOW()),
  (2142750597,730001002,4116316214,160.284637,122.145203,0.000000,1,0,0,0,0,11,NOW()),
  (2142750598,730001002,4116316175,28.851963,153.627899,0.000000,1,0,0,0,0,11,NOW()),
  (2142750599,730001002,4116316183,71.809303,156.015045,0.000000,1,0,0,0,0,11,NOW()),
  (2142750600,730001002,4116316200,114.223602,174.719589,0.000000,1,0,0,0,0,11,NOW()),
  (2142750601,730001002,4116316224,171.098465,169.456299,0.000000,1,0,0,0,0,11,NOW()),
  (2142750602,730001004,4116381698,22.829578,25.790220,0.000000,1,0,0,0,0,11,NOW()),
  (2142750603,730001004,4116381713,61.016891,12.384895,0.000000,1,0,0,0,0,11,NOW()),
  (2142750604,730001004,4116381738,131.339676,28.268345,0.000000,1,0,0,0,0,11,NOW()),
  (2142750605,730001004,4116381754,173.298340,26.334896,0.000000,1,0,0,0,0,11,NOW()),
  (2142750606,730001004,4116381708,31.783129,86.883705,0.000000,1,0,0,0,0,11,NOW()),
  (2142750607,730001004,4116381716,71.442429,82.835640,0.000000,1,0,0,0,0,11,NOW()),
  (2142750608,730001004,4116381739,120.614090,59.310837,0.000000,1,0,0,0,0,11,NOW()),
  (2142750609,730001004,4116381747,167.956543,58.456142,0.000000,1,0,0,0,0,11,NOW()),
  (2142750610,730001004,4116381725,79.748657,106.197594,0.000000,1,0,0,0,0,11,NOW()),
  (2142750611,730001004,4116381742,127.585541,129.634796,0.000000,1,0,0,0,0,11,NOW()),
  (2142750612,730001004,4116381757,168.907715,117.767479,0.000000,1,0,0,0,0,11,NOW()),
  (2142750613,730001004,4116381704,18.820059,170.297913,0.000000,1,0,0,0,0,11,NOW()),
  (2142750614,730001004,4116381743,132.888275,166.406311,0.000000,1,0,0,0,0,11,NOW()),
  (2142750615,730001004,4116381759,180.896057,154.286179,0.000000,1,0,0,0,0,11,NOW()),
  (2142750616,730001004,4116447242,24.677715,37.134144,0.000000,1,0,0,0,0,11,NOW()),
  (2142750617,730001004,4116447257,80.199570,19.999634,0.000000,1,0,0,0,0,11,NOW()),
  (2142750618,730001004,4116447274,130.368027,24.560541,0.000000,1,0,0,0,0,11,NOW()),
  (2142750619,730001004,4116447281,155.792282,10.279544,0.000000,1,0,0,0,0,11,NOW()),
  (2142750620,730001004,4116447236,15.938481,72.962738,0.000000,1,0,0,0,0,11,NOW()),
  (2142750621,730001004,4116447276,134.542892,74.045723,0.000000,1,0,0,0,0,11,NOW()),
  (2142750622,730001004,4116447283,154.062103,63.970161,0.000000,1,0,0,0,0,11,NOW()),
  (2142750623,730001004,4116447245,25.718983,110.496628,0.000000,1,0,0,0,0,11,NOW()),
  (2142750624,730001004,4116447254,69.933365,126.372292,0.000000,1,0,0,0,0,11,NOW()),
  (2142750625,730001004,4116447277,124.012161,111.661774,0.000000,1,0,0,0,0,11,NOW()),
  (2142750626,730001004,4116447293,179.154816,105.735138,0.000000,1,0,0,0,0,11,NOW()),
  (2142750627,730001004,4116447239,14.845497,153.161362,0.000000,1,0,0,0,0,11,NOW()),
  (2142750628,730001004,4116447279,122.939621,154.331116,0.000000,1,0,0,0,0,11,NOW()),
  (2142750629,730001004,4116447296,181.731720,179.249435,0.000000,1,0,0,0,0,11,NOW()),
  (2142750630,730001004,4116512778,31.634192,35.131390,0.000000,1,0,0,0,0,11,NOW()),
  (2142750631,730001004,4116512786,67.628746,38.917622,0.000000,1,0,0,0,0,11,NOW()),
  (2142750632,730001004,4116512818,162.254669,27.487730,0.000000,1,0,0,0,0,11,NOW()),
  (2142750633,730001004,4116512787,69.838066,65.825432,0.000000,1,0,0,0,0,11,NOW()),
  (2142750634,730001004,4116512803,110.815659,63.687939,0.000000,1,0,0,0,0,11,NOW()),
  (2142750635,730001004,4116512820,156.758484,78.189896,0.000000,1,0,0,0,0,11,NOW()),
  (2142750636,730001004,4116512774,23.942574,127.288643,0.000000,1,0,0,0,0,11,NOW()),
  (2142750637,730001004,4116512798,80.038208,128.060013,0.000000,1,0,0,0,0,11,NOW()),
  (2142750638,730001004,4116512814,129.036911,121.828827,0.000000,1,0,0,0,0,11,NOW()),
  (2142750639,730001004,4116512822,159.542847,131.865585,0.000000,1,0,0,0,0,11,NOW()),
  (2142750640,730001004,4116512784,36.499687,173.565155,0.000000,1,0,0,0,0,11,NOW()),
  (2142750641,730001004,4116512791,57.608200,164.558273,0.000000,1,0,0,0,0,11,NOW()),
  (2142750642,730001004,4116512807,110.639320,165.827820,0.000000,1,0,0,0,0,11,NOW()),
  (2142750643,730001004,4116512831,180.555222,153.807922,0.000000,1,0,0,0,0,11,NOW()),
  (2142750644,730001003,4116578313,31.246752,10.728964,0.000000,1,0,0,0,0,11,NOW()),
  (2142750645,730001003,4116578321,61.232887,18.199770,0.000000,1,0,0,0,0,11,NOW()),
  (2142750646,730001003,4116578345,131.875122,20.650497,0.000000,1,0,0,0,0,11,NOW()),
  (2142750647,730001003,4116578353,162.346664,17.491119,0.000000,1,0,0,0,0,11,NOW()),
  (2142750648,730001003,4116578315,37.896816,58.338001,0.000000,1,0,0,0,0,11,NOW()),
  (2142750649,730001003,4116578348,133.483200,81.710396,0.000000,1,0,0,0,0,11,NOW()),
  (2142750650,730001003,4116578356,155.069031,82.523186,0.000000,1,0,0,0,0,11,NOW()),
  (2142750651,730001003,4116578318,38.070480,129.278305,0.000000,1,0,0,0,0,11,NOW()),
  (2142750652,730001003,4116578350,131.426849,125.932510,0.000000,1,0,0,0,0,11,NOW()),
  (2142750653,730001003,4116578358,165.030151,133.298737,0.000000,1,0,0,0,0,11,NOW()),
  (2142750654,730001003,4116578319,25.971395,156.401413,0.000000,1,0,0,0,0,11,NOW()),
  (2142750655,730001003,4116578328,61.977570,173.383865,0.000000,1,0,0,0,0,11,NOW()),
  (2142750656,730001003,4116578343,111.417511,162.077347,0.000000,1,0,0,0,0,11,NOW()),
  (2142750657,730001003,4116578368,172.008240,168.749130,0.000000,1,0,0,0,0,11,NOW()),
  (2142750658,730001003,4116643849,36.442917,11.322837,0.000000,1,0,0,0,0,11,NOW()),
  (2142750659,730001003,4116643857,70.814667,20.142267,0.000000,1,0,0,0,0,11,NOW()),
  (2142750660,730001003,4116643873,113.506783,17.240393,0.000000,1,0,0,0,0,11,NOW()),
  (2142750661,730001003,4116643890,160.135193,32.050213,0.000000,1,0,0,0,0,11,NOW()),
  (2142750662,730001003,4116643851,25.829187,66.545753,0.000000,1,0,0,0,0,11,NOW()),
  (2142750663,730001003,4116643859,59.314621,59.610523,0.000000,1,0,0,0,0,11,NOW()),
  (2142750664,730001003,4116643884,123.845337,83.751396,0.000000,1,0,0,0,0,11,NOW()),
  (2142750665,730001003,4116643891,166.849030,59.782257,0.000000,1,0,0,0,0,11,NOW()),
  (2142750666,730001003,4116643854,26.797783,127.642258,0.000000,1,0,0,0,0,11,NOW()),
  (2142750667,730001003,4116643870,80.597519,120.867706,0.000000,1,0,0,0,0,11,NOW()),
  (2142750668,730001003,4116643877,106.545052,107.556854,0.000000,1,0,0,0,0,11,NOW()),
  (2142750669,730001003,4116643902,176.193512,132.824066,0.000000,1,0,0,0,0,11,NOW()),
  (2142750670,730001003,4116643880,106.085800,170.161743,0.000000,1,0,0,0,0,11,NOW()),
  (2142750671,730001003,4116643904,172.241180,175.871872,0.000000,1,0,0,0,0,11,NOW()),
  (2142750672,730001004,4132831242,34.743927,33.571701,0.000000,1,0,0,0,0,11,NOW()),
  (2142750673,730001004,4132831258,85.372711,28.516117,0.000000,1,0,0,0,0,11,NOW()),
  (2142750674,730001004,4132831266,118.077911,26.557405,0.000000,1,0,0,0,0,11,NOW()),
  (2142750675,730001004,4132831281,153.845795,21.882313,0.000000,1,0,0,0,0,11,NOW()),
  (2142750676,730001004,4132831243,35.515163,64.582512,0.000000,1,0,0,0,0,11,NOW()),
  (2142750677,730001004,4132831259,81.485443,59.844654,0.000000,1,0,0,0,0,11,NOW()),
  (2142750678,730001004,4132831275,129.886063,66.129318,0.000000,1,0,0,0,0,11,NOW()),
  (2142750679,730001004,4132831291,168.990601,67.056465,0.000000,1,0,0,0,0,11,NOW()),
  (2142750680,730001004,4132831246,30.345043,123.999214,0.000000,1,0,0,0,0,11,NOW()),
  (2142750681,730001004,4132831253,71.263321,105.251419,0.000000,1,0,0,0,0,11,NOW()),
  (2142750682,730001004,4132831294,179.576767,121.673027,0.000000,1,0,0,0,0,11,NOW()),
  (2142750683,730001004,4132831256,62.195915,178.992279,0.000000,1,0,0,0,0,11,NOW()),
  (2142750684,730001004,4132831280,124.833618,172.216736,0.000000,1,0,0,0,0,11,NOW()),
  (2142750685,730001004,4132831295,178.788010,163.179413,0.000000,1,0,0,0,0,11,NOW()),
  (2142750686,730001004,4132896777,28.536200,21.132807,0.000000,1,0,0,0,0,11,NOW()),
  (2142750687,730001004,4132896793,83.167061,21.648586,0.000000,1,0,0,0,0,11,NOW()),
  (2142750688,730001004,4132896801,113.931702,15.612247,0.000000,1,0,0,0,0,11,NOW()),
  (2142750689,730001004,4132896826,170.878601,28.156410,0.000000,1,0,0,0,0,11,NOW()),
  (2142750690,730001004,4132896779,27.509529,58.224907,0.000000,1,0,0,0,0,11,NOW()),
  (2142750691,730001004,4132896788,61.050137,72.375191,0.000000,1,0,0,0,0,11,NOW()),
  (2142750692,730001004,4132896820,162.070892,76.375786,0.000000,1,0,0,0,0,11,NOW()),
  (2142750693,730001004,4132896774,11.380434,134.682495,0.000000,1,0,0,0,0,11,NOW()),
  (2142750694,730001004,4132896798,80.861168,126.769402,0.000000,1,0,0,0,0,11,NOW()),
  (2142750695,730001004,4132896830,173.666382,128.019608,0.000000,1,0,0,0,0,11,NOW()),
  (2142750696,730001004,4132896776,23.374359,174.493729,0.000000,1,0,0,0,0,11,NOW()),
  (2142750697,730001004,4132896799,81.105965,158.601166,0.000000,1,0,0,0,0,11,NOW()),
  (2142750698,730001004,4132896807,109.281174,164.679733,0.000000,1,0,0,0,0,11,NOW()),
  (2142750699,730001004,4132896823,165.738220,160.343369,0.000000,1,0,0,0,0,11,NOW()),
  (2142750700,730001004,4132962314,38.154572,32.193356,0.000000,1,0,0,0,0,11,NOW()),
  (2142750701,730001004,4132962322,62.229706,27.378691,0.000000,1,0,0,0,0,11,NOW()),
  (2142750702,730001004,4132962337,118.876587,9.332659,0.000000,1,0,0,0,0,11,NOW()),
  (2142750703,730001004,4132962361,180.963120,21.302099,0.000000,1,0,0,0,0,11,NOW()),
  (2142750704,730001004,4132962307,22.545069,58.286625,0.000000,1,0,0,0,0,11,NOW()),
  (2142750705,730001004,4132962323,71.350502,68.983200,0.000000,1,0,0,0,0,11,NOW()),
  (2142750706,730001004,4132962364,181.042465,75.026848,0.000000,1,0,0,0,0,11,NOW()),
  (2142750707,730001004,4132962317,29.565901,113.367416,0.000000,1,0,0,0,0,11,NOW()),
  (2142750708,730001004,4132962334,84.251968,128.874023,0.000000,1,0,0,0,0,11,NOW()),
  (2142750709,730001004,4132962342,115.535233,130.456985,0.000000,1,0,0,0,0,11,NOW()),
  (2142750710,730001004,4132962358,158.673584,127.276054,0.000000,1,0,0,0,0,11,NOW()),
  (2142750711,730001004,4132962336,82.751724,179.168533,0.000000,1,0,0,0,0,11,NOW()),
  (2142750712,730001004,4132962351,123.755424,156.716064,0.000000,1,0,0,0,0,11,NOW()),
  (2142750713,730001004,4132962367,171.520966,159.015945,0.000000,1,0,0,0,0,11,NOW()),
  (2142750714,730001001,4133093377,16.011789,13.856158,0.000000,1,0,0,0,0,11,NOW()),
  (2142750715,730001001,4133093394,65.332275,26.617245,0.000000,1,0,0,0,0,11,NOW()),
  (2142750716,730001001,4133093433,178.832626,12.100655,0.000000,1,0,0,0,0,11,NOW()),
  (2142750717,730001001,4133093388,37.200737,76.604340,0.000000,1,0,0,0,0,11,NOW()),
  (2142750718,730001001,4133093396,66.693146,78.448868,0.000000,1,0,0,0,0,11,NOW()),
  (2142750719,730001001,4133093420,132.527405,78.905670,0.000000,1,0,0,0,0,11,NOW()),
  (2142750720,730001001,4133093428,159.878510,84.441635,0.000000,1,0,0,0,0,11,NOW()),
  (2142750721,730001001,4133093382,18.061176,134.623260,0.000000,1,0,0,0,0,11,NOW()),
  (2142750722,730001001,4133093413,115.160515,116.811699,0.000000,1,0,0,0,0,11,NOW()),
  (2142750723,730001001,4133093438,174.947174,130.009094,0.000000,1,0,0,0,0,11,NOW()),
  (2142750724,730001001,4133093383,17.631975,167.187424,0.000000,1,0,0,0,0,11,NOW()),
  (2142750725,730001001,4133093408,80.315002,173.593231,0.000000,1,0,0,0,0,11,NOW()),
  (2142750726,730001001,4133093416,109.127991,176.075455,0.000000,1,0,0,0,0,11,NOW()),
  (2142750727,730001001,4133093431,161.158096,162.315948,0.000000,1,0,0,0,0,11,NOW()),
  (2142750728,730001002,4133158922,38.586628,32.862564,0.000000,1,0,0,0,0,11,NOW()),
  (2142750729,730001002,4133158930,59.008812,27.072872,0.000000,1,0,0,0,0,11,NOW()),
  (2142750730,730001002,4133158962,167.966171,28.990290,0.000000,1,0,0,0,0,11,NOW()),
  (2142750731,730001002,4133158924,32.677780,75.701118,0.000000,1,0,0,0,0,11,NOW()),
  (2142750732,730001002,4133158939,82.199020,60.789116,0.000000,1,0,0,0,0,11,NOW()),
  (2142750733,730001002,4133158948,110.524765,73.771805,0.000000,1,0,0,0,0,11,NOW()),
  (2142750734,730001002,4133158971,175.824371,68.541153,0.000000,1,0,0,0,0,11,NOW()),
  (2142750735,730001002,4133158925,26.739042,118.489258,0.000000,1,0,0,0,0,11,NOW()),
  (2142750736,730001002,4133158934,59.757172,129.942566,0.000000,1,0,0,0,0,11,NOW()),
  (2142750737,730001002,4133158958,123.884789,120.653419,0.000000,1,0,0,0,0,11,NOW()),
  (2142750738,730001002,4133158966,167.680756,122.924347,0.000000,1,0,0,0,0,11,NOW()),
  (2142750739,730001002,4133158944,84.806709,169.765930,0.000000,1,0,0,0,0,11,NOW()),
  (2142750740,730001002,4133158951,115.006248,161.701706,0.000000,1,0,0,0,0,11,NOW()),
  (2142750741,730001002,4133158976,170.748810,172.200119,0.000000,1,0,0,0,0,11,NOW()),
  (2142750742,730001002,4133224458,34.931576,38.614967,0.000000,1,0,0,0,0,11,NOW()),
  (2142750743,730001002,4133224466,67.100464,34.915558,0.000000,1,0,0,0,0,11,NOW()),
  (2142750744,730001002,4133224482,114.771217,31.684107,0.000000,1,0,0,0,0,11,NOW()),
  (2142750745,730001002,4133224498,155.609573,28.931168,0.000000,1,0,0,0,0,11,NOW()),
  (2142750746,730001002,4133224451,16.972729,57.207489,0.000000,1,0,0,0,0,11,NOW()),
  (2142750747,730001002,4133224476,86.655334,79.725311,0.000000,1,0,0,0,0,11,NOW()),
  (2142750748,730001002,4133224484,116.662277,83.055847,0.000000,1,0,0,0,0,11,NOW()),
  (2142750749,730001002,4133224507,168.242874,65.066628,0.000000,1,0,0,0,0,11,NOW()),
  (2142750750,730001002,4133224453,15.264466,107.241486,0.000000,1,0,0,0,0,11,NOW()),
  (2142750751,730001002,4133224486,109.477661,129.639435,0.000000,1,0,0,0,0,11,NOW()),
  (2142750752,730001002,4133224501,159.075653,119.757225,0.000000,1,0,0,0,0,11,NOW()),
  (2142750753,730001002,4133224480,86.607948,176.448578,0.000000,1,0,0,0,0,11,NOW()),
  (2142750754,730001002,4133224496,121.043022,170.812775,0.000000,1,0,0,0,0,11,NOW()),
  (2142750755,730001002,4133224511,174.008377,164.370087,0.000000,1,0,0,0,0,11,NOW()),
  (2142750756,730001002,4133290002,62.709328,32.667892,0.000000,1,0,0,0,0,11,NOW()),
  (2142750757,730001002,4133290017,119.056038,21.066097,0.000000,1,0,0,0,0,11,NOW()),
  (2142750758,730001002,4133290034,153.674820,25.876299,0.000000,1,0,0,0,0,11,NOW()),
  (2142750759,730001002,4133289996,35.935959,73.927460,0.000000,1,0,0,0,0,11,NOW()),
  (2142750760,730001002,4133290011,74.084175,62.795479,0.000000,1,0,0,0,0,11,NOW()),
  (2142750761,730001002,4133290019,116.671829,59.249844,0.000000,1,0,0,0,0,11,NOW()),
  (2142750762,730001002,4133290035,164.174362,57.007019,0.000000,1,0,0,0,0,11,NOW()),
  (2142750763,730001002,4133289997,25.651878,114.872536,0.000000,1,0,0,0,0,11,NOW()),
  (2142750764,730001002,4133290013,78.958443,106.675735,0.000000,1,0,0,0,0,11,NOW()),
  (2142750765,730001002,4133290030,126.239487,127.176582,0.000000,1,0,0,0,0,11,NOW()),
  (2142750766,730001002,4133290037,159.222092,105.648361,0.000000,1,0,0,0,0,11,NOW()),
  (2142750767,730001002,4133289999,33.275055,167.355820,0.000000,1,0,0,0,0,11,NOW()),
  (2142750768,730001002,4133290008,59.063435,177.180710,0.000000,1,0,0,0,0,11,NOW()),
  (2142750769,730001002,4133290047,181.091904,161.160843,0.000000,1,0,0,0,0,11,NOW()),
  (2142750770,730001003,4133421066,38.584797,35.697659,0.000000,1,0,0,0,0,11,NOW()),
  (2142750771,730001003,4133421074,64.349007,29.700779,0.000000,1,0,0,0,0,11,NOW()),
  (2142750772,730001003,4133421097,122.143951,22.253904,0.000000,1,0,0,0,0,11,NOW()),
  (2142750773,730001003,4133421106,155.913605,25.019148,0.000000,1,0,0,0,0,11,NOW()),
  (2142750774,730001003,4133421067,33.840275,57.212631,0.000000,1,0,0,0,0,11,NOW()),
  (2142750775,730001003,4133421075,64.015610,61.837067,0.000000,1,0,0,0,0,11,NOW()),
  (2142750776,730001003,4133421092,110.060966,86.392838,0.000000,1,0,0,0,0,11,NOW()),
  (2142750777,730001003,4133421115,182.700226,67.002663,0.000000,1,0,0,0,0,11,NOW()),
  (2142750778,730001003,4133421062,15.494103,123.784393,0.000000,1,0,0,0,0,11,NOW()),
  (2142750779,730001003,4133421086,75.775116,128.449142,0.000000,1,0,0,0,0,11,NOW()),
  (2142750780,730001003,4133421102,127.820282,132.833832,0.000000,1,0,0,0,0,11,NOW()),
  (2142750781,730001003,4133421110,161.484512,130.366364,0.000000,1,0,0,0,0,11,NOW()),
  (2142750782,730001003,4133421079,64.476295,159.108398,0.000000,1,0,0,0,0,11,NOW()),
  (2142750783,730001003,4133421103,121.871185,160.885559,0.000000,1,0,0,0,0,11,NOW()),
  (2142750784,730001004,4149608450,11.974686,38.867863,0.000000,1,0,0,0,0,11,NOW()),
  (2142750785,730001004,4149608474,85.860992,27.837662,0.000000,1,0,0,0,0,11,NOW()),
  (2142750786,730001004,4149608481,105.387856,11.286762,0.000000,1,0,0,0,0,11,NOW()),
  (2142750787,730001004,4149608505,178.744019,22.839451,0.000000,1,0,0,0,0,11,NOW()),
  (2142750788,730001004,4149608451,14.709393,69.043518,0.000000,1,0,0,0,0,11,NOW()),
  (2142750789,730001004,4149608492,126.374031,76.654663,0.000000,1,0,0,0,0,11,NOW()),
  (2142750790,730001004,4149608500,154.750961,75.213142,0.000000,1,0,0,0,0,11,NOW()),
  (2142750791,730001004,4149608469,68.982635,118.224480,0.000000,1,0,0,0,0,11,NOW()),
  (2142750792,730001004,4149608486,116.035561,131.382721,0.000000,1,0,0,0,0,11,NOW()),
  (2142750793,730001004,4149608510,178.028061,134.807388,0.000000,1,0,0,0,0,11,NOW()),
  (2142750794,730001004,4149608455,22.498095,156.466934,0.000000,1,0,0,0,0,11,NOW()),
  (2142750795,730001004,4149608479,72.657654,166.438141,0.000000,1,0,0,0,0,11,NOW()),
  (2142750796,730001004,4149608495,121.887550,157.702576,0.000000,1,0,0,0,0,11,NOW()),
  (2142750797,730001004,4149608504,165.042068,168.288223,0.000000,1,0,0,0,0,11,NOW()),
  (2142750798,730001001,4149673985,18.314436,9.024893,0.000000,1,0,0,0,0,11,NOW()),
  (2142750799,730001001,4149674026,133.518753,31.939293,0.000000,1,0,0,0,0,11,NOW()),
  (2142750800,730001001,4149673995,38.445015,69.731796,0.000000,1,0,0,0,0,11,NOW()),
  (2142750801,730001001,4149674012,77.255455,86.912399,0.000000,1,0,0,0,0,11,NOW()),
  (2142750802,730001001,4149674028,133.524216,82.536652,0.000000,1,0,0,0,0,11,NOW()),
  (2142750803,730001001,4149674036,161.437363,86.623283,0.000000,1,0,0,0,0,11,NOW()),
  (2142750804,730001001,4149673997,38.507755,119.210205,0.000000,1,0,0,0,0,11,NOW()),
  (2142750805,730001001,4149674013,72.422844,106.950111,0.000000,1,0,0,0,0,11,NOW()),
  (2142750806,730001001,4149674030,130.685287,125.244705,0.000000,1,0,0,0,0,11,NOW()),
  (2142750807,730001001,4149674037,163.455780,115.825279,0.000000,1,0,0,0,0,11,NOW()),
  (2142750808,730001001,4149674000,36.872955,171.175339,0.000000,1,0,0,0,0,11,NOW()),
  (2142750809,730001001,4149674015,75.489609,158.079132,0.000000,1,0,0,0,0,11,NOW()),
  (2142750810,730001001,4149674031,122.038513,165.703308,0.000000,1,0,0,0,0,11,NOW()),
  (2142750811,730001001,4149674047,169.484131,157.609177,0.000000,1,0,0,0,0,11,NOW()),
  (2142750812,730001004,4149739521,16.347773,15.138173,0.000000,1,0,0,0,0,11,NOW()),
  (2142750813,730001004,4149739545,72.089172,15.002072,0.000000,1,0,0,0,0,11,NOW()),
  (2142750814,730001004,4149739554,116.288300,32.192459,0.000000,1,0,0,0,0,11,NOW()),
  (2142750815,730001004,4149739578,168.320618,29.798046,0.000000,1,0,0,0,0,11,NOW()),
  (2142750816,730001004,4149739547,72.354088,67.011955,0.000000,1,0,0,0,0,11,NOW()),
  (2142750817,730001004,4149739564,121.677444,80.163353,0.000000,1,0,0,0,0,11,NOW()),
  (2142750818,730001004,4149739579,174.139099,68.535286,0.000000,1,0,0,0,0,11,NOW()),
  (2142750819,730001004,4149739533,32.439621,110.900780,0.000000,1,0,0,0,0,11,NOW()),
  (2142750820,730001004,4149739550,73.741699,131.247681,0.000000,1,0,0,0,0,11,NOW()),
  (2142750821,730001004,4149739565,120.646278,111.147568,0.000000,1,0,0,0,0,11,NOW()),
  (2142750822,730001004,4149739581,171.624832,111.107384,0.000000,1,0,0,0,0,11,NOW()),
  (2142750823,730001004,4149739551,86.097717,166.627914,0.000000,1,0,0,0,0,11,NOW()),
  (2142750824,730001004,4149739567,122.077141,160.866989,0.000000,1,0,0,0,0,11,NOW()),
  (2142750825,730001004,4149739575,155.009598,166.581314,0.000000,1,0,0,0,0,11,NOW()),
  (2142750826,730001004,4149805066,38.327690,38.317917,0.000000,1,0,0,0,0,11,NOW()),
  (2142750827,730001004,4149805082,76.267265,24.204128,0.000000,1,0,0,0,0,11,NOW()),
  (2142750828,730001004,4149805090,106.877960,33.929180,0.000000,1,0,0,0,0,11,NOW()),
  (2142750829,730001004,4149805060,14.862504,82.855347,0.000000,1,0,0,0,0,11,NOW()),
  (2142750830,730001004,4149805076,63.308754,84.112434,0.000000,1,0,0,0,0,11,NOW()),
  (2142750831,730001004,4149805091,106.776474,63.719128,0.000000,1,0,0,0,0,11,NOW()),
  (2142750832,730001004,4149805061,10.240387,112.040451,0.000000,1,0,0,0,0,11,NOW()),
  (2142750833,730001004,4149805078,58.461250,123.924934,0.000000,1,0,0,0,0,11,NOW()),
  (2142750834,730001004,4149805094,108.421318,126.182861,0.000000,1,0,0,0,0,11,NOW()),
  (2142750835,730001004,4149805109,154.739304,111.876045,0.000000,1,0,0,0,0,11,NOW()),
  (2142750836,730001004,4149805063,16.706432,155.112595,0.000000,1,0,0,0,0,11,NOW()),
  (2142750837,730001004,4149805087,75.610878,156.214447,0.000000,1,0,0,0,0,11,NOW()),
  (2142750838,730001004,4149805103,133.307709,153.393448,0.000000,1,0,0,0,0,11,NOW()),
  (2142750839,730001004,4149805119,177.498657,156.951431,0.000000,1,0,0,0,0,11,NOW()),
  (2142750840,730001002,4149870594,9.954136,27.172438,0.000000,1,0,0,0,0,11,NOW()),
  (2142750841,730001002,4149870617,73.112259,18.901447,0.000000,1,0,0,0,0,11,NOW()),
  (2142750842,730001002,4149870633,126.900505,9.488092,0.000000,1,0,0,0,0,11,NOW()),
  (2142750843,730001002,4149870649,170.776306,10.774504,0.000000,1,0,0,0,0,11,NOW()),
  (2142750844,730001002,4149870603,29.233850,63.704903,0.000000,1,0,0,0,0,11,NOW()),
  (2142750845,730001002,4149870628,117.225304,83.368752,0.000000,1,0,0,0,0,11,NOW()),
  (2142750846,730001002,4149870651,180.215088,67.707039,0.000000,1,0,0,0,0,11,NOW()),
  (2142750847,730001002,4149870606,25.052822,121.896416,0.000000,1,0,0,0,0,11,NOW()),
  (2142750848,730001002,4149870613,58.484512,105.430519,0.000000,1,0,0,0,0,11,NOW()),
  (2142750849,730001002,4149870646,154.911072,120.814888,0.000000,1,0,0,0,0,11,NOW()),
  (2142750850,730001002,4149870608,24.256901,175.882874,0.000000,1,0,0,0,0,11,NOW()),
  (2142750851,730001002,4149870615,61.073120,160.195648,0.000000,1,0,0,0,0,11,NOW()),
  (2142750852,730001002,4149870639,134.208191,160.270432,0.000000,1,0,0,0,0,11,NOW()),
  (2142750853,730001002,4149870656,170.151245,174.115067,0.000000,1,0,0,0,0,11,NOW()),
  (2142750854,730001002,4149936138,29.998455,26.298180,0.000000,1,0,0,0,0,11,NOW()),
  (2142750855,730001002,4149936145,62.663452,11.554939,0.000000,1,0,0,0,0,11,NOW()),
  (2142750856,730001002,4149936161,108.602966,20.757050,0.000000,1,0,0,0,0,11,NOW()),
  (2142750857,730001002,4149936178,158.766434,37.647125,0.000000,1,0,0,0,0,11,NOW()),
  (2142750858,730001002,4149936139,27.221611,63.148426,0.000000,1,0,0,0,0,11,NOW()),
  (2142750859,730001002,4149936172,130.977417,73.333702,0.000000,1,0,0,0,0,11,NOW()),
  (2142750860,730001002,4149936179,161.071274,71.099319,0.000000,1,0,0,0,0,11,NOW()),
  (2142750861,730001002,4149936133,17.916609,115.693260,0.000000,1,0,0,0,0,11,NOW()),
  (2142750862,730001002,4149936149,71.630074,118.336838,0.000000,1,0,0,0,0,11,NOW()),
  (2142750863,730001002,4149936190,179.661240,126.016045,0.000000,1,0,0,0,0,11,NOW()),
  (2142750864,730001002,4149936144,38.182625,176.617722,0.000000,1,0,0,0,0,11,NOW()),
  (2142750865,730001002,4149936151,70.408752,153.454620,0.000000,1,0,0,0,0,11,NOW()),
  (2142750866,730001002,4149936176,131.693085,176.050293,0.000000,1,0,0,0,0,11,NOW()),
  (2142750867,730001002,4149936183,154.010818,157.700974,0.000000,1,0,0,0,0,11,NOW()),
  (2142750868,730001002,4150001674,31.668125,38.936707,0.000000,1,0,0,0,0,11,NOW()),
  (2142750869,730001002,4150001681,71.188301,18.585472,0.000000,1,0,0,0,0,11,NOW()),
  (2142750870,730001002,4150001697,105.942688,12.278843,0.000000,1,0,0,0,0,11,NOW()),
  (2142750871,730001002,4150001714,162.798737,26.968084,0.000000,1,0,0,0,0,11,NOW()),
  (2142750872,730001002,4150001676,29.126501,82.602905,0.000000,1,0,0,0,0,11,NOW()),
  (2142750873,730001002,4150001707,133.261307,71.813095,0.000000,1,0,0,0,0,11,NOW()),
  (2142750874,730001002,4150001723,180.380737,60.889427,0.000000,1,0,0,0,0,11,NOW()),
  (2142750875,730001002,4150001669,14.208827,110.861847,0.000000,1,0,0,0,0,11,NOW()),
  (2142750876,730001002,4150001685,67.552666,115.746231,0.000000,1,0,0,0,0,11,NOW()),
  (2142750877,730001002,4150001702,106.065468,122.654617,0.000000,1,0,0,0,0,11,NOW()),
  (2142750878,730001002,4150001725,173.389252,112.700699,0.000000,1,0,0,0,0,11,NOW()),
  (2142750879,730001002,4150001672,11.426677,173.354141,0.000000,1,0,0,0,0,11,NOW()),
  (2142750880,730001002,4150001711,134.184128,154.024658,0.000000,1,0,0,0,0,11,NOW()),
  (2142750881,730001002,4150001728,172.019135,170.148529,0.000000,1,0,0,0,0,11,NOW()),
  (2142750882,730001002,4150067210,36.947838,36.718246,0.000000,1,0,0,0,0,11,NOW()),
  (2142750883,730001002,4150067226,81.074059,24.693932,0.000000,1,0,0,0,0,11,NOW()),
  (2142750884,730001002,4150067242,121.008041,27.335905,0.000000,1,0,0,0,0,11,NOW()),
  (2142750885,730001002,4150067257,181.853638,11.995619,0.000000,1,0,0,0,0,11,NOW()),
  (2142750886,730001002,4150067211,37.611782,60.926552,0.000000,1,0,0,0,0,11,NOW()),
  (2142750887,730001002,4150067235,109.749481,61.476315,0.000000,1,0,0,0,0,11,NOW()),
  (2142750888,730001002,4150067252,167.967422,84.510025,0.000000,1,0,0,0,0,11,NOW()),
  (2142750889,730001002,4150067213,32.834152,115.401352,0.000000,1,0,0,0,0,11,NOW()),
  (2142750890,730001002,4150067229,86.918030,119.259705,0.000000,1,0,0,0,0,11,NOW()),
  (2142750891,730001002,4150067245,127.650208,113.053497,0.000000,1,0,0,0,0,11,NOW()),
  (2142750892,730001002,4150067261,173.337952,113.299667,0.000000,1,0,0,0,0,11,NOW()),
  (2142750893,730001002,4150067207,21.237284,161.034561,0.000000,1,0,0,0,0,11,NOW()),
  (2142750894,730001002,4150067231,85.628578,166.148804,0.000000,1,0,0,0,0,11,NOW()),
  (2142750895,730001002,4150067256,157.690903,176.357056,0.000000,1,0,0,0,0,11,NOW()),
  (2142750896,730001004,4150132737,21.097469,11.029047,0.000000,1,0,0,0,0,11,NOW()),
  (2142750897,730001004,4150132761,81.275841,14.773195,0.000000,1,0,0,0,0,11,NOW()),
  (2142750898,730001004,4150132770,108.007889,27.670643,0.000000,1,0,0,0,0,11,NOW()),
  (2142750899,730001004,4150132785,156.063477,9.150104,0.000000,1,0,0,0,0,11,NOW()),
  (2142750900,730001004,4150132747,26.162420,65.543556,0.000000,1,0,0,0,0,11,NOW()),
  (2142750901,730001004,4150132772,106.810783,74.983284,0.000000,1,0,0,0,0,11,NOW()),
  (2142750902,730001004,4150132796,172.648163,72.480965,0.000000,1,0,0,0,0,11,NOW()),
  (2142750903,730001004,4150132750,25.039492,122.065353,0.000000,1,0,0,0,0,11,NOW()),
  (2142750904,730001004,4150132757,59.859238,118.644997,0.000000,1,0,0,0,0,11,NOW()),
  (2142750905,730001004,4150132773,110.496582,110.907776,0.000000,1,0,0,0,0,11,NOW()),
  (2142750906,730001004,4150132797,170.933685,109.283211,0.000000,1,0,0,0,0,11,NOW()),
  (2142750907,730001004,4150132752,27.288626,176.951340,0.000000,1,0,0,0,0,11,NOW()),
  (2142750908,730001004,4150132768,72.587959,176.031189,0.000000,1,0,0,0,0,11,NOW()),
  (2142750909,730001004,4150132791,154.198242,158.291290,0.000000,1,0,0,0,0,11,NOW()),
  (2142750910,730001003,4150198273,16.917295,17.714197,0.000000,1,0,0,0,0,11,NOW()),
  (2142750911,730001003,4150198289,68.396187,23.830671,0.000000,1,0,0,0,0,11,NOW()),
  (2142750912,730001003,4150198306,112.154945,28.070572,0.000000,1,0,0,0,0,11,NOW()),
  (2142750913,730001003,4150198329,181.265366,9.151861,0.000000,1,0,0,0,0,11,NOW()),
  (2142750914,730001003,4150198283,24.167629,62.564365,0.000000,1,0,0,0,0,11,NOW()),
  (2142750915,730001003,4150198315,125.885162,57.757767,0.000000,1,0,0,0,0,11,NOW()),
  (2142750916,730001003,4150198277,16.814262,118.740417,0.000000,1,0,0,0,0,11,NOW()),
  (2142750917,730001003,4150198294,57.324501,125.185234,0.000000,1,0,0,0,0,11,NOW()),
  (2142750918,730001003,4150198310,114.976700,122.472397,0.000000,1,0,0,0,0,11,NOW()),
  (2142750919,730001003,4150198334,180.772186,120.562798,0.000000,1,0,0,0,0,11,NOW()),
  (2142750920,730001003,4150198279,14.913812,167.705978,0.000000,1,0,0,0,0,11,NOW()),
  (2142750921,730001003,4150198296,61.818237,177.438263,0.000000,1,0,0,0,0,11,NOW()),
  (2142750922,730001003,4150198312,105.039948,168.341141,0.000000,1,0,0,0,0,11,NOW()),
  (2142750923,730001003,4150198327,163.033981,165.712616,0.000000,1,0,0,0,0,11,NOW()),
  (2142750924,730001004,4166385673,30.428181,11.659848,0.000000,1,0,0,0,0,11,NOW()),
  (2142750925,730001004,4166385690,75.850449,31.325552,0.000000,1,0,0,0,0,11,NOW()),
  (2142750926,730001004,4166385705,127.265099,13.028239,0.000000,1,0,0,0,0,11,NOW()),
  (2142750927,730001004,4166385722,170.190369,30.706310,0.000000,1,0,0,0,0,11,NOW()),
  (2142750928,730001004,4166385676,26.214014,83.252190,0.000000,1,0,0,0,0,11,NOW()),
  (2142750929,730001004,4166385707,129.965195,63.567112,0.000000,1,0,0,0,0,11,NOW()),
  (2142750930,730001004,4166385723,176.211319,60.895962,0.000000,1,0,0,0,0,11,NOW()),
  (2142750931,730001004,4166385677,25.957918,119.790726,0.000000,1,0,0,0,0,11,NOW()),
  (2142750932,730001004,4166385693,78.813797,114.036598,0.000000,1,0,0,0,0,11,NOW()),
  (2142750933,730001004,4166385709,120.552757,109.668236,0.000000,1,0,0,0,0,11,NOW()),
  (2142750934,730001004,4166385717,156.205643,109.754189,0.000000,1,0,0,0,0,11,NOW()),
  (2142750935,730001004,4166385672,18.001762,176.352066,0.000000,1,0,0,0,0,11,NOW()),
  (2142750936,730001004,4166385711,121.011978,156.369095,0.000000,1,0,0,0,0,11,NOW()),
  (2142750937,730001004,4166385728,168.087357,168.993469,0.000000,1,0,0,0,0,11,NOW()),
  (2142750938,730001004,4166451225,72.631210,21.440496,0.000000,1,0,0,0,0,11,NOW()),
  (2142750939,730001004,4166451242,120.235176,26.160015,0.000000,1,0,0,0,0,11,NOW()),
  (2142750940,730001004,4166451250,164.341187,26.233850,0.000000,1,0,0,0,0,11,NOW()),
  (2142750941,730001004,4166451211,32.409794,59.229507,0.000000,1,0,0,0,0,11,NOW()),
  (2142750942,730001004,4166451219,64.184120,57.769180,0.000000,1,0,0,0,0,11,NOW()),
  (2142750943,730001004,4166451235,111.428513,62.464306,0.000000,1,0,0,0,0,11,NOW()),
  (2142750944,730001004,4166451260,169.673996,80.658089,0.000000,1,0,0,0,0,11,NOW()),
  (2142750945,730001004,4166451213,34.498379,111.313576,0.000000,1,0,0,0,0,11,NOW()),
  (2142750946,730001004,4166451230,75.896004,123.940880,0.000000,1,0,0,0,0,11,NOW()),
  (2142750947,730001004,4166451238,106.196907,124.930122,0.000000,1,0,0,0,0,11,NOW()),
  (2142750948,730001004,4166451215,32.784924,167.700714,0.000000,1,0,0,0,0,11,NOW()),
  (2142750949,730001004,4166451231,82.724335,164.750046,0.000000,1,0,0,0,0,11,NOW()),
  (2142750950,730001004,4166451248,122.175285,173.505905,0.000000,1,0,0,0,0,11,NOW()),
  (2142750951,730001004,4166451263,178.179489,156.601227,0.000000,1,0,0,0,0,11,NOW()),
  (2142750952,730001004,4166516746,37.471680,27.388554,0.000000,1,0,0,0,0,11,NOW()),
  (2142750953,730001004,4166516754,57.571724,35.716064,0.000000,1,0,0,0,0,11,NOW()),
  (2142750954,730001004,4166516778,133.120331,24.691118,0.000000,1,0,0,0,0,11,NOW()),
  (2142750955,730001004,4166516794,169.702026,37.872871,0.000000,1,0,0,0,0,11,NOW()),
  (2142750956,730001004,4166516747,28.743494,64.096344,0.000000,1,0,0,0,0,11,NOW()),
  (2142750957,730001004,4166516756,57.325550,76.811234,0.000000,1,0,0,0,0,11,NOW()),
  (2142750958,730001004,4166516772,105.930496,73.716164,0.000000,1,0,0,0,0,11,NOW()),
  (2142750959,730001004,4166516788,156.485123,86.984726,0.000000,1,0,0,0,0,11,NOW()),
  (2142750960,730001004,4166516750,29.835276,127.054352,0.000000,1,0,0,0,0,11,NOW()),
  (2142750961,730001004,4166516765,76.808571,108.431313,0.000000,1,0,0,0,0,11,NOW()),
  (2142750962,730001004,4166516798,168.916397,128.900787,0.000000,1,0,0,0,0,11,NOW()),
  (2142750963,730001004,4166516744,19.053524,175.514343,0.000000,1,0,0,0,0,11,NOW()),
  (2142750964,730001004,4166516767,82.515961,153.287537,0.000000,1,0,0,0,0,11,NOW()),
  (2142750965,730001004,4166516775,119.586800,158.536774,0.000000,1,0,0,0,0,11,NOW()),
  (2142750966,730001004,4166582281,28.278645,21.624420,0.000000,1,0,0,0,0,11,NOW()),
  (2142750967,730001004,4166582306,106.346794,31.440056,0.000000,1,0,0,0,0,11,NOW()),
  (2142750968,730001004,4166582330,177.195419,36.291679,0.000000,1,0,0,0,0,11,NOW()),
  (2142750969,730001004,4166582283,25.224346,69.910904,0.000000,1,0,0,0,0,11,NOW()),
  (2142750970,730001004,4166582292,63.705261,75.557823,0.000000,1,0,0,0,0,11,NOW()),
  (2142750971,730001004,4166582316,122.768272,75.450958,0.000000,1,0,0,0,0,11,NOW()),
  (2142750972,730001004,4166582277,13.570886,113.335030,0.000000,1,0,0,0,0,11,NOW()),
  (2142750973,730001004,4166582293,65.057388,106.200104,0.000000,1,0,0,0,0,11,NOW()),
  (2142750974,730001004,4166582317,132.832794,106.104317,0.000000,1,0,0,0,0,11,NOW()),
  (2142750975,730001004,4166582326,164.165253,131.185944,0.000000,1,0,0,0,0,11,NOW()),
  (2142750976,730001004,4166582279,13.548795,157.659058,0.000000,1,0,0,0,0,11,NOW()),
  (2142750977,730001004,4166582304,75.761810,170.225891,0.000000,1,0,0,0,0,11,NOW()),
  (2142750978,730001004,4166582320,125.597130,172.463501,0.000000,1,0,0,0,0,11,NOW()),
  (2142750979,730001004,4166582327,163.123627,166.381165,0.000000,1,0,0,0,0,11,NOW()),
  (2142750980,730001001,4166647817,32.005913,23.817068,0.000000,1,0,0,0,0,11,NOW()),
  (2142750981,730001001,4166647834,78.882408,31.681770,0.000000,1,0,0,0,0,11,NOW()),
  (2142750982,730001001,4166647849,120.026459,17.546173,0.000000,1,0,0,0,0,11,NOW()),
  (2142750983,730001001,4166647866,175.589737,38.226357,0.000000,1,0,0,0,0,11,NOW()),
  (2142750984,730001001,4166647819,25.805794,57.930923,0.000000,1,0,0,0,0,11,NOW()),
  (2142750985,730001001,4166647835,83.208908,69.576096,0.000000,1,0,0,0,0,11,NOW()),
  (2142750986,730001001,4166647844,119.619591,80.862610,0.000000,1,0,0,0,0,11,NOW()),
  (2142750987,730001001,4166647859,167.120895,58.842922,0.000000,1,0,0,0,0,11,NOW()),
  (2142750988,730001001,4166647814,13.731911,122.168045,0.000000,1,0,0,0,0,11,NOW()),
  (2142750989,730001001,4166647830,59.843178,120.865463,0.000000,1,0,0,0,0,11,NOW()),
  (2142750990,730001001,4166647846,116.710068,121.659363,0.000000,1,0,0,0,0,11,NOW()),
  (2142750991,730001001,4166647870,179.433136,129.929413,0.000000,1,0,0,0,0,11,NOW()),
  (2142750992,730001001,4166647840,84.794983,170.560150,0.000000,1,0,0,0,0,11,NOW()),
  (2142750993,730001001,4166647871,181.167465,160.030945,0.000000,1,0,0,0,0,11,NOW()),
  (2142750994,730001004,4166713354,29.404207,36.312637,0.000000,1,0,0,0,0,11,NOW()),
  (2142750995,730001004,4166713369,81.199806,15.155288,0.000000,1,0,0,0,0,11,NOW()),
  (2142750996,730001004,4166713385,121.027313,19.048271,0.000000,1,0,0,0,0,11,NOW()),
  (2142750997,730001004,4166713394,159.004562,24.659477,0.000000,1,0,0,0,0,11,NOW()),
  (2142750998,730001004,4166713355,30.077044,70.619408,0.000000,1,0,0,0,0,11,NOW()),
  (2142750999,730001004,4166713387,121.418327,71.021965,0.000000,1,0,0,0,0,11,NOW()),
  (2142751000,730001004,4166713396,159.346558,75.383926,0.000000,1,0,0,0,0,11,NOW()),
  (2142751001,730001004,4166713358,35.952995,129.886795,0.000000,1,0,0,0,0,11,NOW()),
  (2142751002,730001004,4166713373,84.466309,115.378700,0.000000,1,0,0,0,0,11,NOW()),
  (2142751003,730001004,4166713405,168.558792,114.241043,0.000000,1,0,0,0,0,11,NOW()),
  (2142751004,730001004,4166713352,15.092866,181.010757,0.000000,1,0,0,0,0,11,NOW()),
  (2142751005,730001004,4166713375,73.485558,163.311096,0.000000,1,0,0,0,0,11,NOW()),
  (2142751006,730001004,4166713384,110.692566,181.106705,0.000000,1,0,0,0,0,11,NOW()),
  (2142751007,730001004,4166713399,164.712067,156.128189,0.000000,1,0,0,0,0,11,NOW()),
  (2142751008,730001002,4166778890,35.103943,24.846670,0.000000,1,0,0,0,0,11,NOW()),
  (2142751009,730001002,4166778906,81.905060,28.409346,0.000000,1,0,0,0,0,11,NOW()),
  (2142751010,730001002,4166778913,119.024902,10.761734,0.000000,1,0,0,0,0,11,NOW()),
  (2142751011,730001002,4166778930,154.894943,36.630863,0.000000,1,0,0,0,0,11,NOW()),
  (2142751012,730001002,4166778908,81.456299,75.896919,0.000000,1,0,0,0,0,11,NOW()),
  (2142751013,730001002,4166778923,121.527802,65.999802,0.000000,1,0,0,0,0,11,NOW()),
  (2142751014,730001002,4166778939,175.393448,67.827080,0.000000,1,0,0,0,0,11,NOW()),
  (2142751015,730001002,4166778885,22.888712,105.462723,0.000000,1,0,0,0,0,11,NOW()),
  (2142751016,730001002,4166778910,74.920601,133.336197,0.000000,1,0,0,0,0,11,NOW()),
  (2142751017,730001002,4166778917,107.876358,112.709297,0.000000,1,0,0,0,0,11,NOW()),
  (2142751018,730001002,4166778896,38.006172,168.611221,0.000000,1,0,0,0,0,11,NOW()),
  (2142751019,730001002,4166778904,62.008568,181.080734,0.000000,1,0,0,0,0,11,NOW()),
  (2142751020,730001002,4166778919,109.779861,165.354996,0.000000,1,0,0,0,0,11,NOW()),
  (2142751021,730001002,4166778944,182.336212,174.291611,0.000000,1,0,0,0,0,11,NOW()),
  (2142751022,730001002,4166844426,31.512840,38.413429,0.000000,1,0,0,0,0,11,NOW()),
  (2142751023,730001002,4166844441,79.566895,22.635489,0.000000,1,0,0,0,0,11,NOW()),
  (2142751024,730001002,4166844458,121.789696,28.706463,0.000000,1,0,0,0,0,11,NOW()),
  (2142751025,730001002,4166844466,163.942139,33.219559,0.000000,1,0,0,0,0,11,NOW()),
  (2142751026,730001002,4166844427,37.646465,68.104401,0.000000,1,0,0,0,0,11,NOW()),
  (2142751027,730001002,4166844443,74.344154,69.836952,0.000000,1,0,0,0,0,11,NOW()),
  (2142751028,730001002,4166844451,115.492714,67.838104,0.000000,1,0,0,0,0,11,NOW()),
  (2142751029,730001002,4166844475,179.824326,71.629486,0.000000,1,0,0,0,0,11,NOW()),
  (2142751030,730001002,4166844437,58.669907,107.425514,0.000000,1,0,0,0,0,11,NOW()),
  (2142751031,730001002,4166844453,115.603333,116.569420,0.000000,1,0,0,0,0,11,NOW()),
  (2142751032,730001002,4166844477,179.217758,105.320801,0.000000,1,0,0,0,0,11,NOW()),
  (2142751033,730001002,4166844432,30.267519,180.960388,0.000000,1,0,0,0,0,11,NOW()),
  (2142751034,730001002,4166844440,63.225800,173.445465,0.000000,1,0,0,0,0,11,NOW()),
  (2142751035,730001002,4166844480,172.424286,172.675217,0.000000,1,0,0,0,0,11,NOW()),
  (2142751036,730001001,4166909970,71.155876,32.695263,0.000000,1,0,0,0,0,11,NOW()),
  (2142751037,730001001,4166909985,108.330696,18.888901,0.000000,1,0,0,0,0,11,NOW()),
  (2142751038,730001001,4166910001,166.626328,22.963188,0.000000,1,0,0,0,0,11,NOW()),
  (2142751039,730001001,4166909980,81.067871,83.017258,0.000000,1,0,0,0,0,11,NOW()),
  (2142751040,730001001,4166909996,133.940948,82.451904,0.000000,1,0,0,0,0,11,NOW()),
  (2142751041,730001001,4166910003,165.870590,64.334129,0.000000,1,0,0,0,0,11,NOW()),
  (2142751042,730001001,4166909965,31.192043,113.145912,0.000000,1,0,0,0,0,11,NOW()),
  (2142751043,730001001,4166909981,81.606506,112.409683,0.000000,1,0,0,0,0,11,NOW()),
  (2142751044,730001001,4166909997,131.344238,105.282173,0.000000,1,0,0,0,0,11,NOW()),
  (2142751045,730001001,4166910013,174.266937,119.996315,0.000000,1,0,0,0,0,11,NOW()),
  (2142751046,730001001,4166909967,36.997429,162.594498,0.000000,1,0,0,0,0,11,NOW()),
  (2142751047,730001001,4166909983,72.690086,161.270782,0.000000,1,0,0,0,0,11,NOW()),
  (2142751048,730001001,4166910000,133.433380,181.342377,0.000000,1,0,0,0,0,11,NOW()),
  (2142751049,730001001,4166910015,181.157013,155.416519,0.000000,1,0,0,0,0,11,NOW()),
  (2142751050,730001003,4166975490,15.202166,30.695568,0.000000,1,0,0,0,0,11,NOW()),
  (2142751051,730001003,4166975522,109.725212,29.303684,0.000000,1,0,0,0,0,11,NOW()),
  (2142751052,730001003,4166975546,173.521393,26.606464,0.000000,1,0,0,0,0,11,NOW()),
  (2142751053,730001003,4166975500,30.309822,73.202286,0.000000,1,0,0,0,0,11,NOW()),
  (2142751054,730001003,4166975507,58.302979,70.852364,0.000000,1,0,0,0,0,11,NOW()),
  (2142751055,730001003,4166975532,124.022659,78.932228,0.000000,1,0,0,0,0,11,NOW()),
  (2142751056,730001003,4166975539,157.561386,65.005180,0.000000,1,0,0,0,0,11,NOW()),
  (2142751057,730001003,4166975501,34.059906,116.455528,0.000000,1,0,0,0,0,11,NOW()),
  (2142751058,730001003,4166975534,120.283951,120.806175,0.000000,1,0,0,0,0,11,NOW()),
  (2142751059,730001003,4166975550,174.651352,128.066864,0.000000,1,0,0,0,0,11,NOW()),
  (2142751060,730001003,4166975496,18.061954,169.433731,0.000000,1,0,0,0,0,11,NOW()),
  (2142751061,730001003,4166975512,63.420475,168.135345,0.000000,1,0,0,0,0,11,NOW()),
  (2142751062,730001003,4166975527,116.800903,154.034271,0.000000,1,0,0,0,0,11,NOW()),
  (2142751063,730001003,4166975551,173.341385,157.514572,0.000000,1,0,0,0,0,11,NOW()),
  (2142751064,730001004,4183162889,31.597752,12.176115,0.000000,1,0,0,0,0,11,NOW()),
  (2142751065,730001004,4183162905,75.458916,11.550260,0.000000,1,0,0,0,0,11,NOW()),
  (2142751066,730001004,4183162921,131.259949,16.835201,0.000000,1,0,0,0,0,11,NOW()),
  (2142751067,730001004,4183162938,182.101044,29.514009,0.000000,1,0,0,0,0,11,NOW()),
  (2142751068,730001004,4183162892,28.905848,80.504013,0.000000,1,0,0,0,0,11,NOW()),
  (2142751069,730001004,4183162900,68.564919,80.506996,0.000000,1,0,0,0,0,11,NOW()),
  (2142751070,730001004,4183162924,124.768440,72.275093,0.000000,1,0,0,0,0,11,NOW()),
  (2142751071,730001004,4183162939,172.589859,65.502785,0.000000,1,0,0,0,0,11,NOW()),
  (2142751072,730001004,4183162910,76.487129,132.265091,0.000000,1,0,0,0,0,11,NOW()),
  (2142751073,730001004,4183162925,121.795242,105.414619,0.000000,1,0,0,0,0,11,NOW()),
  (2142751074,730001004,4183162934,159.818756,133.297455,0.000000,1,0,0,0,0,11,NOW()),
  (2142751075,730001004,4183162912,76.181717,181.566574,0.000000,1,0,0,0,0,11,NOW()),
  (2142751076,730001004,4183162928,132.535828,181.517258,0.000000,1,0,0,0,0,11,NOW()),
  (2142751077,730001004,4183162936,161.484680,170.747360,0.000000,1,0,0,0,0,11,NOW()),
  (2142751078,730001004,4183228417,15.336938,20.800735,0.000000,1,0,0,0,0,11,NOW()),
  (2142751079,730001004,4183228434,70.518547,28.719477,0.000000,1,0,0,0,0,11,NOW()),
  (2142751080,730001004,4183228449,106.300125,13.118302,0.000000,1,0,0,0,0,11,NOW()),
  (2142751081,730001004,4183228444,86.535904,75.148491,0.000000,1,0,0,0,0,11,NOW()),
  (2142751082,730001004,4183228460,122.544968,81.845337,0.000000,1,0,0,0,0,11,NOW()),
  (2142751083,730001004,4183228467,156.262085,57.896435,0.000000,1,0,0,0,0,11,NOW()),
  (2142751084,730001004,4183228429,33.300301,118.994400,0.000000,1,0,0,0,0,11,NOW()),
  (2142751085,730001004,4183228445,76.892342,110.014427,0.000000,1,0,0,0,0,11,NOW()),
  (2142751086,730001004,4183228462,132.742691,134.350525,0.000000,1,0,0,0,0,11,NOW()),
  (2142751087,730001004,4183228469,164.353668,118.268745,0.000000,1,0,0,0,0,11,NOW()),
  (2142751088,730001004,4183228424,20.735289,169.662704,0.000000,1,0,0,0,0,11,NOW()),
  (2142751089,730001004,4183228440,57.138630,171.121750,0.000000,1,0,0,0,0,11,NOW()),
  (2142751090,730001004,4183228455,116.049919,154.452377,0.000000,1,0,0,0,0,11,NOW()),
  (2142751091,730001004,4183228472,160.630615,168.160797,0.000000,1,0,0,0,0,11,NOW()),
  (2142751092,730001004,4183293961,25.580952,11.123166,0.000000,1,0,0,0,0,11,NOW()),
  (2142751093,730001004,4183293986,112.822090,28.522423,0.000000,1,0,0,0,0,11,NOW()),
  (2142751094,730001004,4183294009,180.964844,12.449638,0.000000,1,0,0,0,0,11,NOW()),
  (2142751095,730001004,4183293964,32.469585,83.338753,0.000000,1,0,0,0,0,11,NOW()),
  (2142751096,730001004,4183293979,84.328857,62.332962,0.000000,1,0,0,0,0,11,NOW()),
  (2142751097,730001004,4183293995,125.701462,70.913780,0.000000,1,0,0,0,0,11,NOW()),
  (2142751098,730001004,4183294011,172.674240,68.662102,0.000000,1,0,0,0,0,11,NOW()),
  (2142751099,730001004,4183293965,34.396797,113.669563,0.000000,1,0,0,0,0,11,NOW()),
  (2142751100,730001004,4183293982,86.847755,131.487686,0.000000,1,0,0,0,0,11,NOW()),
  (2142751101,730001004,4183293990,119.375099,132.145370,0.000000,1,0,0,0,0,11,NOW()),
  (2142751102,730001004,4183293959,23.361315,157.729462,0.000000,1,0,0,0,0,11,NOW()),
  (2142751103,730001004,4183293984,76.534096,181.047882,0.000000,1,0,0,0,0,11,NOW()),
  (2142751104,730001004,4183293999,126.651909,154.149628,0.000000,1,0,0,0,0,11,NOW()),
  (2142751105,730001004,4183294008,156.126511,173.997131,0.000000,1,0,0,0,0,11,NOW()),
  (2142751106,730001004,4183359489,17.395023,21.147099,0.000000,1,0,0,0,0,11,NOW()),
  (2142751107,730001004,4183359514,75.734612,32.170540,0.000000,1,0,0,0,0,11,NOW()),
  (2142751108,730001004,4183359522,110.103737,27.620491,0.000000,1,0,0,0,0,11,NOW()),
  (2142751109,730001004,4183359537,153.128220,16.336798,0.000000,1,0,0,0,0,11,NOW()),
  (2142751110,730001004,4183359500,26.141382,80.334259,0.000000,1,0,0,0,0,11,NOW()),
  (2142751111,730001004,4183359515,79.876701,61.935024,0.000000,1,0,0,0,0,11,NOW()),
  (2142751112,730001004,4183359523,116.851486,69.589066,0.000000,1,0,0,0,0,11,NOW()),
  (2142751113,730001004,4183359540,162.774216,84.870514,0.000000,1,0,0,0,0,11,NOW()),
  (2142751114,730001004,4183359501,35.815212,105.323135,0.000000,1,0,0,0,0,11,NOW()),
  (2142751115,730001004,4183359509,59.472446,112.393852,0.000000,1,0,0,0,0,11,NOW()),
  (2142751116,730001004,4183359495,14.162897,160.608353,0.000000,1,0,0,0,0,11,NOW()),
  (2142751117,730001004,4183359520,72.142075,175.200562,0.000000,1,0,0,0,0,11,NOW()),
  (2142751118,730001004,4183359536,127.307869,181.104431,0.000000,1,0,0,0,0,11,NOW()),
  (2142751119,730001004,4183359543,162.398209,158.441727,0.000000,1,0,0,0,0,11,NOW()),
  (2142751120,730001004,4183425026,21.225128,37.836517,0.000000,1,0,0,0,0,11,NOW()),
  (2142751121,730001004,4183425049,79.431335,10.706196,0.000000,1,0,0,0,0,11,NOW()),
  (2142751122,730001004,4183425058,108.409515,32.453617,0.000000,1,0,0,0,0,11,NOW()),
  (2142751123,730001004,4183425073,167.059433,21.850571,0.000000,1,0,0,0,0,11,NOW()),
  (2142751124,730001004,4183425028,20.388031,82.061089,0.000000,1,0,0,0,0,11,NOW()),
  (2142751125,730001004,4183425052,86.451050,74.624107,0.000000,1,0,0,0,0,11,NOW()),
  (2142751126,730001004,4183425060,105.786667,84.005020,0.000000,1,0,0,0,0,11,NOW()),
  (2142751127,730001004,4183425083,179.534058,57.862671,0.000000,1,0,0,0,0,11,NOW()),
  (2142751128,730001004,4183425061,111.999306,114.222275,0.000000,1,0,0,0,0,11,NOW()),
  (2142751129,730001004,4183425086,177.686493,124.418991,0.000000,1,0,0,0,0,11,NOW()),
  (2142751130,730001004,4183425032,9.319485,173.670319,0.000000,1,0,0,0,0,11,NOW()),
  (2142751131,730001004,4183425056,80.264862,180.418610,0.000000,1,0,0,0,0,11,NOW()),
  (2142751132,730001004,4183425071,134.909027,154.449997,0.000000,1,0,0,0,0,11,NOW()),
  (2142751133,730001004,4183425088,176.873428,177.953217,0.000000,1,0,0,0,0,11,NOW()),
  (2142751134,730001004,4183490561,13.550749,17.065365,0.000000,1,0,0,0,0,11,NOW()),
  (2142751135,730001004,4183490601,129.318359,19.352406,0.000000,1,0,0,0,0,11,NOW()),
  (2142751136,730001004,4183490617,171.895752,15.383245,0.000000,1,0,0,0,0,11,NOW()),
  (2142751137,730001004,4183490564,16.116411,78.023460,0.000000,1,0,0,0,0,11,NOW()),
  (2142751138,730001004,4183490588,80.154373,81.130180,0.000000,1,0,0,0,0,11,NOW()),
  (2142751139,730001004,4183490603,130.410172,67.263741,0.000000,1,0,0,0,0,11,NOW()),
  (2142751140,730001004,4183490619,174.554810,62.571655,0.000000,1,0,0,0,0,11,NOW()),
  (2142751141,730001004,4183490573,34.012730,106.797173,0.000000,1,0,0,0,0,11,NOW()),
  (2142751142,730001004,4183490582,58.959518,134.580185,0.000000,1,0,0,0,0,11,NOW()),
  (2142751143,730001004,4183490622,172.106216,129.014435,0.000000,1,0,0,0,0,11,NOW()),
  (2142751144,730001004,4183490568,18.087667,177.965286,0.000000,1,0,0,0,0,11,NOW()),
  (2142751145,730001004,4183490584,67.873871,180.290375,0.000000,1,0,0,0,0,11,NOW()),
  (2142751146,730001004,4183490600,108.761536,177.088074,0.000000,1,0,0,0,0,11,NOW()),
  (2142751147,730001004,4183490615,156.170013,153.986145,0.000000,1,0,0,0,0,11,NOW()),
  (2142751148,730001004,4183556106,33.446991,33.923553,0.000000,1,0,0,0,0,11,NOW()),
  (2142751149,730001004,4183556137,121.761391,20.362139,0.000000,1,0,0,0,0,11,NOW()),
  (2142751150,730001004,4183556153,170.792389,13.863804,0.000000,1,0,0,0,0,11,NOW()),
  (2142751151,730001004,4183556107,33.601055,61.029182,0.000000,1,0,0,0,0,11,NOW()),
  (2142751152,730001004,4183556131,117.407928,71.752151,0.000000,1,0,0,0,0,11,NOW()),
  (2142751153,730001004,4183556147,162.956879,69.188240,0.000000,1,0,0,0,0,11,NOW()),
  (2142751154,730001004,4183556102,18.585459,132.191498,0.000000,1,0,0,0,0,11,NOW()),
  (2142751155,730001004,4183556125,84.027977,111.590866,0.000000,1,0,0,0,0,11,NOW()),
  (2142751156,730001004,4183556141,129.807678,108.213234,0.000000,1,0,0,0,0,11,NOW()),
  (2142751157,730001004,4183556149,159.130280,115.422386,0.000000,1,0,0,0,0,11,NOW()),
  (2142751158,730001004,4183556111,28.920792,164.431808,0.000000,1,0,0,0,0,11,NOW()),
  (2142751159,730001004,4183556119,66.849564,166.915573,0.000000,1,0,0,0,0,11,NOW()),
  (2142751160,730001004,4183556144,127.160400,169.857544,0.000000,1,0,0,0,0,11,NOW()),
  (2142751161,730001004,4183556152,158.659485,179.206512,0.000000,1,0,0,0,0,11,NOW()),
  (2142751162,730001004,4183621634,9.808455,25.391275,0.000000,1,0,0,0,0,11,NOW()),
  (2142751163,730001004,4183621657,74.206169,18.128654,0.000000,1,0,0,0,0,11,NOW()),
  (2142751164,730001004,4183621673,127.161751,17.562691,0.000000,1,0,0,0,0,11,NOW()),
  (2142751165,730001004,4183621681,167.506729,19.169998,0.000000,1,0,0,0,0,11,NOW()),
  (2142751166,730001004,4183621643,24.356735,62.589447,0.000000,1,0,0,0,0,11,NOW()),
  (2142751167,730001004,4183621668,105.854515,74.020638,0.000000,1,0,0,0,0,11,NOW()),
  (2142751168,730001004,4183621684,166.015182,72.073990,0.000000,1,0,0,0,0,11,NOW()),
  (2142751169,730001004,4183621638,11.845811,124.201744,0.000000,1,0,0,0,0,11,NOW()),
  (2142751170,730001004,4183621654,57.934845,134.204315,0.000000,1,0,0,0,0,11,NOW()),
  (2142751171,730001004,4183621678,133.394547,128.167252,0.000000,1,0,0,0,0,11,NOW()),
  (2142751172,730001004,4183621693,170.805420,119.215904,0.000000,1,0,0,0,0,11,NOW()),
  (2142751173,730001004,4183621663,84.662163,167.377472,0.000000,1,0,0,0,0,11,NOW()),
  (2142751174,730001004,4183621679,126.561600,163.764618,0.000000,1,0,0,0,0,11,NOW()),
  (2142751175,730001004,4183621696,177.661148,172.590714,0.000000,1,0,0,0,0,11,NOW()),
  (2142751176,730001004,4183687170,15.705276,35.956253,0.000000,1,0,0,0,0,11,NOW()),
  (2142751177,730001004,4183687185,58.003227,12.411695,0.000000,1,0,0,0,0,11,NOW()),
  (2142751178,730001004,4183687209,122.292839,23.154335,0.000000,1,0,0,0,0,11,NOW()),
  (2142751179,730001004,4183687225,176.524200,23.442785,0.000000,1,0,0,0,0,11,NOW()),
  (2142751180,730001004,4183687180,35.918015,74.605476,0.000000,1,0,0,0,0,11,NOW()),
  (2142751181,730001004,4183687187,63.037144,69.485023,0.000000,1,0,0,0,0,11,NOW()),
  (2142751182,730001004,4183687228,169.592560,75.729118,0.000000,1,0,0,0,0,11,NOW()),
  (2142751183,730001004,4183687190,59.828697,122.567062,0.000000,1,0,0,0,0,11,NOW()),
  (2142751184,730001004,4183687205,116.397141,118.901543,0.000000,1,0,0,0,0,11,NOW()),
  (2142751185,730001004,4183687230,177.916000,133.088257,0.000000,1,0,0,0,0,11,NOW()),
  (2142751186,730001004,4183687184,36.521133,178.581512,0.000000,1,0,0,0,0,11,NOW()),
  (2142751187,730001004,4183687192,63.432152,179.304245,0.000000,1,0,0,0,0,11,NOW()),
  (2142751188,730001004,4183687207,106.873825,159.032883,0.000000,1,0,0,0,0,11,NOW()),
  (2142751189,730001004,4183687223,158.321503,167.247513,0.000000,1,0,0,0,0,11,NOW()),
  (2142751190,730001003,4183752705,15.816885,23.679249,0.000000,1,0,0,0,0,11,NOW()),
  (2142751191,730001003,4183752730,85.656334,31.448557,0.000000,1,0,0,0,0,11,NOW()),
  (2142751192,730001003,4183752737,113.795189,11.125534,0.000000,1,0,0,0,0,11,NOW()),
  (2142751193,730001003,4183752761,173.161819,11.100587,0.000000,1,0,0,0,0,11,NOW()),
  (2142751194,730001003,4183752707,12.742277,58.439201,0.000000,1,0,0,0,0,11,NOW()),
  (2142751195,730001003,4183752732,73.344254,74.658386,0.000000,1,0,0,0,0,11,NOW()),
  (2142751196,730001003,4183752740,116.123764,77.524101,0.000000,1,0,0,0,0,11,NOW()),
  (2142751197,730001003,4183752709,13.698988,106.537872,0.000000,1,0,0,0,0,11,NOW()),
  (2142751198,730001003,4183752725,68.259956,113.832825,0.000000,1,0,0,0,0,11,NOW()),
  (2142751199,730001003,4183752742,114.276688,126.236824,0.000000,1,0,0,0,0,11,NOW()),
  (2142751200,730001003,4183752757,164.211426,111.854752,0.000000,1,0,0,0,0,11,NOW()),
  (2142751201,730001003,4183752727,66.225098,162.112106,0.000000,1,0,0,0,0,11,NOW()),
  (2142751202,730001003,4183752752,122.556168,180.772232,0.000000,1,0,0,0,0,11,NOW()),
  (2142751203,730001003,4183752768,168.407471,180.008698,0.000000,1,0,0,0,0,11,NOW());
